通知人,标题,日期,详情链接,附件名,附件下载次数,附件链接
实践科,关于对2024年学院教学有关数据进行统计的通知,2024-12-30,https://jwch.fzu.edu.cn/info/1039/13836.htm,2024年学院教学有关数据统计表格.zip,176,https://jwch.fzu.edu.cn/system/_content/download.jsp?urltype=news.DownloadAttachUrl&owner=1744984858&wbfileid=15742546
教学通知,关于召开2024-2025学年秋季学期期末本科教育教学工作会议的通知,,https://jwch.fzu.edu.cn/info/1012/13848.htm,,,
综合科,关于召开2024-2025学年秋季学期期末本科教育教学工作会议的通知,,https://jwch.fzu.edu.cn/info/1035/13847.htm,,,
计划科,关于核对2024-2025学年第二学期通识教育选修课开课信息的有关通知,,https://jwch.fzu.edu.cn/info/1038/13841.htm,,,
教学运行,福州大学关于印发授予普通全日制学生学士学位工作细则的通知,2024-12-31,https://jwch.fzu.edu.cn/content.jsp?urltype=news.NewsContentUrl&wbtreeid=1036&wbnewsid=13842,,,
教材中心,关于开展2025年拟出版本科教材审核工作的通知,2024-12-31,https://jwch.fzu.edu.cn/content.jsp?urltype=news.NewsContentUrl&wbtreeid=1042&wbnewsid=13840,附件4：福州大学本科教材校外编写人员政治审查表.docx,11,https://jwch.fzu.edu.cn/system/_content/download.jsp?urltype=news.DownloadAttachUrl&owner=1744984858&wbfileid=15742686
教材中心,关于开展2025年拟出版本科教材审核工作的通知,2024-12-31,https://jwch.fzu.edu.cn/content.jsp?urltype=news.NewsContentUrl&wbtreeid=1042&wbnewsid=13840,附件3：福州大学本科教材编写人员政治审查表.docx,8,https://jwch.fzu.edu.cn/system/_content/download.jsp?urltype=news.DownloadAttachUrl&owner=1744984858&wbfileid=15742685
教材中心,关于开展2025年拟出版本科教材审核工作的通知,2024-12-31,https://jwch.fzu.edu.cn/content.jsp?urltype=news.NewsContentUrl&wbtreeid=1042&wbnewsid=13840,附件1：福州大学教材管理实施细则.pdf,6,https://jwch.fzu.edu.cn/system/_content/download.jsp?urltype=news.DownloadAttachUrl&owner=1744984858&wbfileid=15742681
教材中心,关于开展2025年拟出版本科教材审核工作的通知,2024-12-31,https://jwch.fzu.edu.cn/content.jsp?urltype=news.NewsContentUrl&wbtreeid=1042&wbnewsid=13840,附件2：福州大学本科教材编写人员汇总表.docx,9,https://jwch.fzu.edu.cn/system/_content/download.jsp?urltype=news.DownloadAttachUrl&owner=1744984858&wbfileid=15742682
教材中心,关于开展2025年拟出版本科教材审核工作的通知,2024-12-31,https://jwch.fzu.edu.cn/content.jsp?urltype=news.NewsContentUrl&wbtreeid=1042&wbnewsid=13840,附件5：福州大学本科教材编写审核表.docx,6,https://jwch.fzu.edu.cn/system/_content/download.jsp?urltype=news.DownloadAttachUrl&owner=1744984858&wbfileid=15742683
实践科,关于举办福州大学第十一届桥梁设计大赛的通知,2024-12-30,https://jwch.fzu.edu.cn/info/1039/13834.htm,附件2：福州大学第十一届桥梁设计大赛报名表.doc,27,https://jwch.fzu.edu.cn/system/_content/download.jsp?urltype=news.DownloadAttachUrl&owner=1744984858&wbfileid=15742381
实践科,关于举办福州大学第十一届桥梁设计大赛的通知,2024-12-30,https://jwch.fzu.edu.cn/info/1039/13834.htm,附件3：福州大学第十一届桥梁设计大赛-竞赛细则.doc,40,https://jwch.fzu.edu.cn/system/_content/download.jsp?urltype=news.DownloadAttachUrl&owner=1744984858&wbfileid=15742380
教学运行,关于2024-2025学年第一学期《大学物理A（下）》和《大学物理B（下）》课程期末考试安排的通知,2024-12-29,https://jwch.fzu.edu.cn/info/1036/13833.htm,2401大学物理A下、B下期末考-1.17上午.xlsx,60,https://jwch.fzu.edu.cn/system/_content/download.jsp?urltype=news.DownloadAttachUrl&owner=1744984858&wbfileid=15742324
教学运行,关于2024-2025学年第一学期《高等数学A（上）》、《高等数学B（上）》、《高等数学C（上）》和《高等数学D》课程期末考试安排的通知,2024-12-29,https://jwch.fzu.edu.cn/info/1036/13831.htm,2401高等数学C上、D期末考-1.16下午.xlsx,82,https://jwch.fzu.edu.cn/system/_content/download.jsp?urltype=news.DownloadAttachUrl&owner=1744984858&wbfileid=15742323
教学运行,关于2024-2025学年第一学期《高等数学A（上）》、《高等数学B（上）》、《高等数学C（上）》和《高等数学D》课程期末考试安排的通知,2024-12-29,https://jwch.fzu.edu.cn/info/1036/13831.htm,2401高等数学A上、B上期末考-1.16上午.xlsx,164,https://jwch.fzu.edu.cn/system/_content/download.jsp?urltype=news.DownloadAttachUrl&owner=1744984858&wbfileid=15742322
教学运行,关于做好期末复习考试及下学期开学等工作的通知,2024-12-27,https://jwch.fzu.edu.cn/info/1036/13820.htm,,,
教材中心,关于开展本科教材工作自查的通知,2024-12-25,https://jwch.fzu.edu.cn/content.jsp?urltype=news.NewsContentUrl&wbtreeid=1042&wbnewsid=13819,附件1：福州大学本科教材工作自查表.docx,116,https://jwch.fzu.edu.cn/system/_content/download.jsp?urltype=news.DownloadAttachUrl&owner=1744984858&wbfileid=15647312
教材中心,关于开展本科教材工作自查的通知,2024-12-25,https://jwch.fzu.edu.cn/content.jsp?urltype=news.NewsContentUrl&wbtreeid=1042&wbnewsid=13819,附件2：福州大学本校教师自编教材情况汇总表.xlsx,92,https://jwch.fzu.edu.cn/system/_content/download.jsp?urltype=news.DownloadAttachUrl&owner=1744984858&wbfileid=15647375
教材中心,关于开展本科教材工作自查的通知,2024-12-25,https://jwch.fzu.edu.cn/content.jsp?urltype=news.NewsContentUrl&wbtreeid=1042&wbnewsid=13819,附件3：福州大学本科教材编写人员审核表.docx,76,https://jwch.fzu.edu.cn/system/_content/download.jsp?urltype=news.DownloadAttachUrl&owner=1744984858&wbfileid=15647311
教材中心,关于开展本科教材工作自查的通知,2024-12-25,https://jwch.fzu.edu.cn/content.jsp?urltype=news.NewsContentUrl&wbtreeid=1042&wbnewsid=13819,附件4：福州大学本科教材编写审核表.docx,73,https://jwch.fzu.edu.cn/system/_content/download.jsp?urltype=news.DownloadAttachUrl&owner=1744984858&wbfileid=15647314
教材中心,关于开展本科教材工作自查的通知,2024-12-25,https://jwch.fzu.edu.cn/content.jsp?urltype=news.NewsContentUrl&wbtreeid=1042&wbnewsid=13819,附件5：《普通高等学校教材管理办法》等文件.rar,62,https://jwch.fzu.edu.cn/system/_content/download.jsp?urltype=news.DownloadAttachUrl&owner=1744984858&wbfileid=15647315
教学运行,关于2024-2025学年第一学期《工程制图C（上）》、《工程制图D》和《工程制图F》课程期末考试安排的通知,2024-12-25,https://jwch.fzu.edu.cn/info/1036/13815.htm,2401制图C（上）、D、F期末考-1.13下午.xlsx,108,https://jwch.fzu.edu.cn/system/_content/download.jsp?urltype=news.DownloadAttachUrl&owner=1744984858&wbfileid=15647296
教学运行,关于2024-2025学年第一学期《大学英语（二）》课程期末考试安排的通知,2024-12-25,https://jwch.fzu.edu.cn/info/1036/13814.htm,2401英语二期末考-1.11上、下午.xlsx,207,https://jwch.fzu.edu.cn/system/_content/download.jsp?urltype=news.DownloadAttachUrl&owner=1744984858&wbfileid=15647283
教学运行,关于2024-2025学年第一学期《大学英语（一）》和《大学英语（三）》课程期末考试安排的通知,2024-12-25,https://jwch.fzu.edu.cn/info/1036/13813.htm,2401英语一、三期末考-1.10.xlsx,118,https://jwch.fzu.edu.cn/system/_content/download.jsp?urltype=news.DownloadAttachUrl&owner=1744984858&wbfileid=15647279
教学运行,关于2025年元旦放假课程调整的通知,2024-12-25,https://jwch.fzu.edu.cn/info/1036/13812.htm,,,
质量办,关于举办福州大学第六十三场“教学有道”研讨活动的通知,2024-12-24,https://jwch.fzu.edu.cn/info/1040/13810.htm,,,
实践科,关于公布2024年福州大学大学生工程实践与创新能力大赛获奖名单的通知,2024-12-24,https://jwch.fzu.edu.cn/info/1039/13808.htm,,,
教学运行,关于2024-2025学年第一学期《思想道德与法治》课程期末考试安排的通知,2024-12-24,https://jwch.fzu.edu.cn/info/1036/13806.htm,2401思法随堂考.xlsx,262,https://jwch.fzu.edu.cn/system/_content/download.jsp?urltype=news.DownloadAttachUrl&owner=1744984858&wbfileid=15646936
教学运行,关于2024-2025学年第一学期《线性代数》和《线性代数与解析几何》课程期末考试安排的通知,2024-12-24,https://jwch.fzu.edu.cn/info/1036/13805.htm,2401线性代数、线性代数与解析几何期末考-1.5上午.xlsx,165,https://jwch.fzu.edu.cn/system/_content/download.jsp?urltype=news.DownloadAttachUrl&owner=1744984858&wbfileid=15646935
教学运行,关于2024-2025学年第二学期本科生学期选课的通知,2024-12-23,https://jwch.fzu.edu.cn/info/1036/13804.htm,,,
质量办,关于制定学院本科教学督导工作管理实施办法的通知,2024-12-18,https://jwch.fzu.edu.cn/../info/1040/13801.htm,附件1：福大教评24-3-福州大学关于印发本科教学督导工作管理实施办法的通知.pdf,111,https://jwch.fzu.edu.cn/system/_content/download.jsp?urltype=news.DownloadAttachUrl&owner=1744984858&wbfileid=15646301
质量办,关于制定学院本科教学督导工作管理实施办法的通知,2024-12-18,https://jwch.fzu.edu.cn/../info/1040/13801.htm,附件2：学院本科教学督导组名单.docx,86,https://jwch.fzu.edu.cn/system/_content/download.jsp?urltype=news.DownloadAttachUrl&owner=1744984858&wbfileid=15646302
质量办,关于上报学院本科教育教学质量保障2024年工作总结和2025年工作计划的通知,2024-12-18,https://jwch.fzu.edu.cn/../info/1040/13797.htm,,,
教学运行,关于2024-2025学年第一学期《中国近现代史纲要》课程期末考试安排的通知,2024-12-17,https://jwch.fzu.edu.cn/../info/1036/13796.htm,2401史纲随堂考.xlsx,242,https://jwch.fzu.edu.cn/system/_content/download.jsp?urltype=news.DownloadAttachUrl&owner=1744984858&wbfileid=15645108
教学运行,关于2024-2025学年第一学期《大学英语（四）》课程期末考试安排的通知,2024-12-17,https://jwch.fzu.edu.cn/../info/1036/13795.htm,2401英语四期末考-12.29上午.xlsx,264,https://jwch.fzu.edu.cn/system/_content/download.jsp?urltype=news.DownloadAttachUrl&owner=1744984858&wbfileid=15645107
教学运行,关于2024-2025学年第一学期计算机语言类课程期末考试安排的通知,2024-12-13,https://jwch.fzu.edu.cn/../info/1036/13792.htm,2401计算机语言课程期末考-12.28上午.xlsx,284,https://jwch.fzu.edu.cn/system/_content/download.jsp?urltype=news.DownloadAttachUrl&owner=1744984858&wbfileid=15643339
教材中心,关于公布福州大学2024年本科数字教材建设立项项目的通知,2024-12-12,https://jwch.fzu.edu.cn/../info/1042/13837.htm,福州大学2024年本科数字教材建设立项项目名单.xls,13,https://jwch.fzu.edu.cn/system/_content/download.jsp?urltype=news.DownloadAttachUrl&owner=1744984858&wbfileid=15742619
实践科,关于做好2025届本科生毕业设计（论文）工作的通知,2024-12-12,https://jwch.fzu.edu.cn/../info/1039/13791.htm,附件：2025届福州大学本科生毕业设计（论文）有关表格.zip,751,https://jwch.fzu.edu.cn/system/_content/download.jsp?urltype=news.DownloadAttachUrl&owner=1744984858&wbfileid=15643247
综合科,关于评选2024年优秀教学管理人员的通知,2024-12-12,https://jwch.fzu.edu.cn/../info/1035/13790.htm,附件2-福州大学2024年优秀教学管理人员申报表.doc,103,https://jwch.fzu.edu.cn/system/_content/download.jsp?urltype=news.DownloadAttachUrl&owner=1744984858&wbfileid=15643196
综合科,关于评选2024年优秀教学管理人员的通知,2024-12-12,https://jwch.fzu.edu.cn/../info/1035/13790.htm,附件1-福大政21-47福州大学关于印发优秀教学管理人员评选办法的通知.pdf,90,https://jwch.fzu.edu.cn/system/_content/download.jsp?urltype=news.DownloadAttachUrl&owner=1744984858&wbfileid=15643197
实践科,关于做好2024年省级以上大学生创新训练计划项目和第三十期本科生科研训练计划项目中期检查工作的通知,2024-12-09,https://jwch.fzu.edu.cn/../info/1039/13784.htm,附件.zip,1496,https://jwch.fzu.edu.cn/system/_content/download.jsp?urltype=news.DownloadAttachUrl&owner=1744984858&wbfileid=15642560
质量办,关于举办福州大学第六十二场“教学有道” 研讨活动的通知,2024-12-05,https://jwch.fzu.edu.cn/../info/1040/13783.htm,,,
教学运行,关于2024-2025学年第一学期《概率论与数理统计》课程期末考试安排的通知,2024-12-04,https://jwch.fzu.edu.cn/../info/1036/13780.htm,2401概率期末考-12.15下午.xlsx,257,https://jwch.fzu.edu.cn/system/_content/download.jsp?urltype=news.DownloadAttachUrl&owner=1744984858&wbfileid=15640022
教学运行,关于2024-2025学年第一学期《马克思主义基本原理》和《毛泽东思想和中国特色社会主义理论体系概论》课程期末考试安排的通知,2024-12-03,https://jwch.fzu.edu.cn/../info/1036/13779.htm,2401马原随堂考.xlsx,213,https://jwch.fzu.edu.cn/system/_content/download.jsp?urltype=news.DownloadAttachUrl&owner=1744984858&wbfileid=15639802
教学运行,关于2024-2025学年第一学期《马克思主义基本原理》和《毛泽东思想和中国特色社会主义理论体系概论》课程期末考试安排的通知,2024-12-03,https://jwch.fzu.edu.cn/../info/1036/13779.htm,2401毛概随堂考.xlsx,222,https://jwch.fzu.edu.cn/system/_content/download.jsp?urltype=news.DownloadAttachUrl&owner=1744984858&wbfileid=15639803
实践科,关于举办第十五届全国大学生电子商务“三创赛”福州大学校赛的通知,2024-12-02,https://jwch.fzu.edu.cn/../info/1039/13778.htm,附件：“三创赛”福州大学校赛附件.zip,220,https://jwch.fzu.edu.cn/system/_content/download.jsp?urltype=news.DownloadAttachUrl&owner=1744984858&wbfileid=15639505
计划科,关于2024-2025学年第二学期修读辅修专业学生名单的公示,2024-12-02,https://jwch.fzu.edu.cn/../info/1038/13777.htm,,,
实践科,关于组织参加2025年美国大学生数学建模竞赛（MCM/ICM）通知,2024-11-29,https://jwch.fzu.edu.cn/../info/1039/13773.htm,,,
实践科,关于组织申报2024年高校双碳实践育人案例的通知,2024-11-28,https://jwch.fzu.edu.cn/../info/1039/13772.htm,附件：中国高等教育学会碳中和与清洁能源教育专业委员会关于开展 2024 年高校双碳实践育人案例征集的通知.pdf,257,https://jwch.fzu.edu.cn/system/_content/download.jsp?urltype=news.DownloadAttachUrl&owner=1744984858&wbfileid=15637409
质量办,关于举办福州大学第六十一场“教学有道” 研讨活动的通知,2024-11-26,https://jwch.fzu.edu.cn/../info/1040/13769.htm,,,
质量办,关于举办福州大学第六十场“教学有道”研讨活动的通知,2024-11-25,https://jwch.fzu.edu.cn/../info/1040/13768.htm,,,
教学运行,关于2024-2025学年第一学期《工程制图E》课程期末考试安排的通知,2024-11-22,https://jwch.fzu.edu.cn/../info/1036/13766.htm,2401制图E期末考-12.8上午.xlsx,243,https://jwch.fzu.edu.cn/system/_content/download.jsp?urltype=news.DownloadAttachUrl&owner=1744984858&wbfileid=15635768
教学运行,关于2024-2025学年第一学期《高等数学A（下）》课程期末考试安排的通知,2024-11-22,https://jwch.fzu.edu.cn/../info/1036/13765.htm,2401高等数学A下期末考-12.1上午.xlsx,280,https://jwch.fzu.edu.cn/system/_content/download.jsp?urltype=news.DownloadAttachUrl&owner=1744984858&wbfileid=15635767
教材中心,关于开展2024年本科数字教材建设立项工作的通知,2024-11-21,https://jwch.fzu.edu.cn/../info/1042/13763.htm,附件1.福州大学本科数字教材建设立项申报表.docx,216,https://jwch.fzu.edu.cn/system/_content/download.jsp?urltype=news.DownloadAttachUrl&owner=1744984858&wbfileid=15573426
教材中心,关于开展2024年本科数字教材建设立项工作的通知,2024-11-21,https://jwch.fzu.edu.cn/../info/1042/13763.htm,附件2.福州大学本科数字教材建设立项申报汇总表.xls,162,https://jwch.fzu.edu.cn/system/_content/download.jsp?urltype=news.DownloadAttachUrl&owner=1744984858&wbfileid=15573427
教材中心,关于开展2024年本科数字教材建设立项工作的通知,2024-11-21,https://jwch.fzu.edu.cn/../info/1042/13763.htm,附件3.福州大学本科教材编写人员政治审查表.docx,180,https://jwch.fzu.edu.cn/system/_content/download.jsp?urltype=news.DownloadAttachUrl&owner=1744984858&wbfileid=15573428
实践科,关于公布第十六届蓝桥杯全国软件和信息技术专业人才大赛福州大学选拔赛获省赛参赛资格名单的通知,2024-11-19,https://jwch.fzu.edu.cn/../info/1039/13761.htm,附件1：获省赛参赛资格名单.docx,1650,https://jwch.fzu.edu.cn/system/_content/download.jsp?urltype=news.DownloadAttachUrl&owner=1744984858&wbfileid=15572980
教材中心,关于做好2024-2025学年第二学期教材选用与征订工作的通知,2024-11-15,https://jwch.fzu.edu.cn/../info/1042/13760.htm,附件1：已出版马克思主义理论研究和建设工程重点教材目录（截至2024年08月，共计117种）.xlsx,177,https://jwch.fzu.edu.cn/system/_content/download.jsp?urltype=news.DownloadAttachUrl&owner=1744984858&wbfileid=15571692
教材中心,关于做好2024-2025学年第二学期教材选用与征订工作的通知,2024-11-15,https://jwch.fzu.edu.cn/../info/1042/13760.htm,附件2：全国大中专教学用书目录(2025春)(1).xlsx,187,https://jwch.fzu.edu.cn/system/_content/download.jsp?urltype=news.DownloadAttachUrl&owner=1744984858&wbfileid=15571693
综合科,关于2024-2025学年第一学期再次开放本科生学生证补办及火车票优惠区间更改的通知,2024-11-15,https://jwch.fzu.edu.cn/../info/1035/13759.htm,,,
质量办,关于举办福州大学第五十九场“教学有道” 研讨活动的通知,2024-11-14,https://jwch.fzu.edu.cn/../info/1040/13758.htm,,,
实践科,关于公布2024年福州大学第十八届本科生数学建模竞赛获奖名单的通知,2024-11-13,https://jwch.fzu.edu.cn/../info/1039/13754.htm,附件1：2024年福州大学第十八届本科生数学建模竞赛获奖名单.xlsx,2022,https://jwch.fzu.edu.cn/system/_content/download.jsp?urltype=news.DownloadAttachUrl&owner=1744984858&wbfileid=15571132
教学运行,关于2024-2025学年第一学期《习近平新时代中国特色社会主义思想概论》课程期末考试安排的通知,2024-11-12,https://jwch.fzu.edu.cn/../info/1036/13752.htm,2401习概随堂考.xlsx,353,https://jwch.fzu.edu.cn/system/_content/download.jsp?urltype=news.DownloadAttachUrl&owner=1744984858&wbfileid=15565434
计划科,关于组织申报2024-2025学年第二学期通识教育选修课的通知,2024-11-11,https://jwch.fzu.edu.cn/../info/1038/13750.htm,,,
教材中心,关于举办福州大学第五十八场“教学有道”研讨活动暨数字教材建设专题研讨会的通知,2024-11-11,https://jwch.fzu.edu.cn/../info/1042/13749.htm,,,
教学运行,关于公布2024学年各学院转专业实施细则的通知,2024-11-08,https://jwch.fzu.edu.cn/../info/1036/13748.htm,2024各学院转专业细则.pdf,4158,https://jwch.fzu.edu.cn/system/_content/download.jsp?urltype=news.DownloadAttachUrl&owner=1744984858&wbfileid=14924468
教学运行,关于2024-2025学年第一学期《线性代数》和《线性代数与解析几何》课程半期考试安排的通知,2024-11-07,https://jwch.fzu.edu.cn/../info/1036/13746.htm,2401线性代数、线性代数与解析几何半期考11.24上午.xlsx,368,https://jwch.fzu.edu.cn/system/_content/download.jsp?urltype=news.DownloadAttachUrl&owner=1744984858&wbfileid=14923476
教研教改,关于开展2024年度教育部产学合作协同育人项目结题验收工作的通知,2024-11-05,https://jwch.fzu.edu.cn/../info/1037/13743.htm,,,
计划科,关于2024-2025学年第一学期在校学生申请辅修专业的通知,2024-11-01,https://jwch.fzu.edu.cn/../info/1038/13741.htm,,,
教学运行,关于2024-2025学年第一学期《高等数学A（上）》、《高等数学B（上）》、《高等数学C（上）》、《高等数学D》课程半期考试安排的通知,2024-10-29,https://jwch.fzu.edu.cn/../info/1036/13739.htm,2401高等数学A（上）、B（上）、C（上）、D半期考11.17上午.xlsx,1497,https://jwch.fzu.edu.cn/system/_content/download.jsp?urltype=news.DownloadAttachUrl&owner=1744984858&wbfileid=14920804
质量办,关于期中党政领导集中听课的通知,2024-10-28,https://jwch.fzu.edu.cn/../info/1040/13738.htm,附件1：福州大学课堂教学质量评估表.doc,139,https://jwch.fzu.edu.cn/system/_content/download.jsp?urltype=news.DownloadAttachUrl&owner=1744984858&wbfileid=14920325
质量办,关于期中党政领导集中听课的通知,2024-10-28,https://jwch.fzu.edu.cn/../info/1040/13738.htm,附件2：福州大学课堂教学质量评估表（思政课）.docx,128,https://jwch.fzu.edu.cn/system/_content/download.jsp?urltype=news.DownloadAttachUrl&owner=1744984858&wbfileid=14920326
质量办,关于期中党政领导集中听课的通知,2024-10-28,https://jwch.fzu.edu.cn/../info/1040/13738.htm,附件3：第10-11周课表.xlsx,171,https://jwch.fzu.edu.cn/system/_content/download.jsp?urltype=news.DownloadAttachUrl&owner=1744984858&wbfileid=14920327
质量办,关于期中党政领导集中听课的通知,2024-10-28,https://jwch.fzu.edu.cn/../info/1040/13738.htm,附件4：福州大学党政领导听课管理实施办法（福大教〔2022〕27号）.doc,115,https://jwch.fzu.edu.cn/system/_content/download.jsp?urltype=news.DownloadAttachUrl&owner=1744984858&wbfileid=14920328
教学运行,关于做好2024学年本科生转专业工作的通知,2024-10-23,https://jwch.fzu.edu.cn/../info/1036/13733.htm,,,
教材中心,关于进一步加强马克思主义理论研究和建设工程重点教材选用工作的通知,2024-10-21,https://jwch.fzu.edu.cn/../content.jsp?urltype=news.NewsContentUrl&wbtreeid=1042&wbnewsid=13729,附件1：已出版马克思主义理论研究和建设工程重点教材目录（截至2024年05月）.xlsx,50,https://jwch.fzu.edu.cn/system/_content/download.jsp?urltype=news.DownloadAttachUrl&owner=1744984858&wbfileid=14918680
质量办,关于举办2024年教师教学创新大赛培训会暨第五十七场“教学有道”研讨活动的通知,2024-10-21,https://jwch.fzu.edu.cn/../info/1040/13728.htm,,,
教学运行,关于做好2025届预计毕业生电子注册图像采集工作的通知,2024-10-21,https://jwch.fzu.edu.cn/../info/1036/13727.htm,附件3：获得图像采集码途径.pdf,777,https://jwch.fzu.edu.cn/system/_content/download.jsp?urltype=news.DownloadAttachUrl&owner=1744984858&wbfileid=14918535
教学运行,关于做好2025届预计毕业生电子注册图像采集工作的通知,2024-10-21,https://jwch.fzu.edu.cn/../info/1036/13727.htm,附件2：各学院分班拍照顺序.pdf,737,https://jwch.fzu.edu.cn/system/_content/download.jsp?urltype=news.DownloadAttachUrl&owner=1744984858&wbfileid=14918534
教学运行,关于做好2025届预计毕业生电子注册图像采集工作的通知,2024-10-21,https://jwch.fzu.edu.cn/../info/1036/13727.htm,附件1：拍照地点示意图.pdf,518,https://jwch.fzu.edu.cn/system/_content/download.jsp?urltype=news.DownloadAttachUrl&owner=1744984858&wbfileid=14918533
教学运行,关于2024-2025学年第一学期《大学物理A（下）》、《大学物理B（下）》课程半期考试安排的通知,2024-10-18,https://jwch.fzu.edu.cn/../info/1036/13725.htm,2401大物A（下）、B（下）半期考11.2上午.xlsx,441,https://jwch.fzu.edu.cn/system/_content/download.jsp?urltype=news.DownloadAttachUrl&owner=1744984858&wbfileid=14918114
质量办,关于2024年新上岗教师教学达标培训班教师配备导师的通知,2024-10-16,https://jwch.fzu.edu.cn/../info/1040/13723.htm,附件：2024年福州大学新上岗教师达标培训班名单（配导师）.xlsx,542,https://jwch.fzu.edu.cn/system/_content/download.jsp?urltype=news.DownloadAttachUrl&owner=1744984858&wbfileid=14917430
质量办,诚邀2019届毕业生参与培养目标达成和职业发展问卷调研,2024-10-15,https://jwch.fzu.edu.cn/../info/1040/13721.htm,,,
实践科,关于举办第十六届蓝桥杯全国软件和信息技术专业人才大赛福州大学选拔赛的通知,2024-10-15,https://jwch.fzu.edu.cn/../info/1039/13720.htm,,,
质量办,关于举办福州大学第五十六场“教学有道”研讨活动的通知,2024-10-15,https://jwch.fzu.edu.cn/../info/1040/13719.htm,,,
计划科,关于全校性通识教育选修课《爱课程：管理沟通》学习的重要提示,2024-10-14,https://jwch.fzu.edu.cn/../info/1038/13717.htm,,,
教学运行,关于2024-2025学年第一学期《概率论与数理统计》课程半期考试安排的通知,2024-10-12,https://jwch.fzu.edu.cn/../info/1036/13716.htm,2401概率论半期考10.27下午.xlsx,283,https://jwch.fzu.edu.cn/system/_content/download.jsp?urltype=news.DownloadAttachUrl&owner=1744984858&wbfileid=14914281
教学运行,关于填报课程学生出勤率信息的通知,2024-10-11,https://jwch.fzu.edu.cn/../info/1036/13715.htm,,,
教学运行,关于2024-2025学年第一学期《高等数学A（下）》课程半期考试安排的通知,2024-09-30,https://jwch.fzu.edu.cn/../info/1036/13705.htm,2401高等数学A（下）半期考10.13上午.xlsx,391,https://jwch.fzu.edu.cn/system/_content/download.jsp?urltype=news.DownloadAttachUrl&owner=1744984858&wbfileid=14911585
实践科,关于2024年高校教学基本状态数据库教学相关数据报送的通知,2024-09-29,https://jwch.fzu.edu.cn/../info/1039/13704.htm,2024年本科教学相关数据报送表格.zip,383,https://jwch.fzu.edu.cn/system/_content/download.jsp?urltype=news.DownloadAttachUrl&owner=1744984858&wbfileid=14911306
质量办,关于开展福州大学2024年教师教学创新大赛的通知,2024-09-29,https://jwch.fzu.edu.cn/../info/1040/13703.htm,附件.rar,311,https://jwch.fzu.edu.cn/system/_content/download.jsp?urltype=news.DownloadAttachUrl&owner=1744984858&wbfileid=14911304
教学运行,关于组织2024级新生开展学籍信息自查工作的通知,2024-09-27,https://jwch.fzu.edu.cn/../info/1036/13701.htm,,,
实践科,关于举办2024年福州大学大学生工程实践与创新能力大赛暨2024年福建省大学生工程实践与创新能力大赛福州大学分区赛的通知,2024-09-27,https://jwch.fzu.edu.cn/../info/1039/13700.htm,附件1：组委会成员名单.docx,480,https://jwch.fzu.edu.cn/system/_content/download.jsp?urltype=news.DownloadAttachUrl&owner=1744984858&wbfileid=14910724
实践科,关于举办2024年福州大学大学生工程实践与创新能力大赛暨2024年福建省大学生工程实践与创新能力大赛福州大学分区赛的通知,2024-09-27,https://jwch.fzu.edu.cn/../info/1039/13700.htm,附件2：报名表.docx,547,https://jwch.fzu.edu.cn/system/_content/download.jsp?urltype=news.DownloadAttachUrl&owner=1744984858&wbfileid=14910719
实践科,关于举办2024年福州大学大学生工程实践与创新能力大赛暨2024年福建省大学生工程实践与创新能力大赛福州大学分区赛的通知,2024-09-27,https://jwch.fzu.edu.cn/../info/1039/13700.htm,附件3：命题与运行.docx,1012,https://jwch.fzu.edu.cn/system/_content/download.jsp?urltype=news.DownloadAttachUrl&owner=1744984858&wbfileid=14910725
教材中心,关于举办福州大学第五十五场“教学有道”研讨活动的通知,2024-09-25,https://jwch.fzu.edu.cn/../info/1042/13697.htm,,,
教学运行,关于2024年国庆节放假课程调整的通知,2024-09-24,https://jwch.fzu.edu.cn/../info/1036/13696.htm,,,
计划科,关于通识教育选修课《国际化拔尖创新人才科研训练》宣讲会及选课的通知,2024-09-23,https://jwch.fzu.edu.cn/../info/1038/13695.htm,2024年秋季国际化拔尖创新人才科研训练具体课程清单.xlsx,780,https://jwch.fzu.edu.cn/system/_content/download.jsp?urltype=news.DownloadAttachUrl&owner=1744984858&wbfileid=14909706
计划科,关于组织2024级学生参加《大学生国家安全教育》课程学习的通知,2024-09-23,https://jwch.fzu.edu.cn/../info/1038/13693.htm,超星尔雅使用手册（学生版）.pdf,4433,https://jwch.fzu.edu.cn/system/_content/download.jsp?urltype=news.DownloadAttachUrl&owner=1744984858&wbfileid=14909664
计划科,关于公布《大学生国家安全教育》课程实施方案的通知,2024-09-23,https://jwch.fzu.edu.cn/../info/1038/13692.htm,,,
质量办,关于开展思政课教学专项检查的通知,2024-09-20,https://jwch.fzu.edu.cn/../info/1040/13689.htm,,,
教学运行,关于2024-2025学年第一学期2024级体育理论教室安排的通知,2024-09-20,https://jwch.fzu.edu.cn/../info/1036/13688.htm,,,
质量办,福州大学关于成立思政课教学指导组的通知,2024-09-20,https://jwch.fzu.edu.cn/../info/1040/13687.htm,,,
教学运行,关于做好2024-2025学年第二学期排课准备工作的通知,2024-09-19,https://jwch.fzu.edu.cn/../info/1036/13686.htm,,,
质量办,关于举办福州大学第五十四场“教学有道”研讨活动的通知,2024-09-14,https://jwch.fzu.edu.cn/../info/1040/13683.htm,,,
质量办,关于每学期开展常态化课程考核教学档案检查的通知,2024-09-14,https://jwch.fzu.edu.cn/../info/1040/13682.htm,附件1：福州大学本科课程考核教学档案检查要点.docx,277,https://jwch.fzu.edu.cn/system/_content/download.jsp?urltype=news.DownloadAttachUrl&owner=1744984858&wbfileid=14908056
质量办,关于每学期开展常态化课程考核教学档案检查的通知,2024-09-14,https://jwch.fzu.edu.cn/../info/1040/13682.htm,附件2：福州大学本科课程考核教学档案检查评价与整改情况反馈表.docx,231,https://jwch.fzu.edu.cn/system/_content/download.jsp?urltype=news.DownloadAttachUrl&owner=1744984858&wbfileid=14908057
计划科,关于2024-2025学年第一学期爱课程平台参加通识教育选修课学习的重要提示,2024-09-13,https://jwch.fzu.edu.cn/../info/1038/13681.htm,,,
教材中心,关于申请试用高等教育出版社“云创”数字教材创作编写平台的通知,2024-09-13,https://jwch.fzu.edu.cn/../content.jsp?urltype=news.NewsContentUrl&wbtreeid=1042&wbnewsid=13680,数字平台介绍-7.pdf,136,https://jwch.fzu.edu.cn/system/_content/download.jsp?urltype=news.DownloadAttachUrl&owner=1744984858&wbfileid=14907708
教材中心,关于申请试用高等教育出版社“云创”数字教材创作编写平台的通知,2024-09-13,https://jwch.fzu.edu.cn/../content.jsp?urltype=news.NewsContentUrl&wbtreeid=1042&wbnewsid=13680,校级管理员+申请创建数字教材流程（新版0612）.pdf,35,https://jwch.fzu.edu.cn/system/_content/download.jsp?urltype=news.DownloadAttachUrl&owner=1744984858&wbfileid=14907710
教材中心,关于申请试用高等教育出版社“云创”数字教材创作编写平台的通知,2024-09-13,https://jwch.fzu.edu.cn/../content.jsp?urltype=news.NewsContentUrl&wbtreeid=1042&wbnewsid=13680,高教社云创使用手册.pdf,173,https://jwch.fzu.edu.cn/system/_content/download.jsp?urltype=news.DownloadAttachUrl&owner=1744984858&wbfileid=14907709
实践科,关于公布第二十八、二十九期本科生科研训练计划项目结题成绩的通知,2024-09-11,https://jwch.fzu.edu.cn/../info/1039/13677.htm,附件2：福州大学第二十九期本科生科研训练计划项目结题成绩汇总表.doc,1383,https://jwch.fzu.edu.cn/system/_content/download.jsp?urltype=news.DownloadAttachUrl&owner=1744984858&wbfileid=14907355
实践科,关于公布第二十八、二十九期本科生科研训练计划项目结题成绩的通知,2024-09-11,https://jwch.fzu.edu.cn/../info/1039/13677.htm,附件1：福州大学第二十八期本科生科研训练计划项目结题成绩汇总表.xls,1012,https://jwch.fzu.edu.cn/system/_content/download.jsp?urltype=news.DownloadAttachUrl&owner=1744984858&wbfileid=14907034
实践科,关于公布省级以上大学生创新创业训练计划项目结题成绩的通知,2024-09-11,https://jwch.fzu.edu.cn/../info/1039/13676.htm,附件1：福州大学2022年国家、省级大学生创新创业训练计划项目结题成绩汇总表.xls,860,https://jwch.fzu.edu.cn/system/_content/download.jsp?urltype=news.DownloadAttachUrl&owner=1744984858&wbfileid=14907032
实践科,关于公布省级以上大学生创新创业训练计划项目结题成绩的通知,2024-09-11,https://jwch.fzu.edu.cn/../info/1039/13676.htm,附件2：福州大学2023年国家、省级大学生创新创业训练计划项目结题成绩汇总表.doc,1132,https://jwch.fzu.edu.cn/system/_content/download.jsp?urltype=news.DownloadAttachUrl&owner=1744984858&wbfileid=14907033
教学运行,关于2024年中秋节放假课程调整的通知,2024-09-11,https://jwch.fzu.edu.cn/../info/1036/13675.htm,,,
教学运行,关于2024-2025学年第一学期重新学习选课、缴费的通知,2024-09-09,https://jwch.fzu.edu.cn/../info/1036/13671.htm,,,
综合科,关于召开2024-2025学年秋季学期期初本科教育教学工作会议的通知,2024-09-06,https://jwch.fzu.edu.cn/../info/1035/13666.htm,,,
教学运行,关于2024-2025-01体育理论教室安排（2023级）的通知,2024-09-06,https://jwch.fzu.edu.cn/../info/1036/13665.htm,,,
实践科,关于做好2023-2024学年度本科毕业论文（设计）抽检工作的通知,2024-09-05,https://jwch.fzu.edu.cn/../info/1039/13662.htm,附件1：专家信息汇总表.xlsx,363,https://jwch.fzu.edu.cn/system/_content/download.jsp?urltype=news.DownloadAttachUrl&owner=1744984858&wbfileid=14904997
质量办,关于开展申请类督导听课工作的通知,2024-09-05,https://jwch.fzu.edu.cn/../info/1040/13661.htm,附件：2024年秋季学期申请类督导听课汇总表.docx,187,https://jwch.fzu.edu.cn/system/_content/download.jsp?urltype=news.DownloadAttachUrl&owner=1744984858&wbfileid=14904857
教材中心,关于2024级新生领取课程教材的通知,2024-09-04,https://jwch.fzu.edu.cn/../info/1042/13658.htm,,,
综合科,关于2024-2025学年第一学期本科生学生证和火车票优惠区间更改的通知,2024-09-04,https://jwch.fzu.edu.cn/../info/1035/13654.htm,,,
综合科,关于召开2024年宁夏大学、银川能源学院本科生赴福州大学访学见面交流会的通知,2024-09-02,https://jwch.fzu.edu.cn/../info/1035/13651.htm,,,
计划科,关于公布2024-2025学年第一学期通选课取消开课名单的通知,2024-09-02,https://jwch.fzu.edu.cn/../info/1038/13650.htm,,,
教学运行,关于做好2024年9月退役复学学生转专业的通知,2024-09-02,https://jwch.fzu.edu.cn/../info/1036/13649.htm,福州大学本科生转专业管理实施办法.doc,322,https://jwch.fzu.edu.cn/system/_content/download.jsp?urltype=news.DownloadAttachUrl&owner=1744984858&wbfileid=14903737
教学运行,关于做好2024年9月退役复学学生转专业的通知,2024-09-02,https://jwch.fzu.edu.cn/../info/1036/13649.htm,福州大学参军退伍复学后学生转专业审批表.doc,251,https://jwch.fzu.edu.cn/system/_content/download.jsp?urltype=news.DownloadAttachUrl&owner=1744984858&wbfileid=14903736
综合科,关于2024级本科生（含访学学生）学生证信息采集的通知,2024-09-02,https://jwch.fzu.edu.cn/../info/1035/13648.htm,,,
教研教改,福州大学关于开展2024级“数智实验班” 招生工作的通知,2024-08-30,https://jwch.fzu.edu.cn/../info/1037/13647.htm,附件2：福州大学2024级“数智实验班”选拔方案.docx,1373,https://jwch.fzu.edu.cn/system/_content/download.jsp?urltype=news.DownloadAttachUrl&owner=1744984858&wbfileid=14903337
教研教改,福州大学关于开展2024级“数智实验班” 招生工作的通知,2024-08-30,https://jwch.fzu.edu.cn/../info/1037/13647.htm,附件1：福州大学2024级“数智实验班”招生简章.docx,2021,https://jwch.fzu.edu.cn/system/_content/download.jsp?urltype=news.DownloadAttachUrl&owner=1744984858&wbfileid=14903339
教研教改,福州大学关于开展2024级“数智实验班” 招生工作的通知,2024-08-30,https://jwch.fzu.edu.cn/../info/1037/13647.htm,附件3：承诺书.docx,501,https://jwch.fzu.edu.cn/system/_content/download.jsp?urltype=news.DownloadAttachUrl&owner=1744984858&wbfileid=14903338
综合科,关于购买优惠火车票相关事宜的通知,2024-08-30,https://jwch.fzu.edu.cn/../info/1035/13646.htm,,,
教研教改,福州大学关于开展2024级“嘉锡化学拔尖班”招生工作的通知,2024-08-30,https://jwch.fzu.edu.cn/../info/1037/13643.htm,,,
教研教改,福州大学关于开展2024级“数理综合班”招生工作的通知,2024-08-30,https://jwch.fzu.edu.cn/../info/1037/13642.htm,附件1：福州大学2024级“数理综合班”招生简章.doc,1724,https://jwch.fzu.edu.cn/system/_content/download.jsp?urltype=news.DownloadAttachUrl&owner=1744984858&wbfileid=14903271
教研教改,福州大学关于开展2024级“数理综合班”招生工作的通知,2024-08-30,https://jwch.fzu.edu.cn/../info/1037/13642.htm,附件2：承诺书.doc,433,https://jwch.fzu.edu.cn/system/_content/download.jsp?urltype=news.DownloadAttachUrl&owner=1744984858&wbfileid=14903272
教研教改,福州大学关于开展2024级“数理金融实验班”招生工作的通知,2024-08-30,https://jwch.fzu.edu.cn/../info/1037/13641.htm,附件2：福州大学2024级“数理金融实验班”选拔方案.doc,1079,https://jwch.fzu.edu.cn/system/_content/download.jsp?urltype=news.DownloadAttachUrl&owner=1744984858&wbfileid=14903267
教研教改,福州大学关于开展2024级“数理金融实验班”招生工作的通知,2024-08-30,https://jwch.fzu.edu.cn/../info/1037/13641.htm,附件1：福州大学2024级“数理金融实验班“招生简章.doc,1111,https://jwch.fzu.edu.cn/system/_content/download.jsp?urltype=news.DownloadAttachUrl&owner=1744984858&wbfileid=14903268
教研教改,福州大学关于开展2024级“数理金融实验班”招生工作的通知,2024-08-30,https://jwch.fzu.edu.cn/../info/1037/13641.htm,附件4：承诺书.doc,292,https://jwch.fzu.edu.cn/system/_content/download.jsp?urltype=news.DownloadAttachUrl&owner=1744984858&wbfileid=14903270
教研教改,福州大学关于开展2024级“数理金融实验班”招生工作的通知,2024-08-30,https://jwch.fzu.edu.cn/../info/1037/13641.htm,附件3：2024级数理金融实验班申请表.doc,341,https://jwch.fzu.edu.cn/system/_content/download.jsp?urltype=news.DownloadAttachUrl&owner=1744984858&wbfileid=14903269
教学运行,关于2024-2025学年第一学期辅修专业补退选、缴费的通知,2024-08-26,https://jwch.fzu.edu.cn/../info/1036/13639.htm,,,
计划科,关于2024-2025学年第一学期港澳台侨学生思政课和军事课程退选替代的通知,2024-08-25,https://jwch.fzu.edu.cn/../info/1038/13637.htm,2024-2025学年第一学期国情课列表.docx,647,https://jwch.fzu.edu.cn/system/_content/download.jsp?urltype=news.DownloadAttachUrl&owner=1744984858&wbfileid=14901557
计划科,关于2024-2025学年第一学期港澳台侨学生思政课和军事课程退选替代的通知,2024-08-25,https://jwch.fzu.edu.cn/../info/1038/13637.htm,港澳台侨学生思政课和军事课程退选申请表.docx,491,https://jwch.fzu.edu.cn/system/_content/download.jsp?urltype=news.DownloadAttachUrl&owner=1744984858&wbfileid=14901556
计划科,关于2024-2025学年第一学期通识教育选修课选课的通知,2024-08-25,https://jwch.fzu.edu.cn/../info/1038/13636.htm,超星尔雅使用手册（学生版）.pdf,1771,https://jwch.fzu.edu.cn/system/_content/download.jsp?urltype=news.DownloadAttachUrl&owner=1744984858&wbfileid=14901547
计划科,关于2024-2025学年第一学期通识教育选修课选课的通知,2024-08-25,https://jwch.fzu.edu.cn/../info/1038/13636.htm,智慧树学生手册.pptx,871,https://jwch.fzu.edu.cn/system/_content/download.jsp?urltype=news.DownloadAttachUrl&owner=1744984858&wbfileid=14901550
计划科,关于2024-2025学年第一学期通识教育选修课选课的通知,2024-08-25,https://jwch.fzu.edu.cn/../info/1038/13636.htm,慕课堂学生操作手册.pdf,2008,https://jwch.fzu.edu.cn/system/_content/download.jsp?urltype=news.DownloadAttachUrl&owner=1744984858&wbfileid=14901548
质量办,关于开学第一周集中听课的通知,2024-08-25,https://jwch.fzu.edu.cn/../info/1040/13635.htm,附件1：福州大学课堂教学质量评估表.doc,227,https://jwch.fzu.edu.cn/system/_content/download.jsp?urltype=news.DownloadAttachUrl&owner=1744984858&wbfileid=14901500
质量办,关于开学第一周集中听课的通知,2024-08-25,https://jwch.fzu.edu.cn/../info/1040/13635.htm,附件2：高校思政课教学指导组听课评价表.doc,221,https://jwch.fzu.edu.cn/system/_content/download.jsp?urltype=news.DownloadAttachUrl&owner=1744984858&wbfileid=14901501
质量办,关于开学第一周集中听课的通知,2024-08-25,https://jwch.fzu.edu.cn/../info/1040/13635.htm,附件3：2024-2025学年第一学期第一周课表.xlsx,314,https://jwch.fzu.edu.cn/system/_content/download.jsp?urltype=news.DownloadAttachUrl&owner=1744984858&wbfileid=14901502
质量办,关于开学第一周集中听课的通知,2024-08-25,https://jwch.fzu.edu.cn/../info/1040/13635.htm,附件4：福州大学党政领导听课管理实施办法（福大教〔2022〕27号）.doc,186,https://jwch.fzu.edu.cn/system/_content/download.jsp?urltype=news.DownloadAttachUrl&owner=1744984858&wbfileid=14901506
教学运行,关于2024-2025学年第一学期学期选课补退选的通知,2024-08-25,https://jwch.fzu.edu.cn/../info/1036/13634.htm,,,
质量办,关于开展2024年工程教育认证研讨培训的通知,2024-08-02,https://jwch.fzu.edu.cn/../info/1040/13630.htm,附件1：关于组织2024年工程教育认证研讨培训的通告.docx,389,https://jwch.fzu.edu.cn/system/_content/download.jsp?urltype=news.DownloadAttachUrl&owner=1744984858&wbfileid=14898472
质量办,关于开展2024年工程教育认证研讨培训的通知,2024-08-02,https://jwch.fzu.edu.cn/../info/1040/13630.htm,附件2：2024年工程教育认证研讨培训报名回执.docx,256,https://jwch.fzu.edu.cn/system/_content/download.jsp?urltype=news.DownloadAttachUrl&owner=1744984858&wbfileid=14898473
教学运行,福州大学关于印发《福州大学本科生转专业管理实施办法》的通知,2024-08-01,https://jwch.fzu.edu.cn/../info/1036/13629.htm,,,
实践科,关于转发《关于举办2024年福建省大学生人工智能创意赛暨昇腾AI创新大赛的通知》的通知,2024-07-10,https://jwch.fzu.edu.cn/../info/1039/13628.htm,附件：关于举办2024年福建省大学生人工智能创意赛暨昇腾AI创新大赛的通知.pdf,1055,https://jwch.fzu.edu.cn/system/_content/download.jsp?urltype=news.DownloadAttachUrl&owner=1744984858&wbfileid=14895469
实践科,关于公布第十三届大学生软件设计与服务外包创新创业竞赛获奖名单的通知,2024-07-06,https://jwch.fzu.edu.cn/../info/1039/13617.htm,,,
综合科,教务处关于2024年暑假用印安排的通知,2024-07-06,https://jwch.fzu.edu.cn/../info/1035/13626.htm,,,
实践科,关于公布福州大学2024届本科生优秀毕业设计（论文）名单的通知,2024-07-06,https://jwch.fzu.edu.cn/../info/1039/13616.htm,附件：福州大学2024届优秀本科生毕业设计（论文）名单.doc,2348,https://jwch.fzu.edu.cn/system/_content/download.jsp?urltype=news.DownloadAttachUrl&owner=1744984858&wbfileid=14638795
教研教改,福州大学关于公布第八届 远志创业实验班学生名单的通知,2024-07-01,https://jwch.fzu.edu.cn/../info/1037/13602.htm,,,
教学运行,关于2024-2025学年第一学期辅修专业选课的通知,2024-07-01,https://jwch.fzu.edu.cn/../info/1036/13601.htm,,,
综合科,友情提示,2024-06-29,https://jwch.fzu.edu.cn/../info/1035/13592.htm,,,
教学运行,关于做好期末复习考试及下学期开学等工作的通知,2024-06-26,https://jwch.fzu.edu.cn/../info/1036/13585.htm,,,
实践科,关于公布2024年第二十四届数学竞赛获奖名单的通知,2024-06-26,https://jwch.fzu.edu.cn/../info/1039/13584.htm,,,
实践科,关于公布第十五届企业经营模拟沙盘对抗赛获奖名单的通知,2024-06-26,https://jwch.fzu.edu.cn/../info/1039/13583.htm,,,
教材中心,关于召开数字教材建设研讨会的通知,2024-06-25,https://jwch.fzu.edu.cn/../info/1042/13582.htm,,,
计划科,关于核对2024-2025学年第一学期通识教育选修课开课信息的有关通知,2024-06-25,https://jwch.fzu.edu.cn/../info/1038/13581.htm,,,
教研教改,关于转发福建省教育厅办公室《关于举办2024年本科高校课程思政骨干教师、研究生导师培训班的通知》的通知,2024-06-21,https://jwch.fzu.edu.cn/../info/1037/13580.htm,,,
教研教改,关于组织教师和学生参加人工智能赋能高等教育调查报告全国抽样调查问卷的通知,2024-06-21,https://jwch.fzu.edu.cn/../info/1037/13579.htm,,,
教学运行,关于2023-2024学年第二学期《大学物理A（上）》、《大学物理B（上）》、《大学物理C》课程期末考试安排的通知,2024-06-21,https://jwch.fzu.edu.cn/../info/1036/13578.htm,2302 大学物理A（上）、B（上）、C课期末考7.4.xlsx,469,https://jwch.fzu.edu.cn/system/_content/download.jsp?urltype=news.DownloadAttachUrl&owner=1744984858&wbfileid=14625019
教学运行,关于2023-2024学年第二学期《大学英语（二）》、《大学英语（四）》课程期末考试安排的通知,2024-06-20,https://jwch.fzu.edu.cn/../info/1036/13577.htm,2302 大学英语（二）、大学英语（四）课程期末考6.22上午.xlsx,391,https://jwch.fzu.edu.cn/system/_content/download.jsp?urltype=news.DownloadAttachUrl&owner=1744984858&wbfileid=14624676
教学运行,关于2023-2024学年第二学期《英语专题》课程期末考试安排的通知,2024-06-20,https://jwch.fzu.edu.cn/../info/1036/13576.htm,2302 英语专题课期末考6.29.xlsx,450,https://jwch.fzu.edu.cn/system/_content/download.jsp?urltype=news.DownloadAttachUrl&owner=1744984858&wbfileid=14624645
教学运行,关于2023-2024学年第二学期《工程制图A（下）》、《工程制图D》、《工程制图F》课程期末考试安排的通知,2024-06-19,https://jwch.fzu.edu.cn/../info/1036/13574.htm,2302 工程制图A（下）、D、F期末考6.30上午.xlsx,376,https://jwch.fzu.edu.cn/system/_content/download.jsp?urltype=news.DownloadAttachUrl&owner=1744984858&wbfileid=14624501
教学运行,关于2024-2025学年第一学期本科生学期选课的通知,2024-06-17,https://jwch.fzu.edu.cn/../info/1036/13569.htm,,,
教学运行,关于2023-2024学年第二学期《大学英语（三）》课程期末考试安排的通知,2024-06-17,https://jwch.fzu.edu.cn/../info/1036/13568.htm,2302 大学英语（三）期末考 6.23上午.xlsx,452,https://jwch.fzu.edu.cn/system/_content/download.jsp?urltype=news.DownloadAttachUrl&owner=1744984858&wbfileid=14623875
实践科,关于转发组织申报福建省高等教育学会2024年度高等教育科学研究实验室研究专项课题的通知,2024-06-14,https://jwch.fzu.edu.cn/../info/1039/13565.htm,附件1：关于组织申报福建高等教育学会2024年度高等教育科学研究实验室研究专项课题的通知（闽高会[2024]1号）.pdf,426,https://jwch.fzu.edu.cn/system/_content/download.jsp?urltype=news.DownloadAttachUrl&owner=1744984858&wbfileid=14623545
实践科,关于转发组织申报福建省高等教育学会2024年度高等教育科学研究实验室研究专项课题的通知,2024-06-14,https://jwch.fzu.edu.cn/../info/1039/13565.htm,附件2：申报材料.zip,350,https://jwch.fzu.edu.cn/system/_content/download.jsp?urltype=news.DownloadAttachUrl&owner=1744984858&wbfileid=14623544
教学运行,关于2023-2024学年第二学期《高等数学A（中）》、《高等数学B（下）》、《高等数学C（下）》课程期末考试安排的通知,2024-06-12,https://jwch.fzu.edu.cn/../info/1036/13563.htm,2302 高等数学A（中）期末考 6.23下午.xlsx,398,https://jwch.fzu.edu.cn/system/_content/download.jsp?urltype=news.DownloadAttachUrl&owner=1744984858&wbfileid=14622719
教学运行,关于2023-2024学年第二学期《高等数学A（中）》、《高等数学B（下）》、《高等数学C（下）》课程期末考试安排的通知,2024-06-12,https://jwch.fzu.edu.cn/../info/1036/13563.htm,2302高等数学B（下）期末考 6.23下午.xlsx,483,https://jwch.fzu.edu.cn/system/_content/download.jsp?urltype=news.DownloadAttachUrl&owner=1744984858&wbfileid=14622718
教学运行,关于2023-2024学年第二学期《高等数学A（中）》、《高等数学B（下）》、《高等数学C（下）》课程期末考试安排的通知,2024-06-12,https://jwch.fzu.edu.cn/../info/1036/13563.htm,2302 高等数学C（下）期末考 6.23下午.xlsx,345,https://jwch.fzu.edu.cn/system/_content/download.jsp?urltype=news.DownloadAttachUrl&owner=1744984858&wbfileid=14622717
实践科,关于转发《关于举办第十四届海峡两岸信息服务创新大赛暨福建省第十八届计算机软件设计大赛的通知》的通知,2024-06-11,https://jwch.fzu.edu.cn/../info/1039/13560.htm,闽工信联软件〔2024〕41号福建省工业和信息化厅等八部门关于举办第十四届海峡两岸信息服务创新大赛暨福建省第十八届计算机软件设计大赛的通知.pdf,643,https://jwch.fzu.edu.cn/system/_content/download.jsp?urltype=news.DownloadAttachUrl&owner=1744984858&wbfileid=14622014
实践科,关于公布第三十期本科生科研训练计划立项项目的通知,2024-06-07,https://jwch.fzu.edu.cn/../info/1039/13559.htm,附件1：福州大学2024年国家级、省级大学生创新创业训练计划推荐立项项目汇总表 .doc,1823,https://jwch.fzu.edu.cn/system/_content/download.jsp?urltype=news.DownloadAttachUrl&owner=1744984858&wbfileid=14622146
实践科,关于公布第三十期本科生科研训练计划立项项目的通知,2024-06-07,https://jwch.fzu.edu.cn/../info/1039/13559.htm,附件2：福州大学第30期本科生科研训练计划立项项目汇总表.doc,4706,https://jwch.fzu.edu.cn/system/_content/download.jsp?urltype=news.DownloadAttachUrl&owner=1744984858&wbfileid=14621349
教研教改,关于组织申报福建省新文科教育研究中心第二批高校新文科建设优秀案例的通知,2024-06-05,https://jwch.fzu.edu.cn/../info/1037/13555.htm,,,
教研教改,福州大学关于公布2022级数理综合班 专业分流学生名单及学科导师名单的通知,2024-06-05,https://jwch.fzu.edu.cn/../info/1037/13554.htm,,,
教研教改,福州大学关于公布2022级数理金融 实验班学生主辅修专业及导师名单的通知,2024-06-05,https://jwch.fzu.edu.cn/../info/1037/13553.htm,,,
计划科,关于2024-2025学年第一学期修读辅修专业学生名单的公示,2024-06-05,https://jwch.fzu.edu.cn/../info/1038/13548.htm,,,
质量办,关于举办福州大学第五十三场“教学有道” 研讨活动的通知,2024-06-05,https://jwch.fzu.edu.cn/../info/1040/13547.htm,,,
教材中心,关于做好2024-2025学年第一学期教材选用及征订工作的通知（更新）,2024-06-04,https://jwch.fzu.edu.cn/../info/1042/13546.htm,附件1：已出版马克思主义理论研究和建设工程重点教材目录（截至2024年05月，共计116种）.xlsx,415,https://jwch.fzu.edu.cn/system/_content/download.jsp?urltype=news.DownloadAttachUrl&owner=1744984858&wbfileid=14620416
教材中心,关于做好2024-2025学年第一学期教材选用及征订工作的通知（更新）,2024-06-04,https://jwch.fzu.edu.cn/../info/1042/13546.htm,附件2：全国大中专教学用书目录(2024秋季).xlsx,450,https://jwch.fzu.edu.cn/system/_content/download.jsp?urltype=news.DownloadAttachUrl&owner=1744984858&wbfileid=14620417
教学运行,关于2023-2024学年第二学期《马克思主义基本原理》课程期末考试安排的通知,2024-06-04,https://jwch.fzu.edu.cn/../info/1036/13545.htm,2302  马克思主义基本原理 期末考试.xlsx,439,https://jwch.fzu.edu.cn/system/_content/download.jsp?urltype=news.DownloadAttachUrl&owner=1744984858&wbfileid=14620411
教学运行,关于2023-2024学年第二学期《毛泽东思想和中国特色社会主义理论体系概论》课程期末考试安排的通知,2024-06-04,https://jwch.fzu.edu.cn/../info/1036/13544.htm,2302 毛泽东思想和中国特色社会主义理论体系概论  期末考.xlsx,369,https://jwch.fzu.edu.cn/system/_content/download.jsp?urltype=news.DownloadAttachUrl&owner=1744984858&wbfileid=14620410
教学通知,福州大学关于推荐新一届教育部高等学校教学指导委员会专家的通知,2024-05-30,https://jwch.fzu.edu.cn/../info/1012/13538.htm,附件4：推荐委员信息一览表.xlsx,286,https://jwch.fzu.edu.cn/system/_content/download.jsp?urltype=news.DownloadAttachUrl&owner=1744984858&wbfileid=14619035
教学通知,福州大学关于推荐新一届教育部高等学校教学指导委员会专家的通知,2024-05-30,https://jwch.fzu.edu.cn/../info/1012/13538.htm,附件1：教育部办公厅关于推荐新一届教指委委员的通知.pdf,217,https://jwch.fzu.edu.cn/system/_content/download.jsp?urltype=news.DownloadAttachUrl&owner=1744984858&wbfileid=14619036
教学通知,福州大学关于推荐新一届教育部高等学校教学指导委员会专家的通知,2024-05-30,https://jwch.fzu.edu.cn/../info/1012/13538.htm,附件2：专家推荐信息表.docx,285,https://jwch.fzu.edu.cn/system/_content/download.jsp?urltype=news.DownloadAttachUrl&owner=1744984858&wbfileid=14619038
教学通知,福州大学关于推荐新一届教育部高等学校教学指导委员会专家的通知,2024-05-30,https://jwch.fzu.edu.cn/../info/1012/13538.htm,附件3：推荐委员汇总表.xlsx,216,https://jwch.fzu.edu.cn/system/_content/download.jsp?urltype=news.DownloadAttachUrl&owner=1744984858&wbfileid=14619037
教学运行,关于2024年端午放假课程调整的通知,2024-05-30,https://jwch.fzu.edu.cn/../info/1036/13536.htm,,,
教学运行,关于2023-2024学年第二学期《工程制图（C）》课程期末考试安排的通知,2024-05-29,https://jwch.fzu.edu.cn/../info/1036/13533.htm,2302 工程制图C（下）期末考试 6.16下午.xlsx,351,https://jwch.fzu.edu.cn/system/_content/download.jsp?urltype=news.DownloadAttachUrl&owner=1744984858&wbfileid=14618057
教学运行,关于2023-2024学年第二学期《思想道德与法治》课程期末考试安排的通知,2024-05-29,https://jwch.fzu.edu.cn/../info/1036/13532.htm,2302 德法 期末考.xlsx,404,https://jwch.fzu.edu.cn/system/_content/download.jsp?urltype=news.DownloadAttachUrl&owner=1744984858&wbfileid=14618055
教学运行,关于2023-2024学年第二学期《概率论与数理统计》课程期末考试安排的通知,2024-05-27,https://jwch.fzu.edu.cn/../info/1036/13531.htm,2302 概率期末考 6.2下午.xlsx,438,https://jwch.fzu.edu.cn/system/_content/download.jsp?urltype=news.DownloadAttachUrl&owner=1744984858&wbfileid=14615348
教学运行,关于2023-2024学年第二学期《中国近现代史纲要》课程期末考试安排的通知,2024-05-24,https://jwch.fzu.edu.cn/../info/1036/13530.htm,2302 近现代 期末考试.xlsx,566,https://jwch.fzu.edu.cn/system/_content/download.jsp?urltype=news.DownloadAttachUrl&owner=1744984858&wbfileid=14613665
教学运行,关于2023-2024学年第二学期《线性代数》课程期末考试安排的通知,2024-05-24,https://jwch.fzu.edu.cn/../info/1036/13529.htm,2302 线性代数期末考 6.2下午.xlsx,410,https://jwch.fzu.edu.cn/system/_content/download.jsp?urltype=news.DownloadAttachUrl&owner=1744984858&wbfileid=14613663
实践科,关于公布2024年本科生创新创业实践与素质拓展学分认定结果的通知,2024-05-22,https://jwch.fzu.edu.cn/../info/1039/13525.htm,附件：福州大学本科生创新创业实践与素质拓展学分认定汇总表.doc,1843,https://jwch.fzu.edu.cn/system/_content/download.jsp?urltype=news.DownloadAttachUrl&owner=1744984858&wbfileid=14613260
教研教改,福州大学关于开展优秀拔尖创新人才培养案例征集的通知,2024-05-22,https://jwch.fzu.edu.cn/../info/1037/13524.htm,附件2：案例撰写格式.docx,325,https://jwch.fzu.edu.cn/system/_content/download.jsp?urltype=news.DownloadAttachUrl&owner=1744984858&wbfileid=14613251
教研教改,福州大学关于开展优秀拔尖创新人才培养案例征集的通知,2024-05-22,https://jwch.fzu.edu.cn/../info/1037/13524.htm,附件1：福建省教育厅办公室关于开展高校优秀拔尖创新人才培养案例研究工作的通知.pdf,352,https://jwch.fzu.edu.cn/system/_content/download.jsp?urltype=news.DownloadAttachUrl&owner=1744984858&wbfileid=14613252
教研教改,福州大学关于开展优秀拔尖创新人才培养案例征集的通知,2024-05-22,https://jwch.fzu.edu.cn/../info/1037/13524.htm,附件4：案例汇总表.docx,319,https://jwch.fzu.edu.cn/system/_content/download.jsp?urltype=news.DownloadAttachUrl&owner=1744984858&wbfileid=14613254
教研教改,福州大学关于开展优秀拔尖创新人才培养案例征集的通知,2024-05-22,https://jwch.fzu.edu.cn/../info/1037/13524.htm,附件3：案例申报表.docx,275,https://jwch.fzu.edu.cn/system/_content/download.jsp?urltype=news.DownloadAttachUrl&owner=1744984858&wbfileid=14613253
教研教改,福州大学关于开展第八届远志创业实验班招生工作的通知,2024-05-17,https://jwch.fzu.edu.cn/../info/1037/13513.htm,附件1：福州大学第八届远志创业实验班招生简章.docx,978,https://jwch.fzu.edu.cn/system/_content/download.jsp?urltype=news.DownloadAttachUrl&owner=1744984858&wbfileid=14612014
教研教改,福州大学关于开展第八届远志创业实验班招生工作的通知,2024-05-17,https://jwch.fzu.edu.cn/../info/1037/13513.htm,附件2：远志创业实验班修读申请表.docx,417,https://jwch.fzu.edu.cn/system/_content/download.jsp?urltype=news.DownloadAttachUrl&owner=1744984858&wbfileid=14612015
教学运行,关于2023-2024学年第二学期《习近平新时代中国特色社会主义思想概论》课程期末考试安排的通知,2024-05-15,https://jwch.fzu.edu.cn/../info/1036/13501.htm,2302习概论期末考试.xlsx,488,https://jwch.fzu.edu.cn/system/_content/download.jsp?urltype=news.DownloadAttachUrl&owner=1744984858&wbfileid=14611555
教学运行,关于2025届预计毕业生核对电子注册学历信息的通知,2024-05-15,https://jwch.fzu.edu.cn/../info/1036/13497.htm,,,
教学运行,关于2023-2024学年第二学期计算机语言类课程期末考试安排的通知,2024-05-15,https://jwch.fzu.edu.cn/../info/1036/13491.htm,2302计算机语言课期末考试6.1.xlsx,595,https://jwch.fzu.edu.cn/system/_content/download.jsp?urltype=news.DownloadAttachUrl&owner=1744984858&wbfileid=14611191
实践科,关于公布第十届桥梁设计大赛获奖名单的通知,2024-05-11,https://jwch.fzu.edu.cn/../info/1039/13481.htm,,,
实践科,关于做好国家、省级大学生创新创业训练计划项目结题工作的通知,2024-05-10,https://jwch.fzu.edu.cn/../info/1039/13479.htm,国创省创结题附件.zip,912,https://jwch.fzu.edu.cn/system/_content/download.jsp?urltype=news.DownloadAttachUrl&owner=1744984858&wbfileid=14608195
实践科,关于做好第二十八期、二十九期本科生科研训练计划项目结题工作的通知,2024-05-10,https://jwch.fzu.edu.cn/../info/1039/13478.htm,,,
教材中心,关于举办福州大学第五十二场“教学有道” 研讨活动的通知,2024-05-09,https://jwch.fzu.edu.cn/../info/1042/13477.htm,,,
综合科,关于2023-2024学年第二学期再次开放本科生学生证和火车票优惠卡补办及火车票优惠卡更改区间的通知,2024-05-08,https://jwch.fzu.edu.cn/../info/1035/13475.htm,,,
计划科,2023-2024学年第二学期在校学生申请辅修专业的通知,2024-05-07,https://jwch.fzu.edu.cn/../info/1038/13473.htm,,,
计划科,关于组织申报2024-2025学年第一学期通识教育选修课的通知,2024-05-06,https://jwch.fzu.edu.cn/../info/1038/13472.htm,,,
实践科,关于公布第四届福州大学大学生先进成图技术与产品信息建模创新大赛获奖名单的通知,2024-04-30,https://jwch.fzu.edu.cn/../info/1039/13470.htm,,,
实践科,福州大学关于公布第二十一届程序设计竞赛获奖名单的通知,2024-04-30,https://jwch.fzu.edu.cn/../info/1039/13469.htm,,,
教材中心,关于开展2024年拟出版本科教材审核工作的通知,2024-04-29,https://jwch.fzu.edu.cn/../info/1042/13417.htm,附件1：福州大学教材管理实施细则（试行）.pdf,283,https://jwch.fzu.edu.cn/system/_content/download.jsp?urltype=news.DownloadAttachUrl&owner=1744984858&wbfileid=14620223
教材中心,关于开展2024年拟出版本科教材审核工作的通知,2024-04-29,https://jwch.fzu.edu.cn/../info/1042/13417.htm,附件2：福州大学本科教材编写人员汇总表.docx,293,https://jwch.fzu.edu.cn/system/_content/download.jsp?urltype=news.DownloadAttachUrl&owner=1744984858&wbfileid=14620221
教材中心,关于开展2024年拟出版本科教材审核工作的通知,2024-04-29,https://jwch.fzu.edu.cn/../info/1042/13417.htm,附件3：福州大学本科教材编写人员审核表.docx,145,https://jwch.fzu.edu.cn/system/_content/download.jsp?urltype=news.DownloadAttachUrl&owner=1744984858&wbfileid=14918142
教材中心,关于开展2024年拟出版本科教材审核工作的通知,2024-04-29,https://jwch.fzu.edu.cn/../info/1042/13417.htm,附件4：福州大学本科教材校外编写人员审核表.docx,244,https://jwch.fzu.edu.cn/system/_content/download.jsp?urltype=news.DownloadAttachUrl&owner=1744984858&wbfileid=14620634
教材中心,关于开展2024年拟出版本科教材审核工作的通知,2024-04-29,https://jwch.fzu.edu.cn/../info/1042/13417.htm,附件5：福州大学本科教材编写审核表.docx,291,https://jwch.fzu.edu.cn/system/_content/download.jsp?urltype=news.DownloadAttachUrl&owner=1744984858&wbfileid=14620225
教材中心,关于开展2024年拟出版本科教材审核工作的通知,2024-04-29,https://jwch.fzu.edu.cn/../info/1042/13417.htm,附件6：2024年福州大学拟出版教材汇总表.xlsx,254,https://jwch.fzu.edu.cn/system/_content/download.jsp?urltype=news.DownloadAttachUrl&owner=1744984858&wbfileid=14620226
实践科,关于对2024届本科毕业设计（论文）试行AIGC检测的通知,2024-04-28,https://jwch.fzu.edu.cn/../info/1039/13415.htm,,,
教学运行,关于2023-2024学年第二学期《工程制图E》课程期末考试安排的通知,2024-04-28,https://jwch.fzu.edu.cn/../info/1036/13414.htm,2302 工程制图E期末考试 5.12上午.xlsx,463,https://jwch.fzu.edu.cn/system/_content/download.jsp?urltype=news.DownloadAttachUrl&owner=1744984858&wbfileid=14604454
实践科,关于公布福州大学第十四届大学生节能减排社会实践与科技竞赛暨第十届材料创新、设计及应用竞赛获奖名单的通知,2024-04-26,https://jwch.fzu.edu.cn/../info/1039/13413.htm,,,
实践科,关于开展2024届本科毕业设计（论文）抽检送审工作的通知,2024-04-26,https://jwch.fzu.edu.cn/../info/1039/13411.htm,附件1：福建省本科毕业论文（设计）抽检评议要素（试行）.docx,2170,https://jwch.fzu.edu.cn/system/_content/download.jsp?urltype=news.DownloadAttachUrl&owner=1744984858&wbfileid=14604108
实践科,关于开展2024届本科毕业设计（论文）抽检送审工作的通知,2024-04-26,https://jwch.fzu.edu.cn/../info/1039/13411.htm,附件2：2024届福州大学本科毕业设计（论文）抽检情况汇总表.xls,2705,https://jwch.fzu.edu.cn/system/_content/download.jsp?urltype=news.DownloadAttachUrl&owner=1744984858&wbfileid=14604109
质量办,关于举办福州大学第五十一场“教学有道”  研讨活动的通知,2024-04-26,https://jwch.fzu.edu.cn/../info/1040/13410.htm,,,
教学运行,关于2024年五一劳动节放假课程调整的通知,2024-04-26,https://jwch.fzu.edu.cn/../info/1036/13409.htm,,,
质量办,关于举办福州大学第五十场“教学有道”  研讨活动的通知,2024-04-24,https://jwch.fzu.edu.cn/../info/1040/13408.htm,,,
教学运行,关于2023-2024-02学期体育理论课安排的通知,2024-04-24,https://jwch.fzu.edu.cn/../info/1036/13406.htm,,,
实践科,关于举办2024年福州大学第二十四届数学竞赛的通知,2024-04-23,https://jwch.fzu.edu.cn/../info/1039/13405.htm,附件3：福州大学第二十四届数学竞赛大纲.pdf,1462,https://jwch.fzu.edu.cn/system/_content/download.jsp?urltype=news.DownloadAttachUrl&owner=1744984858&wbfileid=14602578
实践科,福州大学关于公布第八届网络信息安全竞赛获奖名单的通知,2024-04-22,https://jwch.fzu.edu.cn/../info/1039/13403.htm,,,
实践科,关于举办福州大学第六届大学生机器人竞赛的通知,2024-04-19,https://jwch.fzu.edu.cn/../info/1039/13397.htm,附件.zip,477,https://jwch.fzu.edu.cn/system/_content/download.jsp?urltype=news.DownloadAttachUrl&owner=1744984858&wbfileid=14601554
实践科,关于举办福州大学第十八届数学建模竞赛的通知,2024-04-19,https://jwch.fzu.edu.cn/../info/1039/13396.htm,,,
实践科,关于举办福州大学第二十一届程序设计竞赛暨校ACM/ICPC集训队选拔赛的通知,2024-04-17,https://jwch.fzu.edu.cn/../info/1039/13391.htm,,,
质量办,关于举办福州大学第四十九场“教学有道”研讨活动的通知,2024-04-17,https://jwch.fzu.edu.cn/../info/1040/13390.htm,,,
综合科,关于第61届中国高等教育博览会的参会指南,2024-04-12,https://jwch.fzu.edu.cn/../info/1035/13378.htm,,,
计划科,关于召开2024版本科人才培养方案修订工作专题会议的通知,2024-04-11,https://jwch.fzu.edu.cn/../info/1038/13379.htm,,,
实践科,关于对2024届本科毕业设计（论文）进行查重检测的通知,2024-04-10,https://jwch.fzu.edu.cn/../info/1039/13375.htm,附件：维普论文检测系统查重标准及格式报告说明.doc,5593,https://jwch.fzu.edu.cn/system/_content/download.jsp?urltype=news.DownloadAttachUrl&owner=1744984858&wbfileid=14592996
教学运行,关于2024届预计毕业生补拍电子注册学历照片的通知,2024-04-10,https://jwch.fzu.edu.cn/../info/1036/13374.htm,附件2：获得图像采集码途径.pdf,404,https://jwch.fzu.edu.cn/system/_content/download.jsp?urltype=news.DownloadAttachUrl&owner=1744984858&wbfileid=14592958
教学运行,关于2024届预计毕业生补拍电子注册学历照片的通知,2024-04-10,https://jwch.fzu.edu.cn/../info/1036/13374.htm,附件1：行政北楼平面图.pdf,390,https://jwch.fzu.edu.cn/system/_content/download.jsp?urltype=news.DownloadAttachUrl&owner=1744984858&wbfileid=14592957
质量办,关于开展2023年新上岗教师课堂授课达标考核的通知,2024-04-08,https://jwch.fzu.edu.cn/../info/1040/13353.htm,附件1：2023年福州大学新上岗教师教学达标培训班名单汇总表.xlsx,589,https://jwch.fzu.edu.cn/system/_content/download.jsp?urltype=news.DownloadAttachUrl&owner=1744984858&wbfileid=14592375
质量办,关于开展2023年新上岗教师课堂授课达标考核的通知,2024-04-08,https://jwch.fzu.edu.cn/../info/1040/13353.htm,附件2：2023年新上岗教师课堂授课达标考核情况汇总表-学院一式三份报教务处.docx,446,https://jwch.fzu.edu.cn/system/_content/download.jsp?urltype=news.DownloadAttachUrl&owner=1744984858&wbfileid=14592376
教学运行,关于2023-2024学年第二学期《线性代数》课程半期考试安排的通知,2024-04-07,https://jwch.fzu.edu.cn/../info/1036/13352.htm,2302线代半期考4.27上午.xlsx,496,https://jwch.fzu.edu.cn/system/_content/download.jsp?urltype=news.DownloadAttachUrl&owner=1744984858&wbfileid=14591952
教学运行,关于2023-2024学年第二学期《大学物理A（上）》、《大学物理B（上）》课程半期考试安排的通知,2024-04-07,https://jwch.fzu.edu.cn/../info/1036/13351.htm,2302大物半期考4.21下午.xlsx,564,https://jwch.fzu.edu.cn/system/_content/download.jsp?urltype=news.DownloadAttachUrl&owner=1744984858&wbfileid=14591958
教学运行,关于2023-2024学年第二学期《概率论与数理统计》课程半期考试安排的通知,2024-04-03,https://jwch.fzu.edu.cn/../info/1036/13349.htm,2302概率半期考4.14下午.xlsx,462,https://jwch.fzu.edu.cn/system/_content/download.jsp?urltype=news.DownloadAttachUrl&owner=1744984858&wbfileid=14591439
教学运行,关于2023-2024学年第二学期《高等数学A（中）》、《高等数学B（下）》、《高等数学C（下）》课程半期考试安排的通知,2024-04-03,https://jwch.fzu.edu.cn/../info/1036/13348.htm,2302高数半期考4.14上午.xlsx,700,https://jwch.fzu.edu.cn/system/_content/download.jsp?urltype=news.DownloadAttachUrl&owner=1744984858&wbfileid=14591438
综合科,关于组织教师参加第61届中国高等教育博览会的通知,2024-04-02,https://jwch.fzu.edu.cn/../info/1035/13347.htm,附件4：参会教师名单收集汇总表.xls,333,https://jwch.fzu.edu.cn/system/_content/download.jsp?urltype=news.DownloadAttachUrl&owner=1744984858&wbfileid=14590885
综合科,关于组织教师参加第61届中国高等教育博览会的通知,2024-04-02,https://jwch.fzu.edu.cn/../info/1035/13347.htm,附件2：高博会日程总览.jpg,324,https://jwch.fzu.edu.cn/system/_content/download.jsp?urltype=news.DownloadAttachUrl&owner=1744984858&wbfileid=14590884
综合科,关于组织教师参加第61届中国高等教育博览会的通知,2024-04-02,https://jwch.fzu.edu.cn/../info/1035/13347.htm,附件3：报名二维码.doc,274,https://jwch.fzu.edu.cn/system/_content/download.jsp?urltype=news.DownloadAttachUrl&owner=1744984858&wbfileid=14590883
综合科,关于组织教师参加第61届中国高等教育博览会的通知,2024-04-02,https://jwch.fzu.edu.cn/../info/1035/13347.htm,附件1：各单位选派教师参会名额安排表.xlsx,325,https://jwch.fzu.edu.cn/system/_content/download.jsp?urltype=news.DownloadAttachUrl&owner=1744984858&wbfileid=14590882
教学运行,关于2024年清明节放假课程调整的通知,2024-04-01,https://jwch.fzu.edu.cn/../info/1036/13343.htm,,,
实践科,关于举办福州大学第十五届企业经营模拟沙盘对抗赛的通知,2024-03-27,https://jwch.fzu.edu.cn/../info/1039/13335.htm,附件：福州大学第十五届企业经营模拟沙盘对抗赛报名表.doc,716,https://jwch.fzu.edu.cn/system/_content/download.jsp?urltype=news.DownloadAttachUrl&owner=1744984858&wbfileid=14589204
实践科,关于组织开展第十七届中国大学生计算机设计大赛福州大学校内预选赛的通知,2024-03-27,https://jwch.fzu.edu.cn/../info/1039/13334.htm,附件1：中大计赛函[2024]1 号 关于举办“2024 年（第 17 届）中国大学生计算机设计大赛”的 通 知.pdf,581,https://jwch.fzu.edu.cn/system/_content/download.jsp?urltype=news.DownloadAttachUrl&owner=1744984858&wbfileid=14589112
实践科,关于组织开展第十七届中国大学生计算机设计大赛福州大学校内预选赛的通知,2024-03-27,https://jwch.fzu.edu.cn/../info/1039/13334.htm,附件2 2024年（第17届）中国大学生计算机设计大赛——校内选拔赛报名表.xlsx,466,https://jwch.fzu.edu.cn/system/_content/download.jsp?urltype=news.DownloadAttachUrl&owner=1744984858&wbfileid=14589111
实践科,关于举办福州大学第四届大学生先进成图技术与产品信息建模创新大赛的通知,2024-03-27,https://jwch.fzu.edu.cn/../info/1039/13333.htm,附件2：福州大学第四届大学生先进成图技术与产品信息建模创新大赛报名表.xls,578,https://jwch.fzu.edu.cn/system/_content/download.jsp?urltype=news.DownloadAttachUrl&owner=1744984858&wbfileid=14589086
实践科,关于举办福州大学第十四届大学生节能减排社会实践与科技竞赛暨第十届材料创新、设计及应用竞赛的通知,2024-03-22,https://jwch.fzu.edu.cn/../info/1039/13331.htm,附件1-4.doc,520,https://jwch.fzu.edu.cn/system/_content/download.jsp?urltype=news.DownloadAttachUrl&owner=1744984858&wbfileid=14587055
实践科,关于举办福州大学第八届网络信息安全竞赛的通知,2024-03-21,https://jwch.fzu.edu.cn/../info/1039/13329.htm,,,
教学运行,关于做好2024-2025学年第一学期排课准备工作的通知,2024-03-18,https://jwch.fzu.edu.cn/../info/1036/13322.htm,,,
综合科,关于更改2023-2024学年春季学期期初本科教育教学工作会议时间的通知,2024-03-14,https://jwch.fzu.edu.cn/../info/1035/13313.htm,,,
实践科,关于举办福州大学第十三届大学生软件设计与服务外包创新创业竞赛的通知,2024-03-13,https://jwch.fzu.edu.cn/../info/1039/13312.htm,,,
计划科,关于通识选修课《爱课程：美化嗓音 轻松讲课》开课的友情提示,2024-03-13,https://jwch.fzu.edu.cn/../info/1038/13310.htm,,,
综合科,关于召开2023-2024学年春季学期期初本科教育教学工作会议的通知,2024-03-13,https://jwch.fzu.edu.cn/../info/1035/13309.htm,,,
实践科,关于转发《关于邀请省内高校大学生参与2024数字中国创新大赛的函》的通知,2024-03-12,https://jwch.fzu.edu.cn/../info/1039/13308.htm,附件：数字中国建设峰会组委会秘书处关于商请邀请省内高校学生参与2024数字中国创新大赛的函.pdf,760,https://jwch.fzu.edu.cn/system/_content/download.jsp?urltype=news.DownloadAttachUrl&owner=1744984858&wbfileid=14583438
教学运行,关于2023-2024学年第二学期重新学习选课、缴费的通知,2024-03-11,https://jwch.fzu.edu.cn/../info/1036/13306.htm,,,
计划科,关于2023-2024学年第二学期爱课程平台参加通识教育选修课学习的重要提示,2024-03-11,https://jwch.fzu.edu.cn/../info/1038/13305.htm,,,
质量办,关于组织教师参加第四届福建省教师教学创新大赛产教融合赛道的通知,2024-03-06,https://jwch.fzu.edu.cn/../info/1040/13301.htm,附件2 福州大学教师教学创新大赛产教融合赛道 学院推荐名单汇总表.docx,341,https://jwch.fzu.edu.cn/system/_content/download.jsp?urltype=news.DownloadAttachUrl&owner=1744984858&wbfileid=14581598
质量办,关于组织教师参加第四届福建省教师教学创新大赛产教融合赛道的通知,2024-03-06,https://jwch.fzu.edu.cn/../info/1040/13301.htm,附件1 关于举办第第四届全国高校教师教学创新大赛产教融合赛道赛事的通知.pdf,684,https://jwch.fzu.edu.cn/system/_content/download.jsp?urltype=news.DownloadAttachUrl&owner=1744984858&wbfileid=14581597
实践科,关于参加2024年（第十届）全国大学生统计建模大赛的通知,2024-03-05,https://jwch.fzu.edu.cn/../info/1039/13296.htm,,,
实践科,关于做好第三十期本科生科研训练计划项目立项申报工作的通知,2024-03-05,https://jwch.fzu.edu.cn/../info/1039/13294.htm,第30期SRTP附件.zip,3556,https://jwch.fzu.edu.cn/system/_content/download.jsp?urltype=news.DownloadAttachUrl&owner=1744984858&wbfileid=14581442
计划科,关于公布2023-2024学年第二学期通选课取消开课名单的通知,2024-03-04,https://jwch.fzu.edu.cn/../info/1038/13293.htm,,,
综合科,关于2023-2024学年第二学期本科生学生证和火车票优惠卡补办及火车票优惠卡更改区间的通知,2024-02-29,https://jwch.fzu.edu.cn/../info/1035/13280.htm,,,
教学运行,关于做好2024年3月退役复学学生转专业的通知,2024-02-27,https://jwch.fzu.edu.cn/../info/1036/13284.htm,福州大学参军退伍复学后学生转专业审批表.doc,486,https://jwch.fzu.edu.cn/system/_content/download.jsp?urltype=news.DownloadAttachUrl&owner=1744984858&wbfileid=14580283
教学运行,关于做好2024年3月退役复学学生转专业的通知,2024-02-27,https://jwch.fzu.edu.cn/../info/1036/13284.htm,福州大学本科生转专业管理实施办法（暂行）.docx,550,https://jwch.fzu.edu.cn/system/_content/download.jsp?urltype=news.DownloadAttachUrl&owner=1744984858&wbfileid=14580282
计划科,关于通识教育选修课《国际化拔尖创新人才科研训练》宣讲会及选课的通知,2024-02-27,https://jwch.fzu.edu.cn/../info/1038/13283.htm,附件1国际化拔尖创新人才科研训练具体课程清单.xlsx,1818,https://jwch.fzu.edu.cn/system/_content/download.jsp?urltype=news.DownloadAttachUrl&owner=1744984858&wbfileid=14580133
实践科,关于2024届本科毕业生创新创业实践与素质拓展学分认定工作的通知,2024-02-26,https://jwch.fzu.edu.cn/../info/1039/13281.htm,福州大学本科生创新创业实践与素质拓展学分申报汇总表、申请表.doc,2219,https://jwch.fzu.edu.cn/system/_content/download.jsp?urltype=news.DownloadAttachUrl&owner=1744984858&wbfileid=14579917
计划科,关于2023-2024学年第二学期港澳台侨学生思政课和军事课程退选替代的通知,2024-02-25,https://jwch.fzu.edu.cn/../info/1038/13279.htm,2023-2024学年第二学期国情课列表.docx,744,https://jwch.fzu.edu.cn/system/_content/download.jsp?urltype=news.DownloadAttachUrl&owner=1744984858&wbfileid=14579883
实践科,关于对2023年学院教学有关数据进行统计的通知,2024-02-25,https://jwch.fzu.edu.cn/../info/1039/13278.htm,2023年学院教学有关数据统计表格下载.zip,731,https://jwch.fzu.edu.cn/system/_content/download.jsp?urltype=news.DownloadAttachUrl&owner=1744984858&wbfileid=14579832
计划科,关于2023-2024学年第二学期通识教育选修课选课的通知,2024-02-25,https://jwch.fzu.edu.cn/../info/1038/13277.htm,24春夏智慧树学生手册更新（可导学用）最新E(2).pptx,418,https://jwch.fzu.edu.cn/system/_content/download.jsp?urltype=news.DownloadAttachUrl&owner=1744984858&wbfileid=14583720
计划科,关于2023-2024学年第二学期通识教育选修课选课的通知,2024-02-25,https://jwch.fzu.edu.cn/../info/1038/13277.htm,超星尔雅使用手册（学生版）.pdf,2126,https://jwch.fzu.edu.cn/system/_content/download.jsp?urltype=news.DownloadAttachUrl&owner=1744984858&wbfileid=14579829
计划科,关于2023-2024学年第二学期通识教育选修课选课的通知,2024-02-25,https://jwch.fzu.edu.cn/../info/1038/13277.htm,慕课堂学生操作手册.pdf,1597,https://jwch.fzu.edu.cn/system/_content/download.jsp?urltype=news.DownloadAttachUrl&owner=1744984858&wbfileid=14579831
质量办,关于开学第一周集中听课的通知,2024-02-25,https://jwch.fzu.edu.cn/../info/1040/13276.htm,附件1：福州大学课堂教学质量评估表.doc,317,https://jwch.fzu.edu.cn/system/_content/download.jsp?urltype=news.DownloadAttachUrl&owner=1744984858&wbfileid=14579817
质量办,关于开学第一周集中听课的通知,2024-02-25,https://jwch.fzu.edu.cn/../info/1040/13276.htm,附件2：2023-2024学年第二学期第一周课表.xlsx,418,https://jwch.fzu.edu.cn/system/_content/download.jsp?urltype=news.DownloadAttachUrl&owner=1744984858&wbfileid=14579818
质量办,关于开学第一周集中听课的通知,2024-02-25,https://jwch.fzu.edu.cn/../info/1040/13276.htm,附件3：福州大学党政领导听课管理实施办法（福大教〔2022〕27号）.doc,304,https://jwch.fzu.edu.cn/system/_content/download.jsp?urltype=news.DownloadAttachUrl&owner=1744984858&wbfileid=14579819
教学运行,关于2023-2024第二学期学期选课、辅修选课补退选的通知,2024-02-25,https://jwch.fzu.edu.cn/../info/1036/13275.htm,,,
实践科,关于推荐申报实验教学和教学实验室建设研究项目的通知,2024-02-06,https://jwch.fzu.edu.cn/../info/1039/13272.htm,附件1：实验教学和教学实验室建设研究项目申报书.docx,542,https://jwch.fzu.edu.cn/system/_content/download.jsp?urltype=news.DownloadAttachUrl&owner=1744984858&wbfileid=14578976
实践科,关于推荐申报实验教学和教学实验室建设研究项目的通知,2024-02-06,https://jwch.fzu.edu.cn/../info/1039/13272.htm,附件2：实验教学和教学实验室建设研究项目推荐汇总表（福建省）.xls,469,https://jwch.fzu.edu.cn/system/_content/download.jsp?urltype=news.DownloadAttachUrl&owner=1744984858&wbfileid=14578975
实践科,关于推荐申报实验教学和教学实验室建设研究项目的通知,2024-02-06,https://jwch.fzu.edu.cn/../info/1039/13272.htm,附件3：教高司函〔2024〕1号教育部高等教育司关于开展实验教学和教学实验室建设研究工作的通知（3月29日前）.pdf,560,https://jwch.fzu.edu.cn/system/_content/download.jsp?urltype=news.DownloadAttachUrl&owner=1744984858&wbfileid=14578977
教学运行,关于2024年春季学期《大学物理实验》绪论课程教室安排的通知,2024-01-20,https://jwch.fzu.edu.cn/../info/1036/13254.htm,2024大物实验（上）绪论排课.xlsx,742,https://jwch.fzu.edu.cn/system/_content/download.jsp?urltype=news.DownloadAttachUrl&owner=1744984858&wbfileid=14576449
综合科,教务处关于2024年寒假用印安排的通知,2024-01-20,https://jwch.fzu.edu.cn/../info/1035/13252.htm,,,
教材中心,关于组织申报福建省“十四五”普通高等教育本科规划教材建设项目的通知,2024-01-18,https://jwch.fzu.edu.cn/../info/1042/13251.htm,福建省教育厅关于开展福建省“十四五”普通高等教育本科规划教材建设工作的通知.pdf,624,https://jwch.fzu.edu.cn/system/_content/download.jsp?urltype=news.DownloadAttachUrl&owner=1744984858&wbfileid=14575797
教材中心,关于组织申报福建省“十四五”普通高等教育本科规划教材建设项目的通知,2024-01-18,https://jwch.fzu.edu.cn/../info/1042/13251.htm,附件1.福建省普通高等教育“十四五”规划教材建设立项申报书.docx,603,https://jwch.fzu.edu.cn/system/_content/download.jsp?urltype=news.DownloadAttachUrl&owner=1744984858&wbfileid=14575798
教材中心,关于组织申报福建省“十四五”普通高等教育本科规划教材建设项目的通知,2024-01-18,https://jwch.fzu.edu.cn/../info/1042/13251.htm,附件2.福建省普通高等学校“十四五”规划教材建设项目申报汇总表.docx,459,https://jwch.fzu.edu.cn/system/_content/download.jsp?urltype=news.DownloadAttachUrl&owner=1744984858&wbfileid=14575799
教材中心,关于组织申报福建省“十四五”普通高等教育本科规划教材建设项目的通知,2024-01-18,https://jwch.fzu.edu.cn/../info/1042/13251.htm,单位审核意见书（参考模板）.docx,541,https://jwch.fzu.edu.cn/system/_content/download.jsp?urltype=news.DownloadAttachUrl&owner=1744984858&wbfileid=14575800
质量办,关于上报学院本科教育教学质量保障2023年工作总结和2024年工作计划的通知,2024-01-12,https://jwch.fzu.edu.cn/../info/1040/13248.htm,,,
计划科,关于核对2023-2024学年第二学期通识教育选修课开课信息的通知,2024-01-11,https://jwch.fzu.edu.cn/../info/1038/13245.htm,,,
综合科,关于召开2023-2024学年秋季学期期末本科教育教学工作会议的通知,2024-01-10,https://jwch.fzu.edu.cn/../info/1035/13242.htm,,,
教学运行,关于2023-2024学年第二学期辅修专业选课的通知,2024-01-09,https://jwch.fzu.edu.cn/../info/1036/13241.htm,,,
实践科,关于组织参加2024年美国大学生数学建模竞赛通知,2024-01-08,https://jwch.fzu.edu.cn/../info/1039/13231.htm,附录：2024年2月美国大学生数学建模竞赛介绍及参赛流程.pdf,3450,https://jwch.fzu.edu.cn/system/_content/download.jsp?urltype=news.DownloadAttachUrl&owner=1744984858&wbfileid=14573632
教学运行,关于做好期末复习考试及下学期开学等工作的通知,2024-01-03,https://jwch.fzu.edu.cn/../info/1036/13221.htm,,,
教学运行,关于2023-2024学年第一学期《高等数学C（上）》、《高等数学D》课程期末考试安排的通知,2024-01-02,https://jwch.fzu.edu.cn/../info/1036/13213.htm,2301高等数学C（上）、D期末考试 1.19下午.xlsx,609,https://jwch.fzu.edu.cn/system/_content/download.jsp?urltype=news.DownloadAttachUrl&owner=1744984858&wbfileid=14571714
教学运行,关于2023-2024学年第一学期《高等数学A（上）》、《高等数学B（上）》课程期末考试安排的通知,2024-01-02,https://jwch.fzu.edu.cn/../info/1036/13212.htm,2301高等数学A（上）、B（上）期末考试 1.19上午.xlsx,842,https://jwch.fzu.edu.cn/system/_content/download.jsp?urltype=news.DownloadAttachUrl&owner=1744984858&wbfileid=14571713
教学运行,关于2023-2024学年第一学期《大学物理A（下）》课程期末考试安排的通知,2024-01-02,https://jwch.fzu.edu.cn/../info/1036/13211.htm,2301大学物理A（下）期末考试 1.18上午.xlsx,567,https://jwch.fzu.edu.cn/system/_content/download.jsp?urltype=news.DownloadAttachUrl&owner=1744984858&wbfileid=14571712
教学运行,关于2023-2024学年第一学期《大学英语（二）》课程期末考试安排的通知,2024-01-02,https://jwch.fzu.edu.cn/../info/1036/13210.htm,2301大学英语（二）期末考试 1.15上午、下午.xlsx,704,https://jwch.fzu.edu.cn/system/_content/download.jsp?urltype=news.DownloadAttachUrl&owner=1744984858&wbfileid=14571711
教学运行,关于2023-2024学年第一学期《大学英语（一）》、《大学英语（三）》课程期末考试安排的通知,2024-01-02,https://jwch.fzu.edu.cn/../info/1036/13209.htm,2301大学英语（一）、（三）期末考试 1.14上午.xlsx,442,https://jwch.fzu.edu.cn/system/_content/download.jsp?urltype=news.DownloadAttachUrl&owner=1744984858&wbfileid=14571710
教学运行,关于2023-2024学年第一学期《工程制图A（上）》、《工程制图C（上）》、《工程制图D》、《工程制图F》课程期末考试安排的通知,2024-01-02,https://jwch.fzu.edu.cn/../info/1036/13208.htm,2301制图A(上）、C（上）、D、F期末考试 1.13上午.xlsx,464,https://jwch.fzu.edu.cn/system/_content/download.jsp?urltype=news.DownloadAttachUrl&owner=1744984858&wbfileid=14571709
实践科,关于公布大学生校外实践教学基地检查结果的通知,2023-12-29,https://jwch.fzu.edu.cn/../info/1039/13207.htm,附件：福州大学大学生校外实践教学基地检查评估结果汇总表.xlsx,804,https://jwch.fzu.edu.cn/system/_content/download.jsp?urltype=news.DownloadAttachUrl&owner=1744984858&wbfileid=14569528
实践科,关于公布首批大学生示范性校外实践教学基地名单的通知,2023-12-28,https://jwch.fzu.edu.cn/../info/1039/13206.htm,,,
教研教改,关于开展福建省第二批新工科教育优秀教学案例征集、实践平台共建共享推荐工作的通知,2023-12-26,https://jwch.fzu.edu.cn/../info/1037/13204.htm,第二批福建省新工科教育联盟新工科教育优秀教学案例征集、实践平台共建共享工作附件3——附件6.rar,515,https://jwch.fzu.edu.cn/system/_content/download.jsp?urltype=news.DownloadAttachUrl&owner=1744984858&wbfileid=13183994
教研教改,关于开展福建省第二批新工科教育优秀教学案例征集、实践平台共建共享推荐工作的通知,2023-12-26,https://jwch.fzu.edu.cn/../info/1037/13204.htm,福建省新工科教育联盟关于开展第二批新工科教育优秀教学案例征集、实践平台共建共享工作的通知（含章）.pdf,668,https://jwch.fzu.edu.cn/system/_content/download.jsp?urltype=news.DownloadAttachUrl&owner=1744984858&wbfileid=13183995
教研教改,关于开展福建省高校第二批课程思政优秀教学案例推荐工作的通知,2023-12-26,https://jwch.fzu.edu.cn/../info/1037/13203.htm,福建省高校课程思政教育联盟关于开展第二批课程思政优秀教学案例征集工作的通知20231127.docx,585,https://jwch.fzu.edu.cn/system/_content/download.jsp?urltype=news.DownloadAttachUrl&owner=1744984858&wbfileid=13183975
教研教改,关于开展福建省高校第二批课程思政优秀教学案例推荐工作的通知,2023-12-26,https://jwch.fzu.edu.cn/../info/1037/13203.htm,福建省高校课程思政教育联盟关于开展第二批课程思政优秀教学案例征集工作的通知（含章）.pdf,731,https://jwch.fzu.edu.cn/system/_content/download.jsp?urltype=news.DownloadAttachUrl&owner=1744984858&wbfileid=13183976
质量办,福州大学关于公布2023年教师教学创新大赛获奖名单的通知,2023-12-26,https://jwch.fzu.edu.cn/../info/1040/13201.htm,,,
教学运行,关于2023-2024学年第二学期本科生学期选课的通知,2023-12-25,https://jwch.fzu.edu.cn/../info/1036/13198.htm,,,
教学运行,关于2024年元旦放假课程调整的通知,2023-12-25,https://jwch.fzu.edu.cn/../info/1036/13197.htm,,,
教研教改,关于转发教育部高等教育司《关于公布2023年产学合作协同育人项目立项名单的通知》的通知,2023-12-21,https://jwch.fzu.edu.cn/../info/1037/13196.htm,,,
教学运行,关于2023-2024学年第一学期《大学英语（四）》课程期末考试安排的通知,2023-12-21,https://jwch.fzu.edu.cn/../info/1036/13195.htm,2301英语四期末考试 1.7下午.xlsx,625,https://jwch.fzu.edu.cn/system/_content/download.jsp?urltype=news.DownloadAttachUrl&owner=1744984858&wbfileid=13182804
教学运行,关于2023-2024学年第一学期《线性代数》、《线性代数与解析几何》课程期末考试安排的通知,2023-12-21,https://jwch.fzu.edu.cn/../info/1036/13194.htm,2301线代期末考试 1.7上午.xlsx,559,https://jwch.fzu.edu.cn/system/_content/download.jsp?urltype=news.DownloadAttachUrl&owner=1744984858&wbfileid=13182803
教学运行,关于2023-2024学年第一学期计算机语言类课程期末考试安排的通知,2023-12-21,https://jwch.fzu.edu.cn/../info/1036/13193.htm,2301 计算机语言期末考试 1.6上午.xlsx,479,https://jwch.fzu.edu.cn/system/_content/download.jsp?urltype=news.DownloadAttachUrl&owner=1744984858&wbfileid=13182800
实践科,关于做好2023年省级以上大学生创新创业训练计划项目和第二十九期本科生科研训练计划项目中期检查工作的通知,2023-12-19,https://jwch.fzu.edu.cn/../info/1039/13191.htm,附件.zip,1994,https://jwch.fzu.edu.cn/system/_content/download.jsp?urltype=news.DownloadAttachUrl&owner=1744984858&wbfileid=13181295
教学运行,关于2023-2024学年第一学期《思想道德与法治》课程期末考试安排的通知,2023-12-18,https://jwch.fzu.edu.cn/../info/1036/13182.htm,2301思法随堂考.xlsx,814,https://jwch.fzu.edu.cn/system/_content/download.jsp?urltype=news.DownloadAttachUrl&owner=1744984858&wbfileid=13180641
教学运行,关于2023-2024学年第一学期《中国近现代史纲要》课程期末考试安排的通知,2023-12-18,https://jwch.fzu.edu.cn/../info/1036/13181.htm,2301 近现代史纲要期末考 .xlsx,548,https://jwch.fzu.edu.cn/system/_content/download.jsp?urltype=news.DownloadAttachUrl&owner=1744984858&wbfileid=13180640
质量办,关于2023年新上岗教师教学达标培训班教师配备导师的通知,2023-12-15,https://jwch.fzu.edu.cn/../info/1040/13173.htm,2023年福州大学新上岗教师教学达标培训班名单（配导师）.xlsx,972,https://jwch.fzu.edu.cn/system/_content/download.jsp?urltype=news.DownloadAttachUrl&owner=1744984858&wbfileid=13179265
实践科,关于举办福州大学第十届桥梁设计大赛的通知,2023-12-06,https://jwch.fzu.edu.cn/../info/1039/13167.htm,附件1：福州大学第十届桥梁设计大赛报名表20231126.doc,517,https://jwch.fzu.edu.cn/system/_content/download.jsp?urltype=news.DownloadAttachUrl&owner=1744984858&wbfileid=13176359
实践科,关于举办福州大学第十届桥梁设计大赛的通知,2023-12-06,https://jwch.fzu.edu.cn/../info/1039/13167.htm,附件2：福州大学第十届桥梁设计大赛-竞赛细则20231126.doc,552,https://jwch.fzu.edu.cn/system/_content/download.jsp?urltype=news.DownloadAttachUrl&owner=1744984858&wbfileid=13178630
实践科,关于举办福州大学第十届桥梁设计大赛的通知,2023-12-06,https://jwch.fzu.edu.cn/../info/1039/13167.htm,附件3：福州大学第十届桥梁设计大赛-桥址信息20231126.docx,571,https://jwch.fzu.edu.cn/system/_content/download.jsp?urltype=news.DownloadAttachUrl&owner=1744984858&wbfileid=13176358
教研教改,福州大学关于开展第三批国家级一流本科课程申报推荐工作的通知,2023-12-06,https://jwch.fzu.edu.cn/../info/1037/13166.htm,附件2：教育部关于一流本科课程建设的实施意见（教高〔2019〕8号）.doc,584,https://jwch.fzu.edu.cn/system/_content/download.jsp?urltype=news.DownloadAttachUrl&owner=1744984858&wbfileid=13176112
教研教改,福州大学关于开展第三批国家级一流本科课程申报推荐工作的通知,2023-12-06,https://jwch.fzu.edu.cn/../info/1037/13166.htm,附件1：教育部办公厅关于开展第三批国家级 一流本科课程认定工作的通知（教高厅函〔2023〕24 号）.pdf,437,https://jwch.fzu.edu.cn/system/_content/download.jsp?urltype=news.DownloadAttachUrl&owner=1744984858&wbfileid=13176113
教研教改,福州大学关于开展第三批国家级一流本科课程申报推荐工作的通知,2023-12-06,https://jwch.fzu.edu.cn/../info/1037/13166.htm,附件3：第三批国家级一流本科课程申报说明.pdf,1483,https://jwch.fzu.edu.cn/system/_content/download.jsp?urltype=news.DownloadAttachUrl&owner=1744984858&wbfileid=13176114
教研教改,福州大学关于开展第三批国家级一流本科课程申报推荐工作的通知,2023-12-06,https://jwch.fzu.edu.cn/../info/1037/13166.htm,附件4：社会实践课程申报书（第三批）.docx,443,https://jwch.fzu.edu.cn/system/_content/download.jsp?urltype=news.DownloadAttachUrl&owner=1744984858&wbfileid=13176115
教研教改,福州大学关于开展第三批国家级一流本科课程申报推荐工作的通知,2023-12-06,https://jwch.fzu.edu.cn/../info/1037/13166.htm,附件4：课程数据信息表（线上课程申报书附件）.docx,559,https://jwch.fzu.edu.cn/system/_content/download.jsp?urltype=news.DownloadAttachUrl&owner=1744984858&wbfileid=13176116
教研教改,福州大学关于开展第三批国家级一流本科课程申报推荐工作的通知,2023-12-06,https://jwch.fzu.edu.cn/../info/1037/13166.htm,附件4：线上课程申报书（第三批）.docx,584,https://jwch.fzu.edu.cn/system/_content/download.jsp?urltype=news.DownloadAttachUrl&owner=1744984858&wbfileid=13176117
教研教改,福州大学关于开展第三批国家级一流本科课程申报推荐工作的通知,2023-12-06,https://jwch.fzu.edu.cn/../info/1037/13166.htm,附件4：线下课程申报书（第三批）.docx,515,https://jwch.fzu.edu.cn/system/_content/download.jsp?urltype=news.DownloadAttachUrl&owner=1744984858&wbfileid=13176118
教研教改,福州大学关于开展第三批国家级一流本科课程申报推荐工作的通知,2023-12-06,https://jwch.fzu.edu.cn/../info/1037/13166.htm,附件4：虚拟仿真实验教学课程申报书（第三批）.docx,598,https://jwch.fzu.edu.cn/system/_content/download.jsp?urltype=news.DownloadAttachUrl&owner=1744984858&wbfileid=13176119
教研教改,福州大学关于开展第三批国家级一流本科课程申报推荐工作的通知,2023-12-06,https://jwch.fzu.edu.cn/../info/1037/13166.htm,附件4；线上线下混合式课程申报书（第三批）.docx,565,https://jwch.fzu.edu.cn/system/_content/download.jsp?urltype=news.DownloadAttachUrl&owner=1744984858&wbfileid=13176120
教材中心,转发教育部办公厅关于印发《 “十四五”普通高等教育本科国家级规划教材建设实施方案》的通知,2023-12-05,https://jwch.fzu.edu.cn/../info/1042/13164.htm,教育部办公厅关于印发《“十四五”普通高等教育本科国家级规划教材建设实施方案》的通知.pdf,626,https://jwch.fzu.edu.cn/system/_content/download.jsp?urltype=news.DownloadAttachUrl&owner=1744984858&wbfileid=13175516
教学运行,关于2023-2024学年第一学期《马克思主义基本原理》课程期末考试安排的通知,2023-12-05,https://jwch.fzu.edu.cn/../info/1036/13163.htm,2301 马克思主义基本原理期末随堂考.xlsx,685,https://jwch.fzu.edu.cn/system/_content/download.jsp?urltype=news.DownloadAttachUrl&owner=1744984858&wbfileid=13175500
教学运行,关于2023-2024学年第一学期《毛泽东思想和中国特色社会主义理论体系概论》课程期末考试安排的通知,2023-12-05,https://jwch.fzu.edu.cn/../info/1036/13162.htm,2301 毛概论期末随堂考.xlsx,738,https://jwch.fzu.edu.cn/system/_content/download.jsp?urltype=news.DownloadAttachUrl&owner=1744984858&wbfileid=13175476
实践科,关于做好2024届本科生毕业设计（论文）工作的通知,2023-12-04,https://jwch.fzu.edu.cn/../info/1039/13155.htm,附件：2024届福州大学本科生毕业设计（论文）有关表格.zip,3395,https://jwch.fzu.edu.cn/system/_content/download.jsp?urltype=news.DownloadAttachUrl&owner=1744984858&wbfileid=13175534
计划科,关于2023-2024学年第二学期修读辅修专业学生名单的公示,2023-12-04,https://jwch.fzu.edu.cn/../info/1038/13154.htm,,,
实践科,关于开展大学生校外实践教学基地抽检评审的通知,2023-11-29,https://jwch.fzu.edu.cn/../info/1039/13152.htm,附件：福州大学大学生校外实践教学基地抽查评审一览表.xlsx,616,https://jwch.fzu.edu.cn/system/_content/download.jsp?urltype=news.DownloadAttachUrl&owner=1744984858&wbfileid=13173085
教研教改,关于公布2023年福州大学课程思政示范项目立项建设名单的通知,2023-11-28,https://jwch.fzu.edu.cn/../info/1037/13151.htm,,,
教学运行,关于2023-2024学年第一学期《概率论与数理统计》课程期末考试安排的通知,2023-11-27,https://jwch.fzu.edu.cn/../info/1036/13147.htm,2301概率期末考12.17上午.xlsx,636,https://jwch.fzu.edu.cn/system/_content/download.jsp?urltype=news.DownloadAttachUrl&owner=1744984858&wbfileid=13171845
教学运行,关于2023-2024学年第一学期《大学物理B（下）》课程期末考试安排的通知,2023-11-27,https://jwch.fzu.edu.cn/../info/1036/13146.htm,2301大物B（下）期末考12.17下午.xlsx,690,https://jwch.fzu.edu.cn/system/_content/download.jsp?urltype=news.DownloadAttachUrl&owner=1744984858&wbfileid=13171844
教材中心,关于做好2023-2024学年第二学期教材选用及征订工作的通知,2023-11-23,https://jwch.fzu.edu.cn/../info/1042/13144.htm,附件1：已出版马克思主义理论研究和建设工程重点教材目录（截至2023年09月，共计116种）.xlsx,673,https://jwch.fzu.edu.cn/system/_content/download.jsp?urltype=news.DownloadAttachUrl&owner=1744984858&wbfileid=13170310
教材中心,关于做好2023-2024学年第二学期教材选用及征订工作的通知,2023-11-23,https://jwch.fzu.edu.cn/../info/1042/13144.htm,附件2：全国大中专教学用书目录(2024春).xlsx,708,https://jwch.fzu.edu.cn/system/_content/download.jsp?urltype=news.DownloadAttachUrl&owner=1744984858&wbfileid=13170311
