附件名,附件链接,下载次数,通知部门
附件2-福州大学2024年优秀教学管理人员申报表.doc,https://jwch.fzu.edu.cn/system/_content/download.jsp?urltype=news.DownloadAttachUrl&owner=1744984858&wbfileid=15643196,66,综合科
附件1-福大政21-47福州大学关于印发优秀教学管理人员评选办法的通知.pdf,https://jwch.fzu.edu.cn/system/_content/download.jsp?urltype=news.DownloadAttachUrl&owner=1744984858&wbfileid=15643197,65,综合科
附件4：参会教师名单收集汇总表.xls,https://jwch.fzu.edu.cn/system/_content/download.jsp?urltype=news.DownloadAttachUrl&owner=1744984858&wbfileid=14590885,300,综合科
附件2：高博会日程总览.jpg,https://jwch.fzu.edu.cn/system/_content/download.jsp?urltype=news.DownloadAttachUrl&owner=1744984858&wbfileid=14590884,302,综合科
附件3：报名二维码.doc,https://jwch.fzu.edu.cn/system/_content/download.jsp?urltype=news.DownloadAttachUrl&owner=1744984858&wbfileid=14590883,255,综合科
附件1：各单位选派教师参会名额安排表.xlsx,https://jwch.fzu.edu.cn/system/_content/download.jsp?urltype=news.DownloadAttachUrl&owner=1744984858&wbfileid=14590882,304,综合科
教务处2023年寒假用印安排.docx,https://jwch.fzu.edu.cn/system/_content/download.jsp?urltype=news.DownloadAttachUrl&owner=1744984858&wbfileid=11925515,1093,综合科
福州大学2022年优秀教学管理人员申报表.doc,https://jwch.fzu.edu.cn/system/_content/download.jsp?urltype=news.DownloadAttachUrl&owner=1744984858&wbfileid=11830327,1001,综合科
福大政21-47福州大学关于印发优秀教学管理人员评选办法的通知.pdf,https://jwch.fzu.edu.cn/system/_content/download.jsp?urltype=news.DownloadAttachUrl&owner=1744984858&wbfileid=11830328,894,综合科
闽教便函〔2022〕891号福建省教育厅办公室关于举办2022年省本科教育管理人员培训班的通知.pdf,https://jwch.fzu.edu.cn/system/_content/download.jsp?urltype=news.DownloadAttachUrl&owner=1744984858&wbfileid=11357009,1192,综合科
附件4：2021年秋季全国大中专教材用书汇编数据-仅出版社.xlsx,https://jwch.fzu.edu.cn/system/_content/download.jsp?urltype=news.DownloadAttachUrl&owner=1744984858&wbfileid=7605009,922,综合科
附件1：福州大学教材选用与供应管理办法（福大教【2020】22号）.docx,https://jwch.fzu.edu.cn/system/_content/download.jsp?urltype=news.DownloadAttachUrl&owner=1744984858&wbfileid=7605008,998,综合科
附件2：教育部办公厅关于加强高等学校使用外国教材管理的通知.docx,https://jwch.fzu.edu.cn/system/_content/download.jsp?urltype=news.DownloadAttachUrl&owner=1744984858&wbfileid=7605006,960,综合科
附件3：已出版马克思主义理论研究和建设工程重点教材目录（截至2021年06月，共计99种）.xlsx,https://jwch.fzu.edu.cn/system/_content/download.jsp?urltype=news.DownloadAttachUrl&owner=1744984858&wbfileid=7605007,898,综合科
福州大学学生证补办申请表.xls,https://jwch.fzu.edu.cn/system/_content/download.jsp?urltype=news.DownloadAttachUrl&owner=1744984858&wbfileid=7669008,983,综合科
福州大学学生证补办汇总表.xls,https://jwch.fzu.edu.cn/system/_content/download.jsp?urltype=news.DownloadAttachUrl&owner=1744984858&wbfileid=7669009,1191,综合科
2401制图C（上）、D、F期末考-1.13下午.xlsx,https://jwch.fzu.edu.cn/system/_content/download.jsp?urltype=news.DownloadAttachUrl&owner=1744984858&wbfileid=15647296,25,教学运行
2401英语二期末考-1.11上、下午.xlsx,https://jwch.fzu.edu.cn/system/_content/download.jsp?urltype=news.DownloadAttachUrl&owner=1744984858&wbfileid=15647283,90,教学运行
2401英语一、三期末考-1.10.xlsx,https://jwch.fzu.edu.cn/system/_content/download.jsp?urltype=news.DownloadAttachUrl&owner=1744984858&wbfileid=15647279,32,教学运行
2401思法随堂考.xlsx,https://jwch.fzu.edu.cn/system/_content/download.jsp?urltype=news.DownloadAttachUrl&owner=1744984858&wbfileid=15646936,180,教学运行
2401线性代数、线性代数与解析几何期末考-1.5上午.xlsx,https://jwch.fzu.edu.cn/system/_content/download.jsp?urltype=news.DownloadAttachUrl&owner=1744984858&wbfileid=15646935,76,教学运行
2401史纲随堂考.xlsx,https://jwch.fzu.edu.cn/system/_content/download.jsp?urltype=news.DownloadAttachUrl&owner=1744984858&wbfileid=15645108,190,教学运行
2401英语四期末考-12.29上午.xlsx,https://jwch.fzu.edu.cn/system/_content/download.jsp?urltype=news.DownloadAttachUrl&owner=1744984858&wbfileid=15645107,187,教学运行
2401计算机语言课程期末考-12.28上午.xlsx,https://jwch.fzu.edu.cn/system/_content/download.jsp?urltype=news.DownloadAttachUrl&owner=1744984858&wbfileid=15643339,231,教学运行
2401概率期末考-12.15下午.xlsx,https://jwch.fzu.edu.cn/system/_content/download.jsp?urltype=news.DownloadAttachUrl&owner=1744984858&wbfileid=15640022,195,教学运行
2401马原随堂考.xlsx,https://jwch.fzu.edu.cn/system/_content/download.jsp?urltype=news.DownloadAttachUrl&owner=1744984858&wbfileid=15639802,173,教学运行
2401毛概随堂考.xlsx,https://jwch.fzu.edu.cn/system/_content/download.jsp?urltype=news.DownloadAttachUrl&owner=1744984858&wbfileid=15639803,194,教学运行
2401制图E期末考-12.8上午.xlsx,https://jwch.fzu.edu.cn/system/_content/download.jsp?urltype=news.DownloadAttachUrl&owner=1744984858&wbfileid=15635768,212,教学运行
2401高等数学A下期末考-12.1上午.xlsx,https://jwch.fzu.edu.cn/system/_content/download.jsp?urltype=news.DownloadAttachUrl&owner=1744984858&wbfileid=15635767,235,教学运行
2401习概随堂考.xlsx,https://jwch.fzu.edu.cn/system/_content/download.jsp?urltype=news.DownloadAttachUrl&owner=1744984858&wbfileid=15565434,316,教学运行
2024各学院转专业细则.pdf,https://jwch.fzu.edu.cn/system/_content/download.jsp?urltype=news.DownloadAttachUrl&owner=1744984858&wbfileid=14924468,4087,教学运行
2401线性代数、线性代数与解析几何半期考11.24上午.xlsx,https://jwch.fzu.edu.cn/system/_content/download.jsp?urltype=news.DownloadAttachUrl&owner=1744984858&wbfileid=14923476,334,教学运行
2401高等数学A（上）、B（上）、C（上）、D半期考11.17上午.xlsx,https://jwch.fzu.edu.cn/system/_content/download.jsp?urltype=news.DownloadAttachUrl&owner=1744984858&wbfileid=14920804,1459,教学运行
附件3：获得图像采集码途径.pdf,https://jwch.fzu.edu.cn/system/_content/download.jsp?urltype=news.DownloadAttachUrl&owner=1744984858&wbfileid=14918535,745,教学运行
附件2：各学院分班拍照顺序.pdf,https://jwch.fzu.edu.cn/system/_content/download.jsp?urltype=news.DownloadAttachUrl&owner=1744984858&wbfileid=14918534,717,教学运行
附件1：拍照地点示意图.pdf,https://jwch.fzu.edu.cn/system/_content/download.jsp?urltype=news.DownloadAttachUrl&owner=1744984858&wbfileid=14918533,497,教学运行
2401大物A（下）、B（下）半期考11.2上午.xlsx,https://jwch.fzu.edu.cn/system/_content/download.jsp?urltype=news.DownloadAttachUrl&owner=1744984858&wbfileid=14918114,409,教学运行
2401概率论半期考10.27下午.xlsx,https://jwch.fzu.edu.cn/system/_content/download.jsp?urltype=news.DownloadAttachUrl&owner=1744984858&wbfileid=14914281,251,教学运行
2401高等数学A（下）半期考10.13上午.xlsx,https://jwch.fzu.edu.cn/system/_content/download.jsp?urltype=news.DownloadAttachUrl&owner=1744984858&wbfileid=14911585,355,教学运行
福州大学本科生转专业管理实施办法.doc,https://jwch.fzu.edu.cn/system/_content/download.jsp?urltype=news.DownloadAttachUrl&owner=1744984858&wbfileid=14903737,289,教学运行
福州大学参军退伍复学后学生转专业审批表.doc,https://jwch.fzu.edu.cn/system/_content/download.jsp?urltype=news.DownloadAttachUrl&owner=1744984858&wbfileid=14903736,233,教学运行
2302 大学物理A（上）、B（上）、C课期末考7.4.xlsx,https://jwch.fzu.edu.cn/system/_content/download.jsp?urltype=news.DownloadAttachUrl&owner=1744984858&wbfileid=14625019,436,教学运行
2302 大学英语（二）、大学英语（四）课程期末考6.22上午.xlsx,https://jwch.fzu.edu.cn/system/_content/download.jsp?urltype=news.DownloadAttachUrl&owner=1744984858&wbfileid=14624676,357,教学运行
2302 英语专题课期末考6.29.xlsx,https://jwch.fzu.edu.cn/system/_content/download.jsp?urltype=news.DownloadAttachUrl&owner=1744984858&wbfileid=14624645,413,教学运行
2302 工程制图A（下）、D、F期末考6.30上午.xlsx,https://jwch.fzu.edu.cn/system/_content/download.jsp?urltype=news.DownloadAttachUrl&owner=1744984858&wbfileid=14624501,341,教学运行
2302 大学英语（三）期末考 6.23上午.xlsx,https://jwch.fzu.edu.cn/system/_content/download.jsp?urltype=news.DownloadAttachUrl&owner=1744984858&wbfileid=14623875,418,教学运行
2302 高等数学A（中）期末考 6.23下午.xlsx,https://jwch.fzu.edu.cn/system/_content/download.jsp?urltype=news.DownloadAttachUrl&owner=1744984858&wbfileid=14622719,366,教学运行
2302高等数学B（下）期末考 6.23下午.xlsx,https://jwch.fzu.edu.cn/system/_content/download.jsp?urltype=news.DownloadAttachUrl&owner=1744984858&wbfileid=14622718,464,教学运行
2302 高等数学C（下）期末考 6.23下午.xlsx,https://jwch.fzu.edu.cn/system/_content/download.jsp?urltype=news.DownloadAttachUrl&owner=1744984858&wbfileid=14622717,327,教学运行
2302  马克思主义基本原理 期末考试.xlsx,https://jwch.fzu.edu.cn/system/_content/download.jsp?urltype=news.DownloadAttachUrl&owner=1744984858&wbfileid=14620411,401,教学运行
2302 毛泽东思想和中国特色社会主义理论体系概论  期末考.xlsx,https://jwch.fzu.edu.cn/system/_content/download.jsp?urltype=news.DownloadAttachUrl&owner=1744984858&wbfileid=14620410,336,教学运行
2302 工程制图C（下）期末考试 6.16下午.xlsx,https://jwch.fzu.edu.cn/system/_content/download.jsp?urltype=news.DownloadAttachUrl&owner=1744984858&wbfileid=14618057,319,教学运行
2302 德法 期末考.xlsx,https://jwch.fzu.edu.cn/system/_content/download.jsp?urltype=news.DownloadAttachUrl&owner=1744984858&wbfileid=14618055,371,教学运行
2302 概率期末考 6.2下午.xlsx,https://jwch.fzu.edu.cn/system/_content/download.jsp?urltype=news.DownloadAttachUrl&owner=1744984858&wbfileid=14615348,407,教学运行
2302 近现代 期末考试.xlsx,https://jwch.fzu.edu.cn/system/_content/download.jsp?urltype=news.DownloadAttachUrl&owner=1744984858&wbfileid=14613665,533,教学运行
2302 线性代数期末考 6.2下午.xlsx,https://jwch.fzu.edu.cn/system/_content/download.jsp?urltype=news.DownloadAttachUrl&owner=1744984858&wbfileid=14613663,371,教学运行
2302习概论期末考试.xlsx,https://jwch.fzu.edu.cn/system/_content/download.jsp?urltype=news.DownloadAttachUrl&owner=1744984858&wbfileid=14611555,459,教学运行
2302计算机语言课期末考试6.1.xlsx,https://jwch.fzu.edu.cn/system/_content/download.jsp?urltype=news.DownloadAttachUrl&owner=1744984858&wbfileid=14611191,562,教学运行
2302 工程制图E期末考试 5.12上午.xlsx,https://jwch.fzu.edu.cn/system/_content/download.jsp?urltype=news.DownloadAttachUrl&owner=1744984858&wbfileid=14604454,432,教学运行
附件2：获得图像采集码途径.pdf,https://jwch.fzu.edu.cn/system/_content/download.jsp?urltype=news.DownloadAttachUrl&owner=1744984858&wbfileid=14592958,369,教学运行
附件1：行政北楼平面图.pdf,https://jwch.fzu.edu.cn/system/_content/download.jsp?urltype=news.DownloadAttachUrl&owner=1744984858&wbfileid=14592957,370,教学运行
2302线代半期考4.27上午.xlsx,https://jwch.fzu.edu.cn/system/_content/download.jsp?urltype=news.DownloadAttachUrl&owner=1744984858&wbfileid=14591952,465,教学运行
2302大物半期考4.21下午.xlsx,https://jwch.fzu.edu.cn/system/_content/download.jsp?urltype=news.DownloadAttachUrl&owner=1744984858&wbfileid=14591958,531,教学运行
2302概率半期考4.14下午.xlsx,https://jwch.fzu.edu.cn/system/_content/download.jsp?urltype=news.DownloadAttachUrl&owner=1744984858&wbfileid=14591439,429,教学运行
2302高数半期考4.14上午.xlsx,https://jwch.fzu.edu.cn/system/_content/download.jsp?urltype=news.DownloadAttachUrl&owner=1744984858&wbfileid=14591438,666,教学运行
福州大学参军退伍复学后学生转专业审批表.doc,https://jwch.fzu.edu.cn/system/_content/download.jsp?urltype=news.DownloadAttachUrl&owner=1744984858&wbfileid=14580283,455,教学运行
福州大学本科生转专业管理实施办法（暂行）.docx,https://jwch.fzu.edu.cn/system/_content/download.jsp?urltype=news.DownloadAttachUrl&owner=1744984858&wbfileid=14580282,527,教学运行
2024大物实验（上）绪论排课.xlsx,https://jwch.fzu.edu.cn/system/_content/download.jsp?urltype=news.DownloadAttachUrl&owner=1744984858&wbfileid=14576449,702,教学运行
2301高等数学C（上）、D期末考试 1.19下午.xlsx,https://jwch.fzu.edu.cn/system/_content/download.jsp?urltype=news.DownloadAttachUrl&owner=1744984858&wbfileid=14571714,572,教学运行
2301高等数学A（上）、B（上）期末考试 1.19上午.xlsx,https://jwch.fzu.edu.cn/system/_content/download.jsp?urltype=news.DownloadAttachUrl&owner=1744984858&wbfileid=14571713,808,教学运行
2301大学物理A（下）期末考试 1.18上午.xlsx,https://jwch.fzu.edu.cn/system/_content/download.jsp?urltype=news.DownloadAttachUrl&owner=1744984858&wbfileid=14571712,533,教学运行
2301大学英语（二）期末考试 1.15上午、下午.xlsx,https://jwch.fzu.edu.cn/system/_content/download.jsp?urltype=news.DownloadAttachUrl&owner=1744984858&wbfileid=14571711,669,教学运行
2301大学英语（一）、（三）期末考试 1.14上午.xlsx,https://jwch.fzu.edu.cn/system/_content/download.jsp?urltype=news.DownloadAttachUrl&owner=1744984858&wbfileid=14571710,409,教学运行
2301制图A(上）、C（上）、D、F期末考试 1.13上午.xlsx,https://jwch.fzu.edu.cn/system/_content/download.jsp?urltype=news.DownloadAttachUrl&owner=1744984858&wbfileid=14571709,426,教学运行
2301英语四期末考试 1.7下午.xlsx,https://jwch.fzu.edu.cn/system/_content/download.jsp?urltype=news.DownloadAttachUrl&owner=1744984858&wbfileid=13182804,595,教学运行
2301线代期末考试 1.7上午.xlsx,https://jwch.fzu.edu.cn/system/_content/download.jsp?urltype=news.DownloadAttachUrl&owner=1744984858&wbfileid=13182803,525,教学运行
2301 计算机语言期末考试 1.6上午.xlsx,https://jwch.fzu.edu.cn/system/_content/download.jsp?urltype=news.DownloadAttachUrl&owner=1744984858&wbfileid=13182800,449,教学运行
2301思法随堂考.xlsx,https://jwch.fzu.edu.cn/system/_content/download.jsp?urltype=news.DownloadAttachUrl&owner=1744984858&wbfileid=13180641,781,教学运行
2301 近现代史纲要期末考 .xlsx,https://jwch.fzu.edu.cn/system/_content/download.jsp?urltype=news.DownloadAttachUrl&owner=1744984858&wbfileid=13180640,509,教学运行
2301 马克思主义基本原理期末随堂考.xlsx,https://jwch.fzu.edu.cn/system/_content/download.jsp?urltype=news.DownloadAttachUrl&owner=1744984858&wbfileid=13175500,653,教学运行
2301 毛概论期末随堂考.xlsx,https://jwch.fzu.edu.cn/system/_content/download.jsp?urltype=news.DownloadAttachUrl&owner=1744984858&wbfileid=13175476,705,教学运行
2301概率期末考12.17上午.xlsx,https://jwch.fzu.edu.cn/system/_content/download.jsp?urltype=news.DownloadAttachUrl&owner=1744984858&wbfileid=13171845,600,教学运行
2301大物B（下）期末考12.17下午.xlsx,https://jwch.fzu.edu.cn/system/_content/download.jsp?urltype=news.DownloadAttachUrl&owner=1744984858&wbfileid=13171844,657,教学运行
2301画法几何、工程制图E期末考12.10下午.xlsx,https://jwch.fzu.edu.cn/system/_content/download.jsp?urltype=news.DownloadAttachUrl&owner=1744984858&wbfileid=13163784,708,教学运行
2301高数C(上）、D半期考12.10上午.xlsx,https://jwch.fzu.edu.cn/system/_content/download.jsp?urltype=news.DownloadAttachUrl&owner=1744984858&wbfileid=13163772,611,教学运行
2301高数A(上）、B（上）半期考12.10上午.xlsx,https://jwch.fzu.edu.cn/system/_content/download.jsp?urltype=news.DownloadAttachUrl&owner=1744984858&wbfileid=13163771,767,教学运行
2301线性代数、线性代数与解析几何半期考12.9下午.xlsx,https://jwch.fzu.edu.cn/system/_content/download.jsp?urltype=news.DownloadAttachUrl&owner=1744984858&wbfileid=13163769,659,教学运行
2301高数A（下）期末考12.3下午.xlsx,https://jwch.fzu.edu.cn/system/_content/download.jsp?urltype=news.DownloadAttachUrl&owner=1744984858&wbfileid=13163693,547,教学运行
2023转专业细则.pdf,https://jwch.fzu.edu.cn/system/_content/download.jsp?urltype=news.DownloadAttachUrl&owner=1744984858&wbfileid=13163597,8920,教学运行
2301习概论随堂考.xlsx,https://jwch.fzu.edu.cn/system/_content/download.jsp?urltype=news.DownloadAttachUrl&owner=1744984858&wbfileid=13163586,798,教学运行
2301高数A（下）半期考10.22晚.xlsx,https://jwch.fzu.edu.cn/system/_content/download.jsp?urltype=news.DownloadAttachUrl&owner=1744984858&wbfileid=13145543,771,教学运行
10.29晚大物B（下）半期考.xlsx,https://jwch.fzu.edu.cn/system/_content/download.jsp?urltype=news.DownloadAttachUrl&owner=1744984858&wbfileid=13145374,601,教学运行
10.28晚大物A（下）半期考.xlsx,https://jwch.fzu.edu.cn/system/_content/download.jsp?urltype=news.DownloadAttachUrl&owner=1744984858&wbfileid=13145373,630,教学运行
附件2：获得图像采集码途径.pdf,https://jwch.fzu.edu.cn/system/_content/download.jsp?urltype=news.DownloadAttachUrl&owner=1744984858&wbfileid=13145313,1137,教学运行
附件1：各学院分班拍照顺序.pdf,https://jwch.fzu.edu.cn/system/_content/download.jsp?urltype=news.DownloadAttachUrl&owner=1744984858&wbfileid=13145312,1229,教学运行
10.21晚概率半期考.xlsx,https://jwch.fzu.edu.cn/system/_content/download.jsp?urltype=news.DownloadAttachUrl&owner=1744984858&wbfileid=13142824,798,教学运行
附件2：福州大学2024级“数智实验班”选拔方案.docx,https://jwch.fzu.edu.cn/system/_content/download.jsp?urltype=news.DownloadAttachUrl&owner=1744984858&wbfileid=14903337,1334,教研教改
附件1：福州大学2024级“数智实验班”招生简章.docx,https://jwch.fzu.edu.cn/system/_content/download.jsp?urltype=news.DownloadAttachUrl&owner=1744984858&wbfileid=14903339,1994,教研教改
附件3：承诺书.docx,https://jwch.fzu.edu.cn/system/_content/download.jsp?urltype=news.DownloadAttachUrl&owner=1744984858&wbfileid=14903338,479,教研教改
附件1：福州大学2024级“数理综合班”招生简章.doc,https://jwch.fzu.edu.cn/system/_content/download.jsp?urltype=news.DownloadAttachUrl&owner=1744984858&wbfileid=14903271,1682,教研教改
附件2：承诺书.doc,https://jwch.fzu.edu.cn/system/_content/download.jsp?urltype=news.DownloadAttachUrl&owner=1744984858&wbfileid=14903272,413,教研教改
附件2：福州大学2024级“数理金融实验班”选拔方案.doc,https://jwch.fzu.edu.cn/system/_content/download.jsp?urltype=news.DownloadAttachUrl&owner=1744984858&wbfileid=14903267,1041,教研教改
附件1：福州大学2024级“数理金融实验班“招生简章.doc,https://jwch.fzu.edu.cn/system/_content/download.jsp?urltype=news.DownloadAttachUrl&owner=1744984858&wbfileid=14903268,1086,教研教改
附件4：承诺书.doc,https://jwch.fzu.edu.cn/system/_content/download.jsp?urltype=news.DownloadAttachUrl&owner=1744984858&wbfileid=14903270,272,教研教改
附件3：2024级数理金融实验班申请表.doc,https://jwch.fzu.edu.cn/system/_content/download.jsp?urltype=news.DownloadAttachUrl&owner=1744984858&wbfileid=14903269,321,教研教改
附件2：案例撰写格式.docx,https://jwch.fzu.edu.cn/system/_content/download.jsp?urltype=news.DownloadAttachUrl&owner=1744984858&wbfileid=14613251,289,教研教改
附件1：福建省教育厅办公室关于开展高校优秀拔尖创新人才培养案例研究工作的通知.pdf,https://jwch.fzu.edu.cn/system/_content/download.jsp?urltype=news.DownloadAttachUrl&owner=1744984858&wbfileid=14613252,329,教研教改
附件4：案例汇总表.docx,https://jwch.fzu.edu.cn/system/_content/download.jsp?urltype=news.DownloadAttachUrl&owner=1744984858&wbfileid=14613254,298,教研教改
附件3：案例申报表.docx,https://jwch.fzu.edu.cn/system/_content/download.jsp?urltype=news.DownloadAttachUrl&owner=1744984858&wbfileid=14613253,254,教研教改
附件1：福州大学第八届远志创业实验班招生简章.docx,https://jwch.fzu.edu.cn/system/_content/download.jsp?urltype=news.DownloadAttachUrl&owner=1744984858&wbfileid=14612014,941,教研教改
附件2：远志创业实验班修读申请表.docx,https://jwch.fzu.edu.cn/system/_content/download.jsp?urltype=news.DownloadAttachUrl&owner=1744984858&wbfileid=14612015,393,教研教改
第二批福建省新工科教育联盟新工科教育优秀教学案例征集、实践平台共建共享工作附件3——附件6.rar,https://jwch.fzu.edu.cn/system/_content/download.jsp?urltype=news.DownloadAttachUrl&owner=1744984858&wbfileid=13183994,479,教研教改
福建省新工科教育联盟关于开展第二批新工科教育优秀教学案例征集、实践平台共建共享工作的通知（含章）.pdf,https://jwch.fzu.edu.cn/system/_content/download.jsp?urltype=news.DownloadAttachUrl&owner=1744984858&wbfileid=13183995,645,教研教改
福建省高校课程思政教育联盟关于开展第二批课程思政优秀教学案例征集工作的通知20231127.docx,https://jwch.fzu.edu.cn/system/_content/download.jsp?urltype=news.DownloadAttachUrl&owner=1744984858&wbfileid=13183975,546,教研教改
福建省高校课程思政教育联盟关于开展第二批课程思政优秀教学案例征集工作的通知（含章）.pdf,https://jwch.fzu.edu.cn/system/_content/download.jsp?urltype=news.DownloadAttachUrl&owner=1744984858&wbfileid=13183976,710,教研教改
附件2：教育部关于一流本科课程建设的实施意见（教高〔2019〕8号）.doc,https://jwch.fzu.edu.cn/system/_content/download.jsp?urltype=news.DownloadAttachUrl&owner=1744984858&wbfileid=13176112,552,教研教改
附件1：教育部办公厅关于开展第三批国家级 一流本科课程认定工作的通知（教高厅函〔2023〕24 号）.pdf,https://jwch.fzu.edu.cn/system/_content/download.jsp?urltype=news.DownloadAttachUrl&owner=1744984858&wbfileid=13176113,418,教研教改
附件3：第三批国家级一流本科课程申报说明.pdf,https://jwch.fzu.edu.cn/system/_content/download.jsp?urltype=news.DownloadAttachUrl&owner=1744984858&wbfileid=13176114,1462,教研教改
附件4：社会实践课程申报书（第三批）.docx,https://jwch.fzu.edu.cn/system/_content/download.jsp?urltype=news.DownloadAttachUrl&owner=1744984858&wbfileid=13176115,425,教研教改
附件4：课程数据信息表（线上课程申报书附件）.docx,https://jwch.fzu.edu.cn/system/_content/download.jsp?urltype=news.DownloadAttachUrl&owner=1744984858&wbfileid=13176116,538,教研教改
附件4：线上课程申报书（第三批）.docx,https://jwch.fzu.edu.cn/system/_content/download.jsp?urltype=news.DownloadAttachUrl&owner=1744984858&wbfileid=13176117,562,教研教改
附件4：线下课程申报书（第三批）.docx,https://jwch.fzu.edu.cn/system/_content/download.jsp?urltype=news.DownloadAttachUrl&owner=1744984858&wbfileid=13176118,491,教研教改
附件4：虚拟仿真实验教学课程申报书（第三批）.docx,https://jwch.fzu.edu.cn/system/_content/download.jsp?urltype=news.DownloadAttachUrl&owner=1744984858&wbfileid=13176119,576,教研教改
附件4；线上线下混合式课程申报书（第三批）.docx,https://jwch.fzu.edu.cn/system/_content/download.jsp?urltype=news.DownloadAttachUrl&owner=1744984858&wbfileid=13176120,544,教研教改
附件1：福州大学2023级“嘉锡化学拔尖班”招生简章.doc,https://jwch.fzu.edu.cn/system/_content/download.jsp?urltype=news.DownloadAttachUrl&owner=1744984858&wbfileid=13049235,1931,教研教改
附件2：福州大学2023级“嘉锡化学拔尖班”选拔方案.doc,https://jwch.fzu.edu.cn/system/_content/download.jsp?urltype=news.DownloadAttachUrl&owner=1744984858&wbfileid=13049236,1557,教研教改
附件2：承诺书.doc,https://jwch.fzu.edu.cn/system/_content/download.jsp?urltype=news.DownloadAttachUrl&owner=1744984858&wbfileid=13049232,869,教研教改
附件1：福州大学2023级“数理综合班”招生简章.doc,https://jwch.fzu.edu.cn/system/_content/download.jsp?urltype=news.DownloadAttachUrl&owner=1744984858&wbfileid=13049231,2221,教研教改
附件3：2023级数理金融实验班申请表.doc,https://jwch.fzu.edu.cn/system/_content/download.jsp?urltype=news.DownloadAttachUrl&owner=1744984858&wbfileid=13049229,765,教研教改
附件4：承诺书.doc,https://jwch.fzu.edu.cn/system/_content/download.jsp?urltype=news.DownloadAttachUrl&owner=1744984858&wbfileid=13049230,690,教研教改
附件1：福州大学2023级“数理金融实验班”招生简章.doc,https://jwch.fzu.edu.cn/system/_content/download.jsp?urltype=news.DownloadAttachUrl&owner=1744984858&wbfileid=13049228,1547,教研教改
附件2：福州大学2023级“数理金融实验班”选拔方案.doc,https://jwch.fzu.edu.cn/system/_content/download.jsp?urltype=news.DownloadAttachUrl&owner=1744984858&wbfileid=13049227,1407,教研教改
附件2：教育部关于一流本科课程建设的实施意见（教高〔2019〕8号）.doc,https://jwch.fzu.edu.cn/system/_content/download.jsp?urltype=news.DownloadAttachUrl&owner=1744984858&wbfileid=12997759,731,教研教改
附件4：2023年省级一流本科课程申报说明.docx,https://jwch.fzu.edu.cn/system/_content/download.jsp?urltype=news.DownloadAttachUrl&owner=1744984858&wbfileid=12997762,786,教研教改
附件7：虚拟仿真实验教学一流课程简介视频及教学引导视频技术要求.pdf,https://jwch.fzu.edu.cn/system/_content/download.jsp?urltype=news.DownloadAttachUrl&owner=1744984858&wbfileid=12997765,1106,教研教改
附件5：2023年福建省一流本科课程申报书.rar,https://jwch.fzu.edu.cn/system/_content/download.jsp?urltype=news.DownloadAttachUrl&owner=1744984858&wbfileid=12997764,752,教研教改
附件6：国家虚拟仿真实验教学课程技术接口规范（2020版）.pdf,https://jwch.fzu.edu.cn/system/_content/download.jsp?urltype=news.DownloadAttachUrl&owner=1744984858&wbfileid=12997763,966,教研教改
附件3：教育部办公厅关于开展第二批国家级一流本科课程认定工作的通知（教高厅函〔2021〕13号）.doc,https://jwch.fzu.edu.cn/system/_content/download.jsp?urltype=news.DownloadAttachUrl&owner=1744984858&wbfileid=12997761,727,教研教改
附件1：福建省教育厅办公室关于开展2023年一流本科课程认定及推荐工作的通（闽教办高〔2023〕2号）.pdf,https://jwch.fzu.edu.cn/system/_content/download.jsp?urltype=news.DownloadAttachUrl&owner=1744984858&wbfileid=12997760,806,教研教改
附件1：福州大学第七届远志创业实验班招生简章.docx,https://jwch.fzu.edu.cn/system/_content/download.jsp?urltype=news.DownloadAttachUrl&owner=1744984858&wbfileid=12990686,1078,教研教改
附件2：远志创业实验班修读申请表.docx,https://jwch.fzu.edu.cn/system/_content/download.jsp?urltype=news.DownloadAttachUrl&owner=1744984858&wbfileid=12990685,801,教研教改
附件1：福州大学本科教学优秀奖评选办法.doc,https://jwch.fzu.edu.cn/system/_content/download.jsp?urltype=news.DownloadAttachUrl&owner=1744984858&wbfileid=12219565,1094,教研教改
附件2：福州大学2022-2023学年教学优秀奖申报简表.doc,https://jwch.fzu.edu.cn/system/_content/download.jsp?urltype=news.DownloadAttachUrl&owner=1744984858&wbfileid=12219566,943,教研教改
附件4：各教学单位2022-2023学年教学优秀奖二等奖和三等奖名额分配表.docx,https://jwch.fzu.edu.cn/system/_content/download.jsp?urltype=news.DownloadAttachUrl&owner=1744984858&wbfileid=12219568,1248,教研教改
附件3：福州大学2022-2023学年教学优秀奖申报汇总表.xls,https://jwch.fzu.edu.cn/system/_content/download.jsp?urltype=news.DownloadAttachUrl&owner=1744984858&wbfileid=12219567,959,教研教改
福建省新工科教育联盟关于开展新工科教育专家库建设-优秀教学案例征集-实践平台共建共享工作的通知.rar,https://jwch.fzu.edu.cn/system/_content/download.jsp?urltype=news.DownloadAttachUrl&owner=1744984858&wbfileid=11413860,1058,教研教改
福建省高校课程思政教育联盟关于开展课程思政专家库建设及优秀教学案例征集工作的通知(定稿）.rar,https://jwch.fzu.edu.cn/system/_content/download.jsp?urltype=news.DownloadAttachUrl&owner=1744984858&wbfileid=11413795,1124,教研教改
附件4：福州大学“嘉锡化学拔尖班”实施方案.doc,https://jwch.fzu.edu.cn/system/_content/download.jsp?urltype=news.DownloadAttachUrl&owner=1744984858&wbfileid=11407984,1489,教研教改
附件5：福州大学“嘉锡化学拔尖班”培养方案.doc,https://jwch.fzu.edu.cn/system/_content/download.jsp?urltype=news.DownloadAttachUrl&owner=1744984858&wbfileid=11407985,1648,教研教改
附件1：福州大学2022级“嘉锡化学拔尖班”招生简章.doc,https://jwch.fzu.edu.cn/system/_content/download.jsp?urltype=news.DownloadAttachUrl&owner=1744984858&wbfileid=11407981,1850,教研教改
附件3： 申请表.doc,https://jwch.fzu.edu.cn/system/_content/download.jsp?urltype=news.DownloadAttachUrl&owner=1744984858&wbfileid=11407983,1340,教研教改
附件2：福州大学2022级“嘉锡化学拔尖班”选拔方案.doc,https://jwch.fzu.edu.cn/system/_content/download.jsp?urltype=news.DownloadAttachUrl&owner=1744984858&wbfileid=11407982,1706,教研教改
附件3：福州大学2022级“数理综合班”选拔线上（网络远程）面试工作流程.doc,https://jwch.fzu.edu.cn/system/_content/download.jsp?urltype=news.DownloadAttachUrl&owner=1744984858&wbfileid=11407713,1623,教研教改
附件4：承诺书.doc,https://jwch.fzu.edu.cn/system/_content/download.jsp?urltype=news.DownloadAttachUrl&owner=1744984858&wbfileid=11407714,1387,教研教改
附件1：福州大学2022级“数理综合班”招生简章.doc,https://jwch.fzu.edu.cn/system/_content/download.jsp?urltype=news.DownloadAttachUrl&owner=1744984858&wbfileid=11407972,2515,教研教改
附件2：福州大学2022级“数理综合班”选拔方案.doc,https://jwch.fzu.edu.cn/system/_content/download.jsp?urltype=news.DownloadAttachUrl&owner=1744984858&wbfileid=11407712,2019,教研教改
附件1：福州大学2022级“数理金融实验班”招生简章.doc,https://jwch.fzu.edu.cn/system/_content/download.jsp?urltype=news.DownloadAttachUrl&owner=1744984858&wbfileid=11407664,2086,教研教改
附件2：福州大学2022级“数理金融实验班”选拔方案.doc,https://jwch.fzu.edu.cn/system/_content/download.jsp?urltype=news.DownloadAttachUrl&owner=1744984858&wbfileid=11407665,1920,教研教改
附件5：线上（网络远程）面试工作流程.doc,https://jwch.fzu.edu.cn/system/_content/download.jsp?urltype=news.DownloadAttachUrl&owner=1744984858&wbfileid=11407668,1281,教研教改
附件4：承诺书.doc,https://jwch.fzu.edu.cn/system/_content/download.jsp?urltype=news.DownloadAttachUrl&owner=1744984858&wbfileid=11407667,1131,教研教改
附件3：报名表.doc,https://jwch.fzu.edu.cn/system/_content/download.jsp?urltype=news.DownloadAttachUrl&owner=1744984858&wbfileid=11407666,1208,教研教改
附件1：福州大学第六届远志创业实验班招生简章.docx,https://jwch.fzu.edu.cn/system/_content/download.jsp?urltype=news.DownloadAttachUrl&owner=1744984858&wbfileid=7849547,2725,教研教改
附件2：远志创业实验班修读申请表.docx,https://jwch.fzu.edu.cn/system/_content/download.jsp?urltype=news.DownloadAttachUrl&owner=1744984858&wbfileid=7849548,1599,教研教改
附件3：福州大学一流本科课程建设项目成果简述表.docx,https://jwch.fzu.edu.cn/system/_content/download.jsp?urltype=news.DownloadAttachUrl&owner=1744984858&wbfileid=7847708,1358,教研教改
附件2：福州大学一流本科课程建设项目名单.doc,https://jwch.fzu.edu.cn/system/_content/download.jsp?urltype=news.DownloadAttachUrl&owner=1744984858&wbfileid=7847709,1470,教研教改
附件1：福州大学线上线下混合式一流课程（爱课程SPOC）建设项目名单.doc,https://jwch.fzu.edu.cn/system/_content/download.jsp?urltype=news.DownloadAttachUrl&owner=1744984858&wbfileid=7847710,1245,教研教改
附件1：福州大学本科教学优秀奖评选办法.doc,https://jwch.fzu.edu.cn/system/_content/download.jsp?urltype=news.DownloadAttachUrl&owner=1744984858&wbfileid=7841980,1258,教研教改
附件2：福州大学2021-2022学年教学优秀奖申报简表.doc,https://jwch.fzu.edu.cn/system/_content/download.jsp?urltype=news.DownloadAttachUrl&owner=1744984858&wbfileid=7841981,1026,教研教改
附件3：福州大学2021-2022学年教学优秀奖申报汇总表.xls,https://jwch.fzu.edu.cn/system/_content/download.jsp?urltype=news.DownloadAttachUrl&owner=1744984858&wbfileid=7841982,1189,教研教改
附件4：各教学单位2021-2022学年教学优秀奖二等奖和三等奖名额分配表.docx,https://jwch.fzu.edu.cn/system/_content/download.jsp?urltype=news.DownloadAttachUrl&owner=1744984858&wbfileid=7841983,1128,教研教改
课程思政示范课程、教学名师和团队申报书.docx,https://jwch.fzu.edu.cn/system/_content/download.jsp?urltype=news.DownloadAttachUrl&owner=1744984858&wbfileid=7838154,1031,教研教改
附件1-招生简章.docx,https://jwch.fzu.edu.cn/system/_content/download.jsp?urltype=news.DownloadAttachUrl&owner=1744984858&wbfileid=7673054,2104,教研教改
附件2-选拔方案.doc,https://jwch.fzu.edu.cn/system/_content/download.jsp?urltype=news.DownloadAttachUrl&owner=1744984858&wbfileid=7673055,1661,教研教改
附件3-申请表.doc,https://jwch.fzu.edu.cn/system/_content/download.jsp?urltype=news.DownloadAttachUrl&owner=1744984858&wbfileid=7673057,1213,教研教改
附件4-培养方案.doc,https://jwch.fzu.edu.cn/system/_content/download.jsp?urltype=news.DownloadAttachUrl&owner=1744984858&wbfileid=7673056,1408,教研教改
附件5-培养计划.doc,https://jwch.fzu.edu.cn/system/_content/download.jsp?urltype=news.DownloadAttachUrl&owner=1744984858&wbfileid=7673058,1544,教研教改
2024年秋季国际化拔尖创新人才科研训练具体课程清单.xlsx,https://jwch.fzu.edu.cn/system/_content/download.jsp?urltype=news.DownloadAttachUrl&owner=1744984858&wbfileid=14909706,747,计划科
超星尔雅使用手册（学生版）.pdf,https://jwch.fzu.edu.cn/system/_content/download.jsp?urltype=news.DownloadAttachUrl&owner=1744984858&wbfileid=14909664,4374,计划科
2024-2025学年第一学期国情课列表.docx,https://jwch.fzu.edu.cn/system/_content/download.jsp?urltype=news.DownloadAttachUrl&owner=1744984858&wbfileid=14901557,609,计划科
港澳台侨学生思政课和军事课程退选申请表.docx,https://jwch.fzu.edu.cn/system/_content/download.jsp?urltype=news.DownloadAttachUrl&owner=1744984858&wbfileid=14901556,471,计划科
超星尔雅使用手册（学生版）.pdf,https://jwch.fzu.edu.cn/system/_content/download.jsp?urltype=news.DownloadAttachUrl&owner=1744984858&wbfileid=14901547,1723,计划科
智慧树学生手册.pptx,https://jwch.fzu.edu.cn/system/_content/download.jsp?urltype=news.DownloadAttachUrl&owner=1744984858&wbfileid=14901550,836,计划科
慕课堂学生操作手册.pdf,https://jwch.fzu.edu.cn/system/_content/download.jsp?urltype=news.DownloadAttachUrl&owner=1744984858&wbfileid=14901548,1869,计划科
附件1国际化拔尖创新人才科研训练具体课程清单.xlsx,https://jwch.fzu.edu.cn/system/_content/download.jsp?urltype=news.DownloadAttachUrl&owner=1744984858&wbfileid=14580133,1762,计划科
2023-2024学年第二学期国情课列表.docx,https://jwch.fzu.edu.cn/system/_content/download.jsp?urltype=news.DownloadAttachUrl&owner=1744984858&wbfileid=14579883,706,计划科
24春夏智慧树学生手册更新（可导学用）最新E(2).pptx,https://jwch.fzu.edu.cn/system/_content/download.jsp?urltype=news.DownloadAttachUrl&owner=1744984858&wbfileid=14583720,384,计划科
超星尔雅使用手册（学生版）.pdf,https://jwch.fzu.edu.cn/system/_content/download.jsp?urltype=news.DownloadAttachUrl&owner=1744984858&wbfileid=14579829,2102,计划科
慕课堂学生操作手册.pdf,https://jwch.fzu.edu.cn/system/_content/download.jsp?urltype=news.DownloadAttachUrl&owner=1744984858&wbfileid=14579831,1550,计划科
2023-2024学年第一学期国情课列表.docx,https://jwch.fzu.edu.cn/system/_content/download.jsp?urltype=news.DownloadAttachUrl&owner=1744984858&wbfileid=13049257,953,计划科
港澳台侨学生思政课和军事课程退选申请表.docx,https://jwch.fzu.edu.cn/system/_content/download.jsp?urltype=news.DownloadAttachUrl&owner=1744984858&wbfileid=13049258,980,计划科
超星尔雅使用手册（学生版）.pdf,https://jwch.fzu.edu.cn/system/_content/download.jsp?urltype=news.DownloadAttachUrl&owner=1744984858&wbfileid=13049254,2581,计划科
智慧树学生端操作手册.pdf,https://jwch.fzu.edu.cn/system/_content/download.jsp?urltype=news.DownloadAttachUrl&owner=1744984858&wbfileid=13049255,1118,计划科
慕课堂学生操作手册.pdf,https://jwch.fzu.edu.cn/system/_content/download.jsp?urltype=news.DownloadAttachUrl&owner=1744984858&wbfileid=13049256,2975,计划科
2022-2023学年第二学期国情课列表.docx,https://jwch.fzu.edu.cn/system/_content/download.jsp?urltype=news.DownloadAttachUrl&owner=1744984858&wbfileid=11930286,1274,计划科
爱课程学生注册与选课指南.doc,https://jwch.fzu.edu.cn/system/_content/download.jsp?urltype=news.DownloadAttachUrl&owner=1744984858&wbfileid=11930249,2076,计划科
2022-2023学年第一学期国情课列表.docx,https://jwch.fzu.edu.cn/system/_content/download.jsp?urltype=news.DownloadAttachUrl&owner=1744984858&wbfileid=11407382,1439,计划科
港澳台侨学生思政课和军事课程退选申请表.docx,https://jwch.fzu.edu.cn/system/_content/download.jsp?urltype=news.DownloadAttachUrl&owner=1744984858&wbfileid=11407383,1211,计划科
爱课程学生注册与选课指南.doc,https://jwch.fzu.edu.cn/system/_content/download.jsp?urltype=news.DownloadAttachUrl&owner=1744984858&wbfileid=11407426,1638,计划科
2021-2022学年第二学期国情课列表.docx,https://jwch.fzu.edu.cn/system/_content/download.jsp?urltype=news.DownloadAttachUrl&owner=1744984858&wbfileid=7833565,1324,计划科
爱课程学生注册与选课指南.doc,https://jwch.fzu.edu.cn/system/_content/download.jsp?urltype=news.DownloadAttachUrl&owner=1744984858&wbfileid=7833564,2395,计划科
附件1：福大教评24-3-福州大学关于印发本科教学督导工作管理实施办法的通知.pdf,https://jwch.fzu.edu.cn/system/_content/download.jsp?urltype=news.DownloadAttachUrl&owner=1744984858&wbfileid=15646301,59,质量办
附件2：学院本科教学督导组名单.docx,https://jwch.fzu.edu.cn/system/_content/download.jsp?urltype=news.DownloadAttachUrl&owner=1744984858&wbfileid=15646302,47,质量办
附件1：福州大学课堂教学质量评估表.doc,https://jwch.fzu.edu.cn/system/_content/download.jsp?urltype=news.DownloadAttachUrl&owner=1744984858&wbfileid=14920325,104,质量办
附件2：福州大学课堂教学质量评估表（思政课）.docx,https://jwch.fzu.edu.cn/system/_content/download.jsp?urltype=news.DownloadAttachUrl&owner=1744984858&wbfileid=14920326,104,质量办
附件3：第10-11周课表.xlsx,https://jwch.fzu.edu.cn/system/_content/download.jsp?urltype=news.DownloadAttachUrl&owner=1744984858&wbfileid=14920327,144,质量办
附件4：福州大学党政领导听课管理实施办法（福大教〔2022〕27号）.doc,https://jwch.fzu.edu.cn/system/_content/download.jsp?urltype=news.DownloadAttachUrl&owner=1744984858&wbfileid=14920328,92,质量办
附件：2024年福州大学新上岗教师达标培训班名单（配导师）.xlsx,https://jwch.fzu.edu.cn/system/_content/download.jsp?urltype=news.DownloadAttachUrl&owner=1744984858&wbfileid=14917430,500,质量办
附件.rar,https://jwch.fzu.edu.cn/system/_content/download.jsp?urltype=news.DownloadAttachUrl&owner=1744984858&wbfileid=14911304,274,质量办
附件1：福州大学本科课程考核教学档案检查要点.docx,https://jwch.fzu.edu.cn/system/_content/download.jsp?urltype=news.DownloadAttachUrl&owner=1744984858&wbfileid=14908056,240,质量办
附件2：福州大学本科课程考核教学档案检查评价与整改情况反馈表.docx,https://jwch.fzu.edu.cn/system/_content/download.jsp?urltype=news.DownloadAttachUrl&owner=1744984858&wbfileid=14908057,210,质量办
附件：2024年秋季学期申请类督导听课汇总表.docx,https://jwch.fzu.edu.cn/system/_content/download.jsp?urltype=news.DownloadAttachUrl&owner=1744984858&wbfileid=14904857,155,质量办
附件1：福州大学课堂教学质量评估表.doc,https://jwch.fzu.edu.cn/system/_content/download.jsp?urltype=news.DownloadAttachUrl&owner=1744984858&wbfileid=14901500,196,质量办
附件2：高校思政课教学指导组听课评价表.doc,https://jwch.fzu.edu.cn/system/_content/download.jsp?urltype=news.DownloadAttachUrl&owner=1744984858&wbfileid=14901501,201,质量办
附件3：2024-2025学年第一学期第一周课表.xlsx,https://jwch.fzu.edu.cn/system/_content/download.jsp?urltype=news.DownloadAttachUrl&owner=1744984858&wbfileid=14901502,298,质量办
附件4：福州大学党政领导听课管理实施办法（福大教〔2022〕27号）.doc,https://jwch.fzu.edu.cn/system/_content/download.jsp?urltype=news.DownloadAttachUrl&owner=1744984858&wbfileid=14901506,167,质量办
附件1：关于组织2024年工程教育认证研讨培训的通告.docx,https://jwch.fzu.edu.cn/system/_content/download.jsp?urltype=news.DownloadAttachUrl&owner=1744984858&wbfileid=14898472,355,质量办
附件2：2024年工程教育认证研讨培训报名回执.docx,https://jwch.fzu.edu.cn/system/_content/download.jsp?urltype=news.DownloadAttachUrl&owner=1744984858&wbfileid=14898473,236,质量办
附件1：2023年福州大学新上岗教师教学达标培训班名单汇总表.xlsx,https://jwch.fzu.edu.cn/system/_content/download.jsp?urltype=news.DownloadAttachUrl&owner=1744984858&wbfileid=14592375,557,质量办
附件2：2023年新上岗教师课堂授课达标考核情况汇总表-学院一式三份报教务处.docx,https://jwch.fzu.edu.cn/system/_content/download.jsp?urltype=news.DownloadAttachUrl&owner=1744984858&wbfileid=14592376,426,质量办
附件2 福州大学教师教学创新大赛产教融合赛道 学院推荐名单汇总表.docx,https://jwch.fzu.edu.cn/system/_content/download.jsp?urltype=news.DownloadAttachUrl&owner=1744984858&wbfileid=14581598,312,质量办
附件1 关于举办第第四届全国高校教师教学创新大赛产教融合赛道赛事的通知.pdf,https://jwch.fzu.edu.cn/system/_content/download.jsp?urltype=news.DownloadAttachUrl&owner=1744984858&wbfileid=14581597,663,质量办
附件1：福州大学课堂教学质量评估表.doc,https://jwch.fzu.edu.cn/system/_content/download.jsp?urltype=news.DownloadAttachUrl&owner=1744984858&wbfileid=14579817,285,质量办
附件2：2023-2024学年第二学期第一周课表.xlsx,https://jwch.fzu.edu.cn/system/_content/download.jsp?urltype=news.DownloadAttachUrl&owner=1744984858&wbfileid=14579818,399,质量办
附件3：福州大学党政领导听课管理实施办法（福大教〔2022〕27号）.doc,https://jwch.fzu.edu.cn/system/_content/download.jsp?urltype=news.DownloadAttachUrl&owner=1744984858&wbfileid=14579819,284,质量办
2023年福州大学新上岗教师教学达标培训班名单（配导师）.xlsx,https://jwch.fzu.edu.cn/system/_content/download.jsp?urltype=news.DownloadAttachUrl&owner=1744984858&wbfileid=13179265,929,质量办
附件1：福州大学课堂教学质量评估表.doc,https://jwch.fzu.edu.cn/system/_content/download.jsp?urltype=news.DownloadAttachUrl&owner=1744984858&wbfileid=13157962,467,质量办
附件2：第10周课表.xlsx,https://jwch.fzu.edu.cn/system/_content/download.jsp?urltype=news.DownloadAttachUrl&owner=1744984858&wbfileid=13157963,591,质量办
附件1-4.rar,https://jwch.fzu.edu.cn/system/_content/download.jsp?urltype=news.DownloadAttachUrl&owner=1744984858&wbfileid=13142915,646,质量办
附件1：福州大学课堂教学质量评估表.doc,https://jwch.fzu.edu.cn/system/_content/download.jsp?urltype=news.DownloadAttachUrl&owner=1744984858&wbfileid=13049655,823,质量办
附件2：2023-2024学年第一学期第一周课表.xlsx,https://jwch.fzu.edu.cn/system/_content/download.jsp?urltype=news.DownloadAttachUrl&owner=1744984858&wbfileid=13049656,851,质量办
附件3：福州大学党政领导听课管理实施办法（福大教〔2022〕27号）.doc,https://jwch.fzu.edu.cn/system/_content/download.jsp?urltype=news.DownloadAttachUrl&owner=1744984858&wbfileid=13049657,642,质量办
附件：2025届福州大学本科生毕业设计（论文）有关表格.zip,https://jwch.fzu.edu.cn/system/_content/download.jsp?urltype=news.DownloadAttachUrl&owner=1744984858&wbfileid=15643247,521,实践科
附件.zip,https://jwch.fzu.edu.cn/system/_content/download.jsp?urltype=news.DownloadAttachUrl&owner=1744984858&wbfileid=15642560,1403,实践科
附件：“三创赛”福州大学校赛附件.zip,https://jwch.fzu.edu.cn/system/_content/download.jsp?urltype=news.DownloadAttachUrl&owner=1744984858&wbfileid=15639505,154,实践科
附件：中国高等教育学会碳中和与清洁能源教育专业委员会关于开展 2024 年高校双碳实践育人案例征集的通知.pdf,https://jwch.fzu.edu.cn/system/_content/download.jsp?urltype=news.DownloadAttachUrl&owner=1744984858&wbfileid=15637409,197,实践科
附件1：获省赛参赛资格名单.docx,https://jwch.fzu.edu.cn/system/_content/download.jsp?urltype=news.DownloadAttachUrl&owner=1744984858&wbfileid=15572980,1596,实践科
附件1：2024年福州大学第十八届本科生数学建模竞赛获奖名单.xlsx,https://jwch.fzu.edu.cn/system/_content/download.jsp?urltype=news.DownloadAttachUrl&owner=1744984858&wbfileid=15571132,1950,实践科
2024年本科教学相关数据报送表格.zip,https://jwch.fzu.edu.cn/system/_content/download.jsp?urltype=news.DownloadAttachUrl&owner=1744984858&wbfileid=14911306,352,实践科
附件1：组委会成员名单.docx,https://jwch.fzu.edu.cn/system/_content/download.jsp?urltype=news.DownloadAttachUrl&owner=1744984858&wbfileid=14910724,449,实践科
附件2：报名表.docx,https://jwch.fzu.edu.cn/system/_content/download.jsp?urltype=news.DownloadAttachUrl&owner=1744984858&wbfileid=14910719,529,实践科
附件3：命题与运行.docx,https://jwch.fzu.edu.cn/system/_content/download.jsp?urltype=news.DownloadAttachUrl&owner=1744984858&wbfileid=14910725,991,实践科
附件2：福州大学第二十九期本科生科研训练计划项目结题成绩汇总表.doc,https://jwch.fzu.edu.cn/system/_content/download.jsp?urltype=news.DownloadAttachUrl&owner=1744984858&wbfileid=14907355,1302,实践科
附件1：福州大学第二十八期本科生科研训练计划项目结题成绩汇总表.xls,https://jwch.fzu.edu.cn/system/_content/download.jsp?urltype=news.DownloadAttachUrl&owner=1744984858&wbfileid=14907034,973,实践科
附件1：福州大学2022年国家、省级大学生创新创业训练计划项目结题成绩汇总表.xls,https://jwch.fzu.edu.cn/system/_content/download.jsp?urltype=news.DownloadAttachUrl&owner=1744984858&wbfileid=14907032,820,实践科
附件2：福州大学2023年国家、省级大学生创新创业训练计划项目结题成绩汇总表.doc,https://jwch.fzu.edu.cn/system/_content/download.jsp?urltype=news.DownloadAttachUrl&owner=1744984858&wbfileid=14907033,1103,实践科
附件1：专家信息汇总表.xlsx,https://jwch.fzu.edu.cn/system/_content/download.jsp?urltype=news.DownloadAttachUrl&owner=1744984858&wbfileid=14904997,321,实践科
附件：关于举办2024年福建省大学生人工智能创意赛暨昇腾AI创新大赛的通知.pdf,https://jwch.fzu.edu.cn/system/_content/download.jsp?urltype=news.DownloadAttachUrl&owner=1744984858&wbfileid=14895469,1021,实践科
附件：福州大学2024届优秀本科生毕业设计（论文）名单.doc,https://jwch.fzu.edu.cn/system/_content/download.jsp?urltype=news.DownloadAttachUrl&owner=1744984858&wbfileid=14638795,2267,实践科
附件1：关于组织申报福建高等教育学会2024年度高等教育科学研究实验室研究专项课题的通知（闽高会[2024]1号）.pdf,https://jwch.fzu.edu.cn/system/_content/download.jsp?urltype=news.DownloadAttachUrl&owner=1744984858&wbfileid=14623545,394,实践科
附件2：申报材料.zip,https://jwch.fzu.edu.cn/system/_content/download.jsp?urltype=news.DownloadAttachUrl&owner=1744984858&wbfileid=14623544,330,实践科
闽工信联软件〔2024〕41号福建省工业和信息化厅等八部门关于举办第十四届海峡两岸信息服务创新大赛暨福建省第十八届计算机软件设计大赛的通知.pdf,https://jwch.fzu.edu.cn/system/_content/download.jsp?urltype=news.DownloadAttachUrl&owner=1744984858&wbfileid=14622014,609,实践科
附件1：福州大学2024年国家级、省级大学生创新创业训练计划推荐立项项目汇总表 .doc,https://jwch.fzu.edu.cn/system/_content/download.jsp?urltype=news.DownloadAttachUrl&owner=1744984858&wbfileid=14622146,1769,实践科
附件2：福州大学第30期本科生科研训练计划立项项目汇总表.doc,https://jwch.fzu.edu.cn/system/_content/download.jsp?urltype=news.DownloadAttachUrl&owner=1744984858&wbfileid=14621349,4623,实践科
附件：福州大学本科生创新创业实践与素质拓展学分认定汇总表.doc,https://jwch.fzu.edu.cn/system/_content/download.jsp?urltype=news.DownloadAttachUrl&owner=1744984858&wbfileid=14613260,1771,实践科
国创省创结题附件.zip,https://jwch.fzu.edu.cn/system/_content/download.jsp?urltype=news.DownloadAttachUrl&owner=1744984858&wbfileid=14608195,875,实践科
附件1：福建省本科毕业论文（设计）抽检评议要素（试行）.docx,https://jwch.fzu.edu.cn/system/_content/download.jsp?urltype=news.DownloadAttachUrl&owner=1744984858&wbfileid=14604108,2127,实践科
附件2：2024届福州大学本科毕业设计（论文）抽检情况汇总表.xls,https://jwch.fzu.edu.cn/system/_content/download.jsp?urltype=news.DownloadAttachUrl&owner=1744984858&wbfileid=14604109,2678,实践科
附件3：福州大学第二十四届数学竞赛大纲.pdf,https://jwch.fzu.edu.cn/system/_content/download.jsp?urltype=news.DownloadAttachUrl&owner=1744984858&wbfileid=14602578,1422,实践科
附件.zip,https://jwch.fzu.edu.cn/system/_content/download.jsp?urltype=news.DownloadAttachUrl&owner=1744984858&wbfileid=14601554,442,实践科
附件：维普论文检测系统查重标准及格式报告说明.doc,https://jwch.fzu.edu.cn/system/_content/download.jsp?urltype=news.DownloadAttachUrl&owner=1744984858&wbfileid=14592996,5554,实践科
附件：福州大学第十五届企业经营模拟沙盘对抗赛报名表.doc,https://jwch.fzu.edu.cn/system/_content/download.jsp?urltype=news.DownloadAttachUrl&owner=1744984858&wbfileid=14589204,681,实践科
附件1：中大计赛函[2024]1 号 关于举办“2024 年（第 17 届）中国大学生计算机设计大赛”的 通 知.pdf,https://jwch.fzu.edu.cn/system/_content/download.jsp?urltype=news.DownloadAttachUrl&owner=1744984858&wbfileid=14589112,541,实践科
附件2 2024年（第17届）中国大学生计算机设计大赛——校内选拔赛报名表.xlsx,https://jwch.fzu.edu.cn/system/_content/download.jsp?urltype=news.DownloadAttachUrl&owner=1744984858&wbfileid=14589111,446,实践科
附件2：福州大学第四届大学生先进成图技术与产品信息建模创新大赛报名表.xls,https://jwch.fzu.edu.cn/system/_content/download.jsp?urltype=news.DownloadAttachUrl&owner=1744984858&wbfileid=14589086,545,实践科
附件1-4.doc,https://jwch.fzu.edu.cn/system/_content/download.jsp?urltype=news.DownloadAttachUrl&owner=1744984858&wbfileid=14587055,487,实践科
附件：数字中国建设峰会组委会秘书处关于商请邀请省内高校学生参与2024数字中国创新大赛的函.pdf,https://jwch.fzu.edu.cn/system/_content/download.jsp?urltype=news.DownloadAttachUrl&owner=1744984858&wbfileid=14583438,728,实践科
第30期SRTP附件.zip,https://jwch.fzu.edu.cn/system/_content/download.jsp?urltype=news.DownloadAttachUrl&owner=1744984858&wbfileid=14581442,3514,实践科
福州大学本科生创新创业实践与素质拓展学分申报汇总表、申请表.doc,https://jwch.fzu.edu.cn/system/_content/download.jsp?urltype=news.DownloadAttachUrl&owner=1744984858&wbfileid=14579917,2160,实践科
2023年学院教学有关数据统计表格下载.zip,https://jwch.fzu.edu.cn/system/_content/download.jsp?urltype=news.DownloadAttachUrl&owner=1744984858&wbfileid=14579832,698,实践科
附件1：实验教学和教学实验室建设研究项目申报书.docx,https://jwch.fzu.edu.cn/system/_content/download.jsp?urltype=news.DownloadAttachUrl&owner=1744984858&wbfileid=14578976,509,实践科
附件2：实验教学和教学实验室建设研究项目推荐汇总表（福建省）.xls,https://jwch.fzu.edu.cn/system/_content/download.jsp?urltype=news.DownloadAttachUrl&owner=1744984858&wbfileid=14578975,449,实践科
附件3：教高司函〔2024〕1号教育部高等教育司关于开展实验教学和教学实验室建设研究工作的通知（3月29日前）.pdf,https://jwch.fzu.edu.cn/system/_content/download.jsp?urltype=news.DownloadAttachUrl&owner=1744984858&wbfileid=14578977,538,实践科
附录：2024年2月美国大学生数学建模竞赛介绍及参赛流程.pdf,https://jwch.fzu.edu.cn/system/_content/download.jsp?urltype=news.DownloadAttachUrl&owner=1744984858&wbfileid=14573632,3382,实践科
附件：福州大学大学生校外实践教学基地检查评估结果汇总表.xlsx,https://jwch.fzu.edu.cn/system/_content/download.jsp?urltype=news.DownloadAttachUrl&owner=1744984858&wbfileid=14569528,768,实践科
附件.zip,https://jwch.fzu.edu.cn/system/_content/download.jsp?urltype=news.DownloadAttachUrl&owner=1744984858&wbfileid=13181295,1952,实践科
附件1：福州大学第十届桥梁设计大赛报名表20231126.doc,https://jwch.fzu.edu.cn/system/_content/download.jsp?urltype=news.DownloadAttachUrl&owner=1744984858&wbfileid=13176359,485,实践科
附件2：福州大学第十届桥梁设计大赛-竞赛细则20231126.doc,https://jwch.fzu.edu.cn/system/_content/download.jsp?urltype=news.DownloadAttachUrl&owner=1744984858&wbfileid=13178630,530,实践科
附件3：福州大学第十届桥梁设计大赛-桥址信息20231126.docx,https://jwch.fzu.edu.cn/system/_content/download.jsp?urltype=news.DownloadAttachUrl&owner=1744984858&wbfileid=13176358,546,实践科
附件：2024届福州大学本科生毕业设计（论文）有关表格.zip,https://jwch.fzu.edu.cn/system/_content/download.jsp?urltype=news.DownloadAttachUrl&owner=1744984858&wbfileid=13175534,3330,实践科
附件：福州大学大学生校外实践教学基地抽查评审一览表.xlsx,https://jwch.fzu.edu.cn/system/_content/download.jsp?urltype=news.DownloadAttachUrl&owner=1744984858&wbfileid=13173085,582,实践科
附件1.docx,https://jwch.fzu.edu.cn/system/_content/download.jsp?urltype=news.DownloadAttachUrl&owner=1744984858&wbfileid=13169777,1884,实践科
附件1.团队高校指导老师承诺书.doc,https://jwch.fzu.edu.cn/system/_content/download.jsp?urltype=news.DownloadAttachUrl&owner=1744984858&wbfileid=13168775,603,实践科
附件2.参赛团队承诺与说明书.doc,https://jwch.fzu.edu.cn/system/_content/download.jsp?urltype=news.DownloadAttachUrl&owner=1744984858&wbfileid=13168776,568,实践科
附件3.校级赛计划书模板.docx,https://jwch.fzu.edu.cn/system/_content/download.jsp?urltype=news.DownloadAttachUrl&owner=1744984858&wbfileid=13168777,723,实践科
附件4.校级赛比赛报名表.xlsx,https://jwch.fzu.edu.cn/system/_content/download.jsp?urltype=news.DownloadAttachUrl&owner=1744984858&wbfileid=13168778,604,实践科
2023年本科教学相关数据报送表格.zip,https://jwch.fzu.edu.cn/system/_content/download.jsp?urltype=news.DownloadAttachUrl&owner=1744984858&wbfileid=13145324,657,实践科
福州大学2022年省级及以上大学生创新创业训练计划项目结题成绩汇总表.xls,https://jwch.fzu.edu.cn/system/_content/download.jsp?urltype=news.DownloadAttachUrl&owner=1744984858&wbfileid=13134050,1756,实践科
福州大学2021年国家级、省级大学生创新创业训练计划项目结题成绩汇总表.xls,https://jwch.fzu.edu.cn/system/_content/download.jsp?urltype=news.DownloadAttachUrl&owner=1744984858&wbfileid=13134051,1213,实践科
福州大学第二十七期本科生科研训练计划项目结题成绩汇总表.xls,https://jwch.fzu.edu.cn/system/_content/download.jsp?urltype=news.DownloadAttachUrl&owner=1744984858&wbfileid=13134048,1828,实践科
福州大学第二十八期本科生科研训练计划项目结题成绩汇总表.xls,https://jwch.fzu.edu.cn/system/_content/download.jsp?urltype=news.DownloadAttachUrl&owner=1744984858&wbfileid=13134049,2665,实践科
附件1：专家信息汇总表.xlsx,https://jwch.fzu.edu.cn/system/_content/download.jsp?urltype=news.DownloadAttachUrl&owner=1744984858&wbfileid=13050845,919,实践科
闽工信联软件〔2023〕31号关于举办第十三届海峡两岸信息服务创新大赛暨福建省第十七届计算机软件设计大赛的通知.pdf,https://jwch.fzu.edu.cn/system/_content/download.jsp?urltype=news.DownloadAttachUrl&owner=1744984858&wbfileid=13048683,706,实践科
附件1：福州大学校外实习教学基地一览表（2022年9月）.xlsx,https://jwch.fzu.edu.cn/system/_content/download.jsp?urltype=news.DownloadAttachUrl&owner=1744984858&wbfileid=13045827,1403,实践科
附件2：福州大学大学生校外实践教学基地检查评估表.xlsx,https://jwch.fzu.edu.cn/system/_content/download.jsp?urltype=news.DownloadAttachUrl&owner=1744984858&wbfileid=13045826,894,实践科
附件3：福州大学大学生校外实践教学基地检查评估汇总表.xlsx,https://jwch.fzu.edu.cn/system/_content/download.jsp?urltype=news.DownloadAttachUrl&owner=1744984858&wbfileid=13045825,848,实践科
附件：福州大学2023届优秀本科生毕业设计（论文）名单.doc,https://jwch.fzu.edu.cn/system/_content/download.jsp?urltype=news.DownloadAttachUrl&owner=1744984858&wbfileid=13037663,2953,实践科
附件：2023高教社杯全国大学生数学建模竞赛福州大学队伍的报名操作流程.pdf,https://jwch.fzu.edu.cn/system/_content/download.jsp?urltype=news.DownloadAttachUrl&owner=1744984858&wbfileid=13031762,5647,实践科
2023年国家级、省级大学生创新创业训练计划推荐项目汇总表.doc,https://jwch.fzu.edu.cn/system/_content/download.jsp?urltype=news.DownloadAttachUrl&owner=1744984858&wbfileid=13002268,4330,实践科
福州大学第29期本科生科研训练计划立项项目汇总表.doc,https://jwch.fzu.edu.cn/system/_content/download.jsp?urltype=news.DownloadAttachUrl&owner=1744984858&wbfileid=13002269,3538,实践科
附件3：2023年福州大学大学生工程实践与创新能力大赛命题与运行.pdf,https://jwch.fzu.edu.cn/system/_content/download.jsp?urltype=news.DownloadAttachUrl&owner=1744984858&wbfileid=12999431,1236,实践科
福州大学本科生创新创业实践与素质拓展学分申报汇总表.doc,https://jwch.fzu.edu.cn/system/_content/download.jsp?urltype=news.DownloadAttachUrl&owner=1744984858&wbfileid=12993329,2841,实践科
srtp项目结题附件.zip,https://jwch.fzu.edu.cn/system/_content/download.jsp?urltype=news.DownloadAttachUrl&owner=1744984858&wbfileid=12989484,2363,实践科
国创省创结题附件.zip,https://jwch.fzu.edu.cn/system/_content/download.jsp?urltype=news.DownloadAttachUrl&owner=1744984858&wbfileid=12989479,1257,实践科
3附件2：2023届福州大学本科毕业设计（论文）抽检情况汇总表.xlsx,https://jwch.fzu.edu.cn/system/_content/download.jsp?urltype=news.DownloadAttachUrl&owner=1744984858&wbfileid=12218055,3193,实践科
3附件1：福建省本科毕业论文（设计）抽检评议要素（试行）.docx,https://jwch.fzu.edu.cn/system/_content/download.jsp?urltype=news.DownloadAttachUrl&owner=1744984858&wbfileid=12218054,2420,实践科
2附件：维普论文检测系统查重标准及格式报告说明.doc,https://jwch.fzu.edu.cn/system/_content/download.jsp?urltype=news.DownloadAttachUrl&owner=1744984858&wbfileid=12218050,6626,实践科
1附件：福州大学本科毕业设计（论文）管理模块操作指南.doc,https://jwch.fzu.edu.cn/system/_content/download.jsp?urltype=news.DownloadAttachUrl&owner=1744984858&wbfileid=12218049,2137,实践科
附件3：福州大学第二十三届数学竞赛大纲.pdf,https://jwch.fzu.edu.cn/system/_content/download.jsp?urltype=news.DownloadAttachUrl&owner=1744984858&wbfileid=12214628,1552,实践科
附件1：2023年（第16届）4C大赛通知（中大计赛函[2023]1号）.pdf,https://jwch.fzu.edu.cn/system/_content/download.jsp?urltype=news.DownloadAttachUrl&owner=1744984858&wbfileid=12212463,1156,实践科
附件2：2023年计算机设计大赛省级赛公告.pdf,https://jwch.fzu.edu.cn/system/_content/download.jsp?urltype=news.DownloadAttachUrl&owner=1744984858&wbfileid=12212465,1405,实践科
附件3 2023年（第16届）中国大学生计算机设计大赛——校内选拔赛报名表.xlsx,https://jwch.fzu.edu.cn/system/_content/download.jsp?urltype=news.DownloadAttachUrl&owner=1744984858&wbfileid=12212464,1044,实践科
附件2：福州大学第三届大学生先进成图技术与产品信息建模创新大赛报名表.xls,https://jwch.fzu.edu.cn/system/_content/download.jsp?urltype=news.DownloadAttachUrl&owner=1744984858&wbfileid=12212445,986,实践科
附件：福州大学第十四届企业经营模拟沙盘对抗赛报名表.doc,https://jwch.fzu.edu.cn/system/_content/download.jsp?urltype=news.DownloadAttachUrl&owner=1744984858&wbfileid=12210538,882,实践科
附件1：福建省高校大学生学科专业竞赛管理办法（试行）.pdf,https://jwch.fzu.edu.cn/system/_content/download.jsp?urltype=news.DownloadAttachUrl&owner=1744984858&wbfileid=11995879,1116,实践科
附件2：福建省高校大学生学科专业竞赛项目申请表.doc,https://jwch.fzu.edu.cn/system/_content/download.jsp?urltype=news.DownloadAttachUrl&owner=1744984858&wbfileid=11995878,1115,实践科
闽教规〔2023〕2号福建省教育厅关于印发《福建省高校大学生学科专业竞赛管理办法（试行）》的通知.pdf,https://jwch.fzu.edu.cn/system/_content/download.jsp?urltype=news.DownloadAttachUrl&owner=1744984858&wbfileid=11994703,1518,实践科
附件2 ：福州大学第九届“汇仟杯”测量大赛竞赛细则.docx,https://jwch.fzu.edu.cn/system/_content/download.jsp?urltype=news.DownloadAttachUrl&owner=1744984858&wbfileid=11990523,1065,实践科
附件3：福州大学第九届“汇仟杯”测量大赛报名表.docx,https://jwch.fzu.edu.cn/system/_content/download.jsp?urltype=news.DownloadAttachUrl&owner=1744984858&wbfileid=11990524,1098,实践科
附件4：路线参考.docx,https://jwch.fzu.edu.cn/system/_content/download.jsp?urltype=news.DownloadAttachUrl&owner=1744984858&wbfileid=11990522,778,实践科
附件5：比赛记录表.docx,https://jwch.fzu.edu.cn/system/_content/download.jsp?urltype=news.DownloadAttachUrl&owner=1744984858&wbfileid=11990525,875,实践科
