问题标题,问题链接,问题内容,回答1,回答2,回答3,回答4,回答5,回答6,回答7,回答8,回答9,回答10
人体外部器官多为成对，而内部的器官多为单个，这种情况在动物界是否普遍存在，为什么？,https://www.zhihu.com/question/24890640,"可能这个分类不太科学：
外：眼、耳、鼻（孔）、手、足，例外：口、舌
内：心、肝、脾、胆、胃、肠，例外：肺、肾
补充问题1：决定器官成对或单个的因素可能有哪些？
补充问题2：动物界有哪些特例，比如：复数心脏、单数手足之类的？",,"决定器官成对或单个的因素是个体的遗传背景、胚胎发育过程中的力学状况与分子梯度。
遗传背景反映了进化史。力学状况、分子梯度受营养、疾病、电离辐射、缺氧等因素影响。
两侧对称动物的许多器官的“原基”在胚胎早期左右对称出现。特定的基因信号通路控制器官是在身体中线两侧独立发育还是向中线迁移并融合。
分子梯度的案例：在人的胚胎发育过程中，纤毛在胚胎节点处产生向左的液流，建立左侧特异性基因（Nodal、Lefty 等）的表达梯度，支持心脏、胃、脾、肝等器官的不对称发育。
人的器官发生和发育方式是祖传的，在有相对近的共同祖先的物种里（尤其是哺乳动物里）大同小异，体轴、主要器官形成由 Hox 等同源基因调控。无脊椎动物的一些器官与人的器官不同源，数量可以明显不同，例如许多昆虫的单眼数量是 3.
人体内部有许多成对的器官，例如提问者在补充说明里列出的肺、肾，还有睾丸、卵巢、胸腺、前脑等——人的胸腺是大小和形状不对称的左右两叶，人的前脑是大小和形状不对称的左右两半球。
单一外部器官方面，除了提问者列出的口，提问者可以看看头、尾巴、背鳍、肛门、泄殖腔开口、哺乳动物的阴茎之类。少数动物的正常雄性个体有两根阴茎。对于舌头到底算外部器官还是内部器官、阴蒂和阴道的结构算体内还是体外之类问题，有兴趣的读者可以自行探索。
人胚胎和其他四足形类胚胎一样有两条心管，它们在早期发育过程中融合，通过盘绕和间隔化产生腔室——看起来是单一心脏，其实一开始是两个部件。不过，要将其分开并分别配备造血系统、变成两颗心脏，对应的发育过程会需要许多刻意的进化创新，在自然界难以期待找到适当的选择压来让人如此。
人的心管融合为心脏的过程的启动和调控使用一系列高度保守的基因（Nodal、Pitx2 等）。如果这些基因突变，那就可能出现心脏畸形、心脏异位或其他器官异位，乃至整体的内脏左右反转。
按照现有证据，四足动物的最后共同祖先很可能有四条腿。该祖先生活的年代距今超过 3.9 亿年。你可以将四这个数量归因于肉鳍鱼身体两侧相对平衡配置的鳍。肉鳍鱼身体中线上的鳍无需一对即可相对平衡，四足动物身体中线上的尾巴、外生殖器等也如此。
相比之下，四足动物的消化道、消化腺成对配置的必要性较低。四足动物的消化道、肝、胰等起源于胚胎的内胚层，主要结构是单一的管道或与管道相关的囊状物，胃的弯曲、肝的左右叶差异等不对称特征是功能特化的结果，与平衡无关。
眼睛数量方面，一些四足动物是从 3 眼改为 2 眼的，一些现存物种有退化程度不一的颅顶眼。可以看看：为什么地球上有五官的动物都是两只眼睛，一个鼻子，一张嘴？
2 只透镜眼可以产生较好的深度感或足够大的视野，尽管二者并不容易兼得。
耳朵数量方面，2 只耳朵可以归因于两侧对称发育、立体听觉定向。不过，猫头鹰等鸟经常用左右结构不对称的耳朵改善定向效果。
关于增加心脏：
在循环系统中串列更多腔室并不困难（蟑螂心脏有 10～13 个腔室串联，蟑螂早到一定程度的祖先显然并非如此）。将多个腔室组合起来共用一部分内外壁，可以节约心肌的量，在一定的尺寸范围和血压范围内有利于看起来单一的大型心脏。
盲鳗的 4 颗心脏里 1 颗为全身血液循环提供动力，3 颗辅助它工作，以现存的有心脏的脊索动物中最低的正常血压水平维持生命。盲鳗和七鳃鳗的共同祖先似乎只有 1 颗心脏。看起来，你的身体增大或能耗增加导致需要更强的循环系统时，可以加大单一心脏，也可以配置额外的小心脏（调用已经有的心脏相关基因即可），两条路都走得通。
人类基因组中与心脏体积增大相关的 BANCER 基因看起来是某种病毒送进人类的遥远祖先的基因组的（该基因也存在于其他大型类人猿基因组），这大概有助于加大单一心脏的方案在大型类人猿中胜过配置更多的小心脏。
章鱼、乌贼的 3 颗心脏里 1 颗为全身血液循环提供动力，2 颗较小的送血液通过鳃。人的肺循环送血液通过肺，这方面的功能大部分时候已经足够。
马腿上辅助血液回流的结构可以视为哺乳类辅助心脏的雏形。长颈鹿亦有可调节的厚壁血管和颈部静脉结构，可以在低头时暂存大量血液、抬头时泵送到头部来避免眩晕。
二十世纪曾有心脏病专家猜想脖子特别长的陆生恐龙会配置多个心脏来调整血压（单一的巨大心脏可以在心脏附近造成很高的血压，但在肢体末端可能血压不足，蓝鲸的循环系统有周围的水压辅助而陆地动物没有），目前还没有化石证据。人现在的身体没有这个需求。
人体内自然条件下一般有两个的内脏器官（例如肾脏）被摘掉一个后，可以通过剩下的一个体积增大、功能亢进来部分代偿，那并不总能恢复到相当于两个的功能，高负荷工作还可能增加损坏的概率。在遥远的过去，偶然长出两个这类器官的动物产生可育后代的能力大概高于只长了一个的，利于普及长两个的性状并长期传递相关基因。唾液腺、牙齿、毛发、汗腺之类在人身上数量明显超过两个的部件类推：至少在某个阶段，长多个比较有用。
关于奇数条腿：
炉眼鱼科深海狗母鱼属的18种短头深海狗母鱼用骨盆鳍上的两根刺和尾鳍上的一根刺在海底栖息，可以视为三条腿，某些种类的“腿”有身体的两三倍长。这“腿”站立时很硬而游泳时十分柔软，目前认为是液压调节的。它们还是雌雄同体且必要时可以单独繁殖。
一些动物的尾巴可以参与支持身体，像是多一条腿，例如袋鼠。
中心对称的海星的肢体数可以是奇数，五条、七条都有，但那玩意算不算腿还两说。有兴趣的读者可以让大语言模型解释“步管系统”。
腹足纲、斧足纲等行动构造只是一条肌肉的生物在博爱一些的定义下也可以视为一条腿。
蜘蛛蟹经常损失掉一条腿而表现为九条腿。","「不成对脏器」其实指的就是通过门静脉回收血液的内胚层器官，本质就是消化管的衍生物。众所周知，消化道是一根直通到底的管子，但因为营养吸收需求，消化管必须在体内折叠起来，这就意味着它注定是无法完全居中对称的，而肝脏和胰腺也是特化膨大伸出消化管之外的消化腺，就如胃是消化管的膨大部分一样。
除此之外其他脏器要么左右成对，要么居中对称。人类心脏偏左是直立行走后的代偿影响，多数动物的心脏也是更接近胸腔中线",,长在里边的离对称面更近，更方便长到一起啊……好吧似乎太不专业了……,mark，我需要时间思考这个问题。,"外在对称 ，方便运动绝对算是一个重要的原因。
里面，怎么长随便咯。
抛砖...",,,
为什么中国人似乎并不惧怕宗教战争？,https://www.zhihu.com/question/1949420226077783130,,,"到底什么时候才能记住共产党是真正枪杆子里打出来的政权
建国初期有个一惯教？（应该是这个名字），比当年轮子可闹得大多了，那个时候北京巿市长是聂帅，一天就抓了一百多个头目，后来两个月，又抓了小两百个各地领头的，枪毙了四十多个。
咱国家对待宗教的基本态度就是，老老实实的，都是公民，敢冒刺儿，下场就是疆独和轮子。","看中东新闻当看乐子，去沙特阿拉伯当看新奇，翻开清朝县志我是真的毛骨悚然。
然后我发现网上总结的一点也没错，他们中总有一批极端派，一批温和派，极端派争权力，温和派擦屁股，但是也会出现两者反转，但总得来说一旦占据优势就是一丘之貉，屠刀砍向咖啡乐。",我妈当年单位有个同事，男，他爸爸是那一片的阿hong。这个同事怎么说呢，应该是比较叛逆的人吧，不让干啥就非得干。抽烟、喝酒，爱吃猪肉，每每食堂有红烧肉卖的时候他都正大光明去排队。就有hh跟他老子告状，他被抓回去又是洗胃啥的折腾，完事他永远那句话：弄不死我就还吃。次数多了啥用没有，而且他是独生子他老子也怕绝后，就懒得管了。其他hh看人家亲老子都不管了，外人别折腾了。后来这人找老婆，专门找了汉民媳妇，家里也没敢咋样。,"一言不合就上强度，so？
在长沙一位西域男孩占消防通道停车，保安劝阻不了，报警解决，民警之后到场西域男孩麻利儿的开车就走，他NB哄哄的为什么不犟嘴？",历史上都有过现成的例子。中国历朝历代的做法很粗暴一个字，屠。屠完了，就没了。每隔几百年屠一次。,"真正应该担心的是汉族日益下降的生育率。
只要汉族占比90%以上，搞好利益分配。他们就载歌载舞，热爱和平。",陕甘回乱是陕甘人心头永远的痛。,"可能你不怕，我是很怕的。
尤其是一脸异域长相的人，成群的出现在火车站等场所，而且疑似携带管制刀具。
这时候，我要退避三舍的。
你可能不怕。",你们都说西安是汉唐古都！为什么要整条回民街？
什么台词让你记住了一整部游戏?,https://www.zhihu.com/question/777764598,,,"没有时间娱乐的人，迟早得有时间生病。——约翰·沃纳梅
来自《文明6》市政研究“游戏和娱乐”，这句话已经成了我的摸鱼口头禅","上古卷轴5 vr
刚开始地图进居民的家里像其他游戏一样随手偷东西 老奶奶说
想拿就拿吧，只要陪我说说话就好了૮₍ɵ̷﹏ɵ̷̥̥᷅₎ა","“你来到这里已经两年了，这几年农场没改变多少......但没关系，只要你享受你新的生活，我就满足了.....”——《星露谷物语》
来自在农场摆烂躺平后跟爷爷触发的对话
原来我真的可以在这款肝帝游戏里躺平，
哪怕我躺平，啥都不干，每天只在床上睡觉。
只要我真正在享受我的生活，爷爷也不会怪我。

就像他最开始跟我说的那样：
“有一天你会感到自己被现代生活的重担所压垮，你那曾经充满光明的心灵也会逐渐暗淡，直到空虚把你的心占满。等那一天到来的时候，我亲爱的，你就可以打开这个礼物了。”
爷爷没有骗我。",真正的大师，永远怀着一颗学徒的心。,"就在这时，两个英格兰士兵走进了帐篷。腓力以近乎怜悯的眼神看着这个少女，然后点了点头。英格兰人抓住她的胳膊。他们把她拽出帐篷时，公爵叹了口气，他说：
“唉，贞德，这无关个人恩怨，这只是政治。”

——《帝国时代2》",歪比巴卜。,"奴隶买卖被禁止了
这里变成人才市场了","真正的大师，永远怀着一颗学徒的心
侵删","“叶奈法，你好香。”
“别闹，杰洛特，这是在葬礼上。”
“葬礼上的你好香。”"
医生会故意不把病治好，反复让病人来医院消费，冲业绩拿提成吗？,https://www.zhihu.com/question/646992597,腿根部囊肿，每次手术后，没过一段时间就复发，三四次了，医生说不能彻底切除，会对局部功能有影响，得慢慢一点一点来，怎么办？,,"请所有人记住，现在医院赚钱的逻辑已经完全变了，医生们，特别是公立医院的以及能用医保的私立医院的医生们，靠多开药多加检查多做手术赚钱的年代已经一去不复返了
因为从医改之后有国家医保这个大管家管着整个医疗系统，以后你们要担心的是，你想开点药，特别是效果好一点的，医生都不愿意或者不敢给你开。不信你就去医院让医生多给你开点药试试看，看人家会不会给你开。
因为现在医生开检查开药开医嘱开刀真的不挣钱，还是件很危险的事情，医保会用大数据筛的，某个区域每年花医保钱最多的那批医生是要倒霉的，会被重点审查，如果有违规开检查，会被扣分的，现在的医生职业证就跟驾照一样，每年12分，违规开检查就扣分，扣完就会停你的医师资格，谁没事会多开检查啊。
现在的医保就跟个守财奴似的，每天提个放大镜找医生的麻烦，谁花了他的钱它就找谁麻烦，恨不得提个大棒守着，然后恶狠狠的说:小子，听说你想花我的钱？想好怎么挨打了吗？
看任何社会现象的本质，都要从经济基础和利益这个角度去考虑，出现这种改变的根本原因就是现在医保对整个医疗系统的要求就是:省钱，省钱，还TMD是省钱，谁给我省钱，我就给谁发钱，，谁TMD给我用超了，老子就罚谁的钱，甚至让你付费上班。谁敢花老子的医保基金，老子就搞谁。
以前，病人是自费为主，医生开检查开药开刀主要是跟患者有经济挂钩，改革以后，医生的收入来源主要来自于医保支付拨款，大概套路就是一个病人因为某个病种住了一次院，医保不管你总的花了多少钱，反正这个病就只给你一坨钱，病人用剩下的，才是你们医院的结余和利润，这剩下的钱就给你们发工资，某种意义上来说就是，病人花剩下的，都是你们医生的，病人花的越多，医生的收入就越少，也就是说，病人和医生分这一坨钱，病人多分了，医生就少分了，所以哪个脑壳长包进水的医生会故意多给你开检查开药做手术？
如果医生让病人花多了，超出医保规定的钱，不好意思，医保会给病人报销，但用超了你医生自己垫付，多用部分从你医生的工资里面扣，真正意义上的付费上班。
何况医生都是要脸面的，先不说一天到晚看不完的病人治不完的病，而且现在医改之后医院每年能花医保多少钱那是有定额的，花超了医院要遭罚款，重复收费要遭罚款。
同一个病人同一个病反复住院治疗医保也会找你麻烦，还要写情况说明，如果写的说明医保局不认可，那患者花的所有钱医保拒绝报销，但病人出院的时候，医保已经把报销的钱给病人结算了，所以病人的这笔钱医保拒绝支付给医院，医院也不可能自己承担，就只能谁搞出来的事情扣谁的工资。知道要写情况说明要多久吗？还要写了医保局认，这不得花大几天时间？何况医保的惩罚非常重，一般是5～10倍的罚款。
也就是说，要是哪个医生反复给你搞不好，故意控制你的病情进展，还要让医保局的那些专家查不出问题来，只能说这个医生是绝对的大拿，神仙级别，可能很多院士级别的医生都办不到，有这技术，人家能看上你那三瓜俩枣的？有那个伪造病历的时间精力和功夫，去哪个私人医院上两台手术，开个飞刀，不比这个值钱？
我们医院之前请过协和的某脑科专家来做手术，一个周末两天，每天5台手术，两天就是10台，一台手术飞刀费2万，人家一个周末轻轻松松20万到手，医院还要包吃包住包机票，还是我们医院某科主任的师兄，这个面子人家才来的。一般人根本就请不动，就这水平，都不敢保证为了反复收你那点钱能伪造病情让医保局的专家查不出来。
还是看看美景吧，这种问题真的受不了，以己度人也不是这样的嘛
反正医疗这条路不好走，要不是因为本硕博都读了，转行干啥都没优势，可能还干不过人家本科毕业的，起码人家还学了几年相关专业知识，我们这十多年净学医了，其他啥也不会，但凡还有更好的路，早就提桶跑路了。
下一代是打死也不会让他们学医的，被人当日本人整，又困又累没钱还天天挨一堆傻逼骂，谁爱学谁学。
2025.11.26日上午更新
关于评论区争议比较大的几点，做一些补充
1.医保的玩法现在就是这样的，爱信不信，不信多去医院看几次病，你就知道是不是真的了，或者家里面有那种同时患有多种不同疾病的，比如高血压糖尿病冠心病骨质疏松肺气肿之类，需要经常住院而且身体底子特别差的，去问问他们家的子女，现在办住院开检查是不是越来越难了。要是以前，病情越重花的钱越多，医生可能越高兴，但那是医改之前的事情，现在是不是你花的越多医生越不高兴，越不愿意给你开了？
2.现在医院真正干活的主力军是90后和00后，但医院的编制是越来越少，很多医生都没有编制，加上现在的收入确实是大幅度下滑的，所以现在的90后00后根本就不是原来那批医生，原来那批医生主要是60后70后80后，家里面一般都有兄弟姐妹一大堆，家底薄，还有编制限制着，不敢浪，也不敢得罪领导，而且都是从小苦到大的，会很珍惜，而且70后80后很多人可能有一堆房贷等着要还，也就不敢浪，而且他们那一代人确实是吃到了医疗红利，习惯了忍气吞声。
但现在的真正干活的主力军是90后和00后，最大的90后已经35了，慢一点的已经是高年资主治医师，快一点的很多已经是副主任医师了，甚至那种本硕博连读的已经是主任医师了。
这堆人绝大多数都是独生子女，谁家里面没有个领退休工资的爹妈，谁家里面不是至少一两套房等着继承的？家底厚实的很多，我身边的同龄人很多家里面都是好几套房，就他一个人，人家根本就不需要买房，也不用还房贷，很多新招岗位医院还不给编制，现在上班工资还低，那谁会惯着你？大不了我就回家啃老，又不是没人给我啃。
上一代的医生为了钱，有孩子有父母要养，还有房贷车贷要还，可以当牛做马，你说医者父母心，别说父母心了，只要能赚钱还房贷，你就是让我喊你爹妈我也不是不行，
但对于现在的90后00后来说，家里面有房有车，父母有退休金，根本不需要操心，甚至还能反过来补贴他们，跟不久不需要操心父母，很多人连婚都不想结，更不要说有孩子了，你拿什么拿捏人家?
所以我又没啥后顾之忧，浪一下怎么啦？权利和义务是对等的，领导，就这点工资还想让我背黑锅，挨骂?你侮辱谁的智商呢？原来那批人是，你不干有的是人干，是是是，领导批评的对
现在这批90后00后的态度是，你说啥?老子今天不高兴，不想干了，谁TMD爱干谁干，反正老子不想干了。一个原因是付出收入确实不成比例，很多医生又没有编制兜底或者说诱惑着，本来就不高兴，另外一个原因是绝大多数人家底厚实，不像70后80后那么诚惶诚恐，有那个你不干就能不干的底气。
想想70后80后也是真的惨，在50后60后面前低眉顺眼二十年，终于要熬出头了，谁知道一抬头，来了一堆90后00后，只想躺平不想进步，还得像祖宗一样小心伺候着，不高兴就得撂挑子。
对患者而言，你跟我说医者父母心是吧？你先把我当爹妈一样尊敬了吗？来来来，先叫一声爹妈来听听，你要是没有这个尊敬的态度，那讲个屁，爱去哪儿玩去哪儿玩，将就？不存在的，我将就你，谁将就我啊？你不高兴？那我还不高兴呢。
不知道有没有人看过前几天那个新闻，某个患者在医院打市长热线投诉医生态度不好，如果是以前的医生，也就自认倒霉，结果遇到个90后，马上就打市长热线的电话，反向投诉这个患者在医院胡搅蛮缠，要求患者单位处理这个患者，然后这个患者就在单位受了处分。
所以说，人一切行为的基础是基于经济利益，赚谁的钱就喊谁大爷，以前病人自费，而且国家也允许医生以药养医，所以医生惯着你，只要能赚钱，受点气就受着，现在所有公立医院的耗材药物从厂家到病人手上不准加一分钱，医生的收入还跟病人花费有冲突，病人花多了医生就要挨罚款，谁还有心思拿你当大爷供着?
以前能赚钱，医生把医保当大爷供着，你提啥要求我都照办，但现在的医保明显矫枉过正了，医生发现不管怎么干都不能多赚钱，有时候干多了还要罚钱，那我一天天累死累活的能从你医保局得到什么？所以也就不伺候了


2025.11.26夜更新
再次回应一下评论区的某些傻逼，不要因为你自己是一坨屎就看谁都是一坨屎。
老子甚至自己建了一个患者群，专门为来自全国各地的罕见病的患者免费解答问题，你为你身边的人主动做过什么？
你别质疑老子的医德，你要是当医生，老子的医德起码比你高一百倍，老子当医生的时候经常给老子那些贫困的病人转钱，带东西带吃的，你算个什么玩意？除了满嘴喷粪，看谁都跟你一样恶臭，你自己做过什么对社会有益的事情吗？来来来，这个是老子给病人转钱和带东西的转账记录，聊天记录。
作为医生，老子问心无愧，没拿过一分不该拿的钱。

作为一个社会人，老子更是自认为品德和才学匹配。
老子从研究生毕业开始上班就每年资助两个学生，资助的第一个学生2023年考上了北大的研究生，第二个考上了一所211，第三个也考上了一本院校，你算个什么东西？也配质疑老子的人品和医德?



别以为医生都是研究生博士，算是知识分子，都是文邹邹的病秧子，都是老好人好欺负，你这种傻逼在现实生活中敢对老子呲牙咧嘴老子屎都给你打出来。老子跟你好好讲道理，讲不过你就把老子的回复删了，什么玩意？你要是听不懂道理，老子多多少少也会一些拳脚功夫。
老子来自贵州最偏远的山区，从小过惯了苦日子，物欲也不高，不该拿的钱老子不会碰一分，说话自然硬气，我老家2020年都还是国家级贫困县，小时候虽然贫困，但也快乐，长大了也不想被物欲控制。
也算是继承了父辈的勇武，血性，侠骨热血和彪悍，或者你们外省人说的贵州山蛮子的野性，之所以能从村小学一直读到博士，不过是因为老子智商高，而不是老子是个乖学生，从小到大也是打群架打出来的。到大学还连续两年拿了学校武术协会的自由搏击冠军。
你以为我是在吹牛是吧，来来来，给你看看老子的身材。草，你个sb玩意。你这种SB谁爱惯谁惯着，老子惯不了一点。要不是因为平台限制不文明用语，看老子不把你家祖宗十八代全问候一遍。

2025.11.27日更新
本来写这篇回答的目的是为了科普一下，希望公众了解真相，但写完之后看到那么多的留言和评论，我反而更绝望了，我发现在很多人眼里，无论你怎么解释，医生都是贪婪的，罪大恶极的，该死的，没一个是好人，即便现在的检查费，药物，耗材已经便宜到畸形了，他们仍然是不满意的，仍然觉得医生都该死，
它认定你偷吃了两碗粉，就算你把肚子剖开了给它看，没发现有一根粉，它仍然认定你就是偷吃了，只不过已经被你消化了或者转移了而已
时代的洪流到今天，所有的矛盾犹如一锅滚烫的开水汇聚在一起，绝大多数人都难受，有人在自保，有人在挣扎，有人还在想着帮人，救人，而有些人已经疯了，拿着刀子胡乱扎人。能不能自救，或者是改变处境，能不能跟其他人合作打破困境它是不会管的，但一定要输出痛苦。
累了，懒得解释，解释了也没有任何用，毁灭吧，爱咋咋滴。","是真的。
比如说前几天我们这儿来了个糖尿病酮症酸中毒的病人，血糖高到爆表（＞33.3mmol/L）。
为了不让病人好得那么快，我们故意把胰岛素滴得很慢很慢，每小时只让他的血糖下降3. 9～6. 1mmol/L。
为了让病人多住几天院，当病人血糖下降到13. 9mmol/L的时候，我们故意把他的生理盐水换成了5%葡萄糖。你就说糖尿病的时候，我们居然还吊糖水啊，真是丧心病狂。
顺带一提，为了多赚钱，我们每天居然给他吊超过4000ml的补液呢！","应该会吧。
就像厨子会故意把饭炒咸，然后让顾客反复来点菜，直到吃到可口饭菜为止。这样可以多赚顾客钱了。您说是这里理不？","干这事，就不怕病人换家医院看，然后你被同行耻笑吗？
医生这个职业你不懂，可能有拿回扣的，有拿红包的（我没有，知友在我这看病手术的也不少了，如果我收过谁红包，欢迎评论打脸），但这个行业是个要强的行业，本应该能治好的病，三番五次留尾巴，或者自己看不好的病，被别的医生看好了，是非常没脸的事。","如果一个医生能精准控制病程，那他绝对是神仙，他能有无数种高级的合法合情合理的方式去赚钱，完全没必要靠不完全治好你来赚钱，你那才几个钱？
你应该想的是那个医生水平不够，治不好你的病，而不是医生有高超的技术可以控制病程，却故意拖着不治好，纯属是你想多了",一般人就算对迁延不愈心怀不满，首先也是怀疑自己遇到了个庸医。至于第一念头是觉得医生坑自己钱故意不给自己治好的是什么样的人，我不好说。,"医生不用这么做，因为很多慢性病病人自己就有这种意识了。
以前在呼吸科的时候，有个姓韩的慢阻肺病人，每年冬天都会像候鸟一样飞去海南过冬，因为南方的气候对慢性呼吸道疾病病人更友好。
在冬天要去海南之前，这个病人就会先来医院输几天液，把身体调理好了，以免在出发前发病，等他觉得差不多了就出院，买机票飞往海南，度过一个冬天。
糖尿病病人也一样，有些病人在出远门而且待比较久的情况下就会先住院，做做检查，调调血糖，然后再出门。
他们的这种防患于未然的心态是很好的，因为异地就医比较麻烦，提前保养好了再出门更安全。我相信他们对自己的病有很清晰的认知，更不会认为医生是有意坑钱的人。","你想多了
医生，在任何一个国家都是智商最高，学习能力最强的群体。他们真想隐蔽的干点什么，你不会知道。
一般来说这类群体:厌蠢",医生最怕坐诊的时候看到术后复查恢复不好的，而且有可能整个上午坐诊的状态都是在想，为什么呢？明明都做了啊？该切的都切了啊？是不是这小子心里负担太重了？果然，下次收治这类的得谨慎！
如何评价B站UP主LKs的视频《在新加坡拍到了现实版Varsapura！还原度有多高？》？,https://www.zhihu.com/question/1976018039490245284,【在新加坡拍到了现实版Varsapura！还原度有多高？-哔哩哔哩】 https://b23.tv/TKPSbVF,,逆天棉花发明的逆天词汇赛博贞操锁还历历在目，人小霖从吃鸡转到原神再从原神转到三角洲丝滑正流量吃满啥事都没，就这群热爱联盟天天多事,"这次米哈游的宣发方向明显有转向
目前已经看到好几个影视区up主下场做解析视频了


结合之前米哈游的招聘信息中提到需要应聘者熟悉美剧相关知识，合理猜测这次的新作会非常重视电影化叙事和演出，可能会有很强的电影质感
因此这次的宣发重心放在了这批影视区up主，也算是专业对口
从另一个角度看，找影视区up主宣发可能还有一层考量
B站的影视区up主，你说他们恰烂钱也好，说他们是商单夸夸人也罢，起码有一点好——作为乙方有职业道德，拿钱真办事
尽管有时候看他们尬吹一些烂片确实很难绷……
对甲方来说，起码不用担心花钱找骂
米哈游以前可是在宣发方面吃过大亏的
22-23年原神巅峰期，大水漫灌式的宣发引来了一大批良莠不齐的up主；一旦项目组缩减宣发投入，他们立马脱坑回踩（说的是哪些人，大伙应该心里都有数）
去年8月纳塔版本实装前夕，某头部科普up主接了原神的商单做了一期视频，结果是个嘴没把门的主，在微博和B站直播自爆……
比起仙之人兮列如麻的游戏区up主和某些职业素养堪忧的头部up主，能当好夸夸人的影视区up主显然成为最合适的选择了……","官方借lks口说了几件事
第一个是石锤捏脸系统
第二个是ai角色npc和游戏手机短信应用
第三个是那些树就是藏了很多东西
第四个预计2027年公测","这个视频本身就是宣发的一环，主要还是招聘，顺便透漏一些小道消息。

这次发现很多有趣的现象：
二游区“米系up”出视频很正常，很多米默该蹭还是要蹭，离了米活不下去。
动画区纯纯负资产。
单机区部分天龙人的“和解”，选择上车。
影视区不少拿到单子的，ue5是要往影视化走的。

招聘上的各种tag，摆明要跳出二游圈。","最让我振奋的就是，2027年，我真的等得起，米哈游你放心狠狠出新游！我承受得住！
鬼棉果然哈气了，这下更爽了哈哈","公司的钟表把戏太恐怖了，直接迫使尚在天国单方面原谅，然后发了示好视频，淋漓尽致地展现出变脸不扣豆的嘴脸
真的，变回来吧，这我不习惯
我从别处看到的
黄金四目
第一目：我为什么不玩抽卡手游
第二目：主播又成单机婆罗门了？
第三目：我参与的手游即将公测啦
第四目：有关VarsaPura你现在需要知道的一些事
尚在天国这种神人都放下脸面发示好视频，什么商单小弟弟抢不到热度，那不快去作门童，多开几个门，起码100个门，说不定哪天被施展了钟表把戏，又可以向米舔着脸。而不是在这里展现嫉妒的神情。
口头： 居然想拉lks下水，我们这么做是为了拯救lks啊
实际：流量应该是我的，是我的",门童的酸味快溢出来了,"没我对象提醒我真没认出来右半边那个是真人cos的……
能不能再来几个去米大楼剪视频的，我想知道更多的消息求求了！

PS:
按米黑的说法全是买的商单，
那么几个老米黑都能吃到商单，
大哥哥自诩为热爱米的玩家，尖锐只是为了米好的玩家，没吃到单子也太刀了吧？","某商单大giegie：为什么要拉其他分区的up下水啊 这对他们是无妄之灾啊
诶 灾是哪来的？别问 问就是米哈游干的"
为什么国内很多人对预制菜有这么大敌意？,https://www.zhihu.com/question/613415198,预制菜是工业化的必然结果，早先工业化国家都习以为常了，比如美国的中餐连锁panda express 自己拍的宣传片里都说鸡肉是在中央厨房腌制预炸了才送到门店的，门店都是在炸一遍下锅炒了就出菜，麦当劳也不避讳自己的薯条是速冻的。倒是那个号称自己现切的chipotle 出了好几次重大食品安全问题,,"我以为的：晚上下班到超市选了两三个预制菜，回到家里花几分钟加热，然后吃完就洗澡睡觉。
实际上的：在饭馆里花了现做菜的钱，结果吃的还是预制菜。
脸都不要了。。。","预制菜一份扬州炒饭9.9/份我没意见
外卖拿9.9/份的扬州炒饭糊弄糊弄我收我15也就罢了
你饭店拿这9.9/份的扬州炒饭卖我38是几个意思啊？","我对于预制菜没有任何敌意，自己买来热一热又便宜又方便，但是我对人均消费二三百块钱这种价格的餐馆出现预制菜的现象有敌意而且很大。
半个多月没看发现点赞过一万了，评论被删除估计你们触发到了不应该说的关键字了，我是一条都没有删。
再次重申，首先我不反对预制菜，比如牛肉火锅预制菜，不用解冻开袋丢锅里直接热一热两个人吃一顿也才120块钱，既方便又省时间，但是你饭店不能把预制菜卖的跟现做的一个价，你拿着一袋牛肉火锅料理包给我热一热撒点菜叶子卖我298块钱那就会让我觉得在侮辱我的钱包，侮辱我的胃，侮辱我的舌头，至少肉制品预制菜我是能吃出来与现做的区别的，我到人均二三百的餐馆吃饭是来满足我的味蕾来的，如果你做的跟我做的没任何区别且还比我做的贵好几倍，那我来餐馆消费的目的是什么？图你服务？图你装修环境好？要是图饱腹的话街边沙县小吃30块钱吃到撑不得了，何必去人均二三百的馆子消费呢？除非你的钱是大风刮来的，那你不心疼真的可以随便。
还有评论区这些与预制菜利益相关的人，我是真没想到这就戳到你们肺管子上了，嘴上说着人工成本，那我怎么没听见有餐饮行业服务员说自己工资高的呢？还不是想既压榨用人成本又想着割韭菜大赚，看把你们憋的，都快现原形了！","你看有多少人对萨莉亚敌意大？
人家可是光明正大地卖预制菜。
为什么敌意不大？
因为人家可没按手工菜的价来卖啊。
大部分消费者还是讲道理的，蛤蜊汤卖8块，海鲜饭卖15，都这个价了，还要什么自行车？
但有些干餐饮的缺德货真敢把预制菜当手工菜的价卖。","饭店80元的牛肉炖土豆用预制菜是丧心病狂
外卖30元的牛肉土豆用预制菜是黑心店家。
10元的牛肉土豆用预制菜是物美价廉
5元的牛肉土豆用预制菜是品质保障","预制菜在中国存在很多年了，比如“熟食店”本质上就是售卖预制菜，三十年前就满街都是。这么多年，国人也没什么敌意，甚至还挺欢迎。
包括像赛百味那种，我就明明白白告诉你，都是现成的预制原料，组合一下微波炉加热就算完事。这种且不说爱吃不爱吃，总的来说也没有敌意。
敌意从什么时候开始的？是从知道有门有脸的饭店，假模假样搞个厨房，里面的厨子就干个拆包装加热分盘的活儿开始的。
所以中国人不是对预制菜有敌意，是对诈骗有敌意。
传统中餐文化就是厨子现做。你玩预制菜可以，像赛百味一样，后厨加个透明玻璃，让前厅明明白白看到你就是预制，爱吃不吃，也没毛病。伪装的像有厨房有厨子凭手艺烧菜的样子，实际都是人饲料，这不就是诈骗嘛。",我能接受预制菜，但你能不能别把它卖成现做的价格啊？,"去吃韩料，
看到菜单上写着“辛拉面 25元”
25元这个价位，本以为是类似于在连锁店吃到的那种日式拉面，
结果服务员从后厨拿出一包方便面，
在柜台的电磁炉上架了一口小奶锅，
倒上水，开始煮面，煮完了捞到小钵里，挤入酱料，边拌边端给我，
辛辣扑鼻，热气腾腾，透过水汽仿佛能看到服务员看大冤种的眼神。","电脑DIY圈有句话叫『我不反对矿卡，我反对用新卡的钱买矿卡』
那么预制菜？"
如何评价米哈游新作Varsapura（雨之城）的31分钟实机演示?,https://www.zhihu.com/question/1974574948732401408,"有头像了，没有wink,图标下方没有mihoyo或者hoyoverse的logo。",,"警戒线上写的是 ATTENTION IS ALL YOU NEED 没绷住。
解释一下，这是人工智能领域的一篇著名论文，大语言模型的基石，带歪论文起名风气的罪魁祸首，属于搞 AI 的人看了会心一笑的彩蛋。","好像还是虚幻5引擎，这是恶魔的引擎！
你看她帽子上有把剑，说明她是悬锋城派来的细作，是来破坏我们奥赫玛的

参考文献：《米哈游选择使用虚幻5自尽，让我们为他默哀》","更1，这应该是大伟在自己朋友圈发的消息了
如果为真，那就是说Varsapura是在经历PJSH失败，蔡浩宇逐渐沉淀下来以后，米哈游明确自己目标，重拾初心，再次出发
不是为了做一个牛逼的项目而做，而是本着做游戏的乐趣而创作
先让我们看看场外观众怎么评价的吧
嗯，对味了
这游戏要火
开篇QA
问：如何判断一款游戏是不是米哈游出品
答：看腿环
本视频在RTX4090上录制
所有画面均为玩家实际操作
不是戈门，哦不对蔡总，你过来解释一下你放这段话是什么意思·····
虽然招人上面说是写实3D，但不得不说你这3D渲染依然一股二次元味道啊···
对就像鹿鸣那样的
噢，别忘了还有这祖传的嘿丝···（我不管，就算光腿我也要说这是嗨丝）
以及这丝滑的走楼梯镜头，ZZZ表示很赞
战斗部分让我有点DNA打结的错觉
第一反应我超伞，瞬间让我想起李连杰的那部黄飞鸿
还有这里用手指比作枪对准太阳穴
我超，persona！
角色看来是经典的3人一组，每位角色一个技能，一个必杀技模式
人物有共享的体力条，冲刺、重攻击都会消耗体力条
场景有互动物品可以用来制造伤害
然后角色相互之间有连协技切换入场
潜行部分还会细节的和墙体有互动，这个属于动态小细节
剧情方面这个“不同类型选项”CRPG元素看来是没跑了
每有颜色的选项会根据判定成功和失败导致NPC后续对话都不一样
后面开车部分也是演都不演了对吧
警笛一开，优哉游哉，快去拿好纸，欢迎收看雨之城最后的自由......
出于demo阶段他的这地图做的真是大，演示视频一路从闹市区开到城区，又从城区开到郊区
结果郊区一下车才发现我们女主这制服诱惑就换好了
不过这里我要批评一下，这种制服怎么可以没有嗨丝的，裸足是邪道！
给我退回去换嗨丝再下来
最后他这个视频介绍有意思啊，有一种讲了谜语又像大白话的感觉
我试着翻译一下是不是
本次演示影像均来源于实机运行环境（代号：RTX4090）。
翻译：游戏基于4090环境
若在观测中发现异常或干扰，请立即上报。
翻译：发现有观测问题请及时上报
在Varsapura，主角的形象会根据每位观察者的偏好发生变化。
该超心理效应的成因尚不明悉。
翻译：游戏里可以捏脸
请保持冷静，避免过度揣测， 以防引发识海扰动。
阴影控制局将持续进行全频谱监测。
翻译：视频仅供参考请淡定不要联想太多，这只是一个测试视频，不想因此起太多整段，后续将会有法务部持续关注
因资源与人力已全面投入核心研究项目， 阴影控制局决定： 目前仅发布英文配音版本，以确保作业连续性。
多语言模块仍在封闭开发中，将在系统稳定后逐步开放。
翻译：目前仅发布英文配音版本
我们正在招募具备特殊感知力与高认知稳定性的个体。 加入控制局，共同改变一切。
翻译：欢迎大佬加入","以防各位不知道，林离Olivia 今天更新了。评论区还有调查问卷（内测报名？）
我只能说，时间很巧妙啊！她们俩，不会是一家吧？","这真的是交大同款角度了。

上海交通大学闵行校区","跟新，这项目看来稳了，一个个都急坏了，IGN中国 四狗 游戏葡萄 全出动了。


一个个都入场了

AC站改了昵称但UID是改不了的





原来如此

今天有事在外面简单看了下，米到底有多少离不开米的米夫人？把弹幕和评论说“肯定三件套没得跑”“抽卡氪金不玩”“现在米的游戏不会玩了”。我把弹幕和评论过往看了看没截图，有同一个人21年在稻妻PV说为啥出日系角色骂米桑，22年在官号说八重强度不够要退坑，23年林尼节奏说退坑，24年说已经退坑，25年说莫拉太少不够升级角色？！5年的游戏说退坑说了三四年结果还在玩还要跑到新游来说自己不玩，还有弹幕刷648充了不够还要充2000买皮肤，我看它21年刷崩3的tnl节奏说避雷米，然后23年底说崩铁逼氪退坑，24年绝开服刷无聊，25年说崩铁3.0版本前面氪金活动双倍用了3.7没钱氪要退游。这一个个是咋回事？","光看头像不太像旗舰。
不能说头像里这个女主不漂亮，无论是设计还是技术力都是相当出彩的。
但我确实第一眼看上去不太喜欢，等一个PV再看看。
——————第一次修改————————
惊艳！虽然我没有4090……
这成熟度不吊打一圈游戏的实机演示？
据说是暗影大人，天啊是暗影大人！
说真的，看板娘动起来要比那个头像惊艳多了，我觉得头像完全体会不到如此魅力
非常细腻的动作，那么什么时候可以玩到呢？
我收回对这个游戏的第一观感，就算它不是米哈游下一代旗舰作品，至少也是旗舰作品的完美技术测试器。
真的，建议所有人都去看一下这个实机演示，非常非常惊艳。
为我的4060默哀一下……","你为啥直接发布31分钟的实机演示啊？那新游宣发里不是这样！你应该先发一个不明所以的概念pv，然后买软文和商单进行推广，再制作一段“游戏实录”，然后安排kol线下测试猛吹，偶尔从各种途径流出实机片段，再不经意用这些实机片段踩一下市面上的各类游戏，最后在某个特殊的游戏展上宣布明年上线，然后我们在一起看你的特殊实机啊！你怎么直接上来就发实机啊！新游宣发里根本不是这样！这样的实机，我！不！接！受！
活整完了，说点正经的。
整个实机看下来是可以看出大概的战斗框架的，三人小队潜行qte处决，但是战斗这块缺少一个元素反应这种的与世界观深度结合并且可玩性极高的主要机制。原神靠着这个核心机制从开服玩到了枫丹，才开始在战斗层面做扩张，既然是旗舰，类似这种核心机制还是得去挖掘。","现在这个头像看着有点怪，但是又说不上来。
我用AI改了一下，是不是就顺眼多了？"
有哪些冷门但含金量很高的书?,https://www.zhihu.com/question/485883881,找好书看，就是找一个制高点。,,"雪球网RanRan翻译的《沃尔特·施洛斯文集》。
施洛斯是巴菲特的大师兄。
他没什么天赋，钱也远远比巴菲特少，但他的投资策略极为简单，正常智商的人就学得会。
同时，施洛斯的收益率并不低，他钱少是因为没法像巴菲特那样管大资金，只看收益率并不比巴菲特差，也持续了半个世纪之久。
况且，施洛斯管的小资金，对普通人来说是几百辈子都花不完的大钱，完全足够。
因此含金量极高。","1.《江湖丛谈》
连阔如著，1936年出版, 本书是我国现今仅存的一部客观而又比较全面地介绍江湖行当、行话和内幕的书籍。窦文涛说当年这本书一经问世，很多人为此丢掉了饭碗。
读书多的人少看几遍，读书少的朋友多看几遍。这个书能让你减少被骗的机会，让你了解真实的江湖，也就是现代社会骗子骗人的基本情况。
别太理想化，武侠都是文人的意淫，民国都是雅士的滤镜，真实生活往往丑陋又残酷。
有些你认为的美好幻想都是人家为了挣钱给你画的饼，你想要人家的利息，人家垂涎你的本金。
这本书对于研究晚清及民国风情是很好的注疏。迷信算卦的尤其需要看，你所谓的命数，在人家看来不过是生意。你是人家的提款机，骗的你倾家荡产。
《江湖丛谈》完整电子版：一键点击保存
2. 《中外遗嘱大观》
1992年出版。刷知乎的时候看到的，然后下载了这本书的电子版。
收入本书中的遗嘱，大体分为三部分人：一部分是名人，第二部分是普通人，还有一部分是对人民犯下罪孽、被判处死刑的囚犯。
对于即将来临的死亡，人类最真挚的情感都在“遗嘱”中，最喜欢的还是“国内遗嘱”的部分，有些读来让人热泪盈眶。
《中外遗嘱大观》完整电子版：一键点击保存
3.《奸商奸术揭秘》
看了部分内容，太敢写了。。。这书放到现在根本出版不了！！！
创业不能只看创业，你还得学会“奸”，自古“无商不奸”从来不是一句空话。
创业路上步步是坑，稍有不慎满盘皆输。一个有良心的商人，要比奸商更“奸”才能突破重重阻碍，最后功成名就。
“奸商”都是寻找机会、把握机会、深谙人性的高手，尤其擅长利用人性的缺陷，来牟取利益。
本书从合同之坑、美色之坑、内幕之坑、老赖之坑等8个方面，为我们揭秘“奸商奸术”，书中内容在如今看来相当大胆、黑暗，故仅为揭秘，不可用于日常生活中，切记。
《奸商奸术揭秘》完整电子版：一键点击保存
4. 《如何处理形形色色的人际关系》
这本书早在 1991 年就已出版，全书共 148 页，里面收录了 131 个处理人际关系的案例，称得上是 90 年代的 “人际关系百科全书”。
书中提到的不少方法，即便放到现在来看也并不过时，有很多值得我们借鉴的内容；同时，书中还藏着上世纪国人身上那种略带绅士风度的社交礼仪。
案例1：没有好人缘怎么办？
案例2：社交场合如何结识陌生人？
案例3：迎合别人而失去自我怎么办？
需要说明的是，这本书里还有大量案例没有展示，电子版我放在下面了，要是觉得自己的人际交往能力急需提升，有这方面需求的朋友，可以仔细研读。
《如何处理形形色色的人际关系》完整电子版：一键点击保存
5. 《败经》
作者曾国藩。此书并不受推崇，大抵是因为“人们不希望从失败中吸取教训，只试图从成功中寻找捷径。”
然而失败中的经验其实更难能可贵，曾国藩传奇的一生，其精华就在这部《败经》之中，他总结出:“军事之败有二”、“居官四败”、“家败之道有四”、“身败之道有四”，之所以总结败、分析败，都是为了防败和求胜。
读懂《败经》，想败都难！
《败经》完整电子版：一键点击保存
6. 《开悟开窍开智》
这是一本奇书，就是那种你看了之后会后悔为什么没早点看到的那种！
书里主要涉及了人性、情感、思维、认知等内容，也有很多无法公开去讲的东西，略有些暗黑和赤裸，但却实用。作者有过上万人的咨询经验，归纳总结了普通人遇到的卡点和问题，并给出解决方案，帮助普通人开窍开悟!开启智慧的大门!让更多的人少走弯路!
真相往往和现实中你所看到的一切都是反着来的。
人无形中被看不见的""基因""所控制，你的思维，你的言行，你的选择…而唯一能影响基因变化的就是文化观念，并且是强势文化。
看标题就知道这书有多干了！
《开悟开窍开智》电子版：一键点击保存
节选书中部分干货！
1、大众认为的正确不会让你活得很好
越是道德观念重的人，现实中往往越是过的没那么好，因为道德和人性它本来就是两套规则，一个人道德观念过重，那么他的生存能力就不会很强，因为它是不符合人性的，或者是说它会限制一个人变好和成长。
我们从现实这个角度来看，当一个人的出身环境很差，生存环境很差，那他就不能按照大众眼里的那种所谓“好”去活，去做人，做事，一旦他那么去做了，他是很难出头的，因为大众本身认为对的那套理论，本身就是不符合“道”的，你以为得到了一些人的认可，让他们觉得你善良，觉得你大度，实际上你是离“道”越来越远的，你是没办法过好的。
反而我们看那种，往往大众认为他这个人不是太好，他是不符合道德的，或者是认为他那个价值观不对的，却可以越活越好，因为普通大众认为对的，往往它是一种弱势文化，实际上我们想要过好，应该学的是一种强势文化。
人成长就要历劫，人不是靠教出来的，有的人悟性高，他通过观察别人，他自己也能开悟，悟性没那么高的，大多数都是经历了很多事，经历了很多挫折，很多苦难，吃了很多亏，才开悟，心智才得以成长。
当一个普通人，出身不行，什么都没有的情况下，你想改变命运，你就必须把自己原有的那套东西打碎丢掉，也就是改头换面脱胎换骨，因为在一个劣势的环境里，很多东西特别的局限，特别的非黑即白，非错即对，如果你要按照大众觉得对的去做，觉得在那个环境里大家都这样，你也那样，那你就永远跳不出那个环境，翻不了身。
因为环境不行，那里的人就不行，就像说有钱人为什么能赚到钱，因为有钱人能够看到普通人看不到的东西，很多普通人觉得不能做的，恰恰是有钱人做了，他们才赚到了钱。
你用当下的条件，去解决当下的问题，是解决不了的。
2、和危险体质的人保持距离
面对身处底层的人，给予基本的尊重，但不能太过于客气，过于客气很可能会导致对方没有分寸和边界感。
由于不同的人，成长背景、教育背景、生活背景的不同，在对于人事物的理解上，有着天壤之别，思维认知的不同，导致每个阶层的人在同一个时刻，同一个场景中能够看到，且看重的东西是不一样的，所做出的反应也完全不同。
阶层越靠下的，在面对利益的时候，人性越容易失控，一个是生活所需，另一个是生存环境所造成的认知，以及先天的劣根性，并不是所有人都能看得那么长远，越是弱势，往往只能看到眼前和当下。
如果你没有在第一时间满足他们的需求，他们立马会露出丑陋的嘴脸，用一些很低级的方式去报复你，比如某些行业的人，因为你没有从他那里成交，他会把你的电话挂出去，或者用其他的方式骚扰你，比如你不小心遇人不淑，想要分手，他不会从自身去反省别人为什么离开他，而是会因为被你拒绝了，选择报复你，骚扰你。
所以，越是和阶层靠下的人打交道，潜在危险性越高，因为在思维认知上没有弹性空间的人，普遍非常极端，往往做事越容易没有底线，一旦沾上了，就是惹到了大麻烦。
3、会造梦的人就能谈好恋爱和赚到钱
一个老板能让很多人愿意跟随他，绝不是因为他在某个技术上有多厉害，而是他善于给别人构建梦想，让别人对他构建的梦想有期待，有盼头。
很多男的一无所有，仅凭租的一辆豪车，就能到处骗色骗钱，因为他擅长给对方造梦，制造一种有钱人的梦，和对爱情的憧憬，让对方对自己有了很美好的心理期待。
这不是说要宣扬行骗，而是当我们掌握这种给别人“造梦”的能力和思维时，只要把它用到积极正向的事情上，是可以给予人动力，鼓舞和希望的。
老板擅长给员工造梦，员工才会有动力，有盼头，更加努力的工作，为公司创造价值的同时，也成就了自己，这是两全其美的事情。
老实人虽然实在，从道德角度去看，这样的人貌似更厚道，更容易被信任，但也正因为这样，老实人是做不了生意，也做不了老板的，因为他太“实”了，什么都让人家看的明明白白，没有虚的东西，也就是不会吹牛，不会画饼，不会造梦，无论是吹牛，还是画饼，它都不能单纯的从对错的角度去评判，能够让员工有奔头，创造利益，然后再回馈给员工一部分奖励，那画饼和造梦就是可行的。
太老实人，他没有吹牛画饼造梦的能力，他就无法给员工期待，就激不起员工的动力，他就做不好生意，当不好老板，给不了别人想象空间，就留不住人。
从女人的角度，一个男人十年如一日，每个月 5千的工资，没有提成，没有晋升空间，从他身上看不到任何的期待，那么女人也会为自己重新打算，因为别人在你身上看不到“期待”，你没有给对方造梦，让他有期待感，人都是很务实的，当他在你身上看不到任何希望，得不到好处的时侯，他就不愿意在你身上投入时间和精力的成本，就会离你而去。
无论是处理人际关系，谈恋爱还是做生意，好的，高价值的东西，要让别以知道你有，但一定不要太快给出去，太快释放价值，给予好处，对方就不愿意的出成本，不愿意努力，给予希望和期待，激发出他的饥饿感和欲望，才能实现价值最大化。
4、“ 不舍得 ” 和 “ 念旧 ” 是改变命运的最大牵绊之一
父母长辈和爷爷奶奶他们那些人，有一个特点不好，就是念旧，这也不舍得扔，那也不舍得扔，明明都是已经用不上的东西了，但他们也不舍得丢掉，有一部分人是之前过惯了苦日子，遗留下来的“后遗症”，有的人就单纯的念旧，实际上站在玄学命理的角度，这种习惯，或者说这种“念旧”思维特别不利于个人发展。
其实每一样东西都有它自己的“气”，也就是所谓的能量，当那个“气”用的差不多的时候，它就不再能对你产生某些能量了，就该换掉了，包括人和人之间的关系，无论是恋爱关系，婚姻关系还是朋友关系，但凡其中一方停滞不前，不去更新自己，那这段关系就会出问题。
就像有的人来咨询，咨询要不要换工作，要不要换城市，有的人咨询完你就知道他不会换，因为他身上缺少一种勇敢，果断和魄力，而这些恰恰就是影响命运的重要因素。
比如说有的人，在老家或者小城市比较难赚到很多钱，比较难有一个好的发展，然后到大地方肯定也是难的，但是有的人，他在年轻的时候敢去尝试，去大城市折腾，那就有可能多一点机会，大城市虽然对个人的能力要求会相对更高，但他获得的回报和收获也一定是比小地方更高的。
因为他们不敢换城市，不敢换工作，不敢脱离自己已经熟悉了的圈子，所以他们一直只能待在落后的地方，接触一些思维认知同样落后的人，他永远在那样一个磁场当中，接触不到好磁场的人，接触不到好风水的环境，他怎么可能遇到贵人，又怎么可能有新的机会呢。
而还有一部分人呢，他不太在乎这些，即便是刚搬的家，这个时候如果说在另一个城市有一个非常好的机会，那他就能立马搬家，哪怕是刚装修好的房子，但如果说这个房子有一些问题，他考虑到更长远的发展，和利弊关系，他也可以说换就换，他更看重的是我自己是不是有更好的机会和发展，有更好的机会，那他不管是从一个现实使用需求，还是从一个增值需求，他都不是只着眼于眼前当下，而是我的个人价值会不会增值，或者对我的事业会不会越来越好，或者说我赚的钱会不会越来越多，或者说自己的能力，认知是不是越来越强，这个才是最重要的。
敢于舍弃，敢于“换”的人，他是不断在更新自己的，无论是有形，还是无形的，念旧在玄学命理上不是什么好事，说明自己缺乏一种舍旧换新的勇气，包括感情，如果一个人不仅不能滋养你，还老是消耗你，那你要毫不犹豫的换掉他，所有的“舍弃”和“换”都是为了给自己增值，不愿意舍弃的人，是没有增值空间的。
5、阻碍发财致富两大绊脚石
懒惰和清高是阻碍人发财致富的两个绊脚石，某种程度上，清高实际上是一种弱，脸皮薄，害怕被人说三道四，放不下面子，总之就是怕东怕西，小钱看不上，大钱赚不到，越是脸皮厚的人，实际上越强大，无所畏惧，特别坦然。
情绪解决不了问题，只会激化问题
往往层次高的人遇到问题，想的是怎样能够把事情用最短的时间，最合理高效的方式解决掉，如果是和别人产生了矛盾，想的是如何降低彼此的损失，尽量节约彼此的时间去解决掉事情，而越是层次低的人遇到事情，往往是选择先发泄情绪，从某种程度上就极大的影响了双方的沟通，阻碍了解决事情的进程。
6、想让别人帮你，就要把对方变成 “ 利益共同体 ”
别人为什么不愿意帮你？是别人太冷漠吗？
是因为你跟别人的利益不相关，如果你用请求帮忙的方式，别人都会有排斥和防备心理，或者心不甘情不愿。
1、比如说在一个店里面，一群家长带着一群小孩，小孩鸣哇乱叫满场飞奔，如果这个时候工作人员跟他们的家长说，店里面不可以乱跑大喊大叫，会影响到其他的顾客，几乎没什么家长会在意的，有的甚至还要无理取闹，你凭什么管我们，你谁啊。
2、但如果这个时候你说，地上有碎玻璃，有顾客弄洒了的奶茶，要小心脚下，小心扎伤，那些家长自然而然的就会第一时间拉住他们的小孩子，不让他们到处乱跑，因为她怕自己的孩子跌倒被扎伤。
用第一种方式去跟他们说，对他们造不成任何利益损失，而会给对方一种你在向我提要求的感觉，所以他们根本不会听。
用第二种方式，很显然触及到她们的利益，如果不听就会让他们自己有损失，只要让他们知道这种风险的存在，就能引起她们的重视。
所以想让别人帮你，或者重视你的想法，更多的要想想，怎么样把对方变成“利益共同体”只有让对方觉”得这件事跟她有关系，别人才会重视你的想法和你的要求，而不是一味地表达自己的想法。
7、多做自己不喜欢的事
能力和成长很多时候都是在艰难和落寞中磨出来的，对于有些人来说，称为低谷，能够从低谷中站起来，并能从困难中积累经验，提升能力才是最厉害的，有的时候人的进步和成长，往往都是做了曾经自己不愿意做的事，太容易接受的事，基本上很难让自己成长，因为人都会本能地逃避难做的事，去做那些容易且简单的事。
8、老好人永远不会明白的道理
想要通过做一个处处迎合别人，不得罪人，甚至试图讨好别人的老好人，不会得到别人的尊重和重视，也得不到任何货真价实的好处，因为别人对你的尊重和重视，完全取决于自己的价值。
公司里面，表面上看老好人好像人缘很好，那是因为他对别人不存在威胁，且好说话，不懂得拒绝人，随时都可以被当免费的工具人，但一旦涉及利益关系，他们是不会对他客气的，有好事也不会想到他，只会剥削他，因为他是没有原则，没有态度的人。
9、免费的不会被珍惜
不要轻易主动帮助别人，不要随意对别人好。
不能深刻理解的人会认为这是薄情冷漠，能够这样想，实际上是对人性的解不够深刻透彻。道不轻传，法不贱卖，卦不空出，医不叩门，这是万事万物的规律，一旦你因为感情打破这个规律，就是违背了天道，能够真正想明白，这其中的规律和因果关系的人，需要阅历和一定的悟性。
很多时候你以为你在帮助别人，为别人好，实际上最后你们可能会撕B,别人最后非但不会感激你，不会记得你的好，还会恨你，会怨你，很多最后撕B 的人，曾经都是关系很好的人，关系越密切，越容易越界，越容易不遵循规则。
人永远不要想着去渡谁，每个人都有自己的命运，当你想去渡人的时候，就是试图打破别人命运的运行规律，这是一种越界。
10、多做让自己值钱的事
少点消费思维，多点投资思维，把自己消费者的身份，变成创造者和商家身份。
消费的快乐很短暂，在给你带去短暂快乐和刺激之后，并不会让你有任何收获，而真正能让你有所成长，有收获的事情，都是需要用极大的行动和精力付出的，无法忍受痛和煎熬，得不到可贵的东西，不要在与赚钱无关，无法提升智慧和能力的人事上浪费精力和感情，到头来你会发现除了让自己陷入到虚幻不切实际的幻想，自己没有任何收获和成长，这个世界上唯一不会重来的就是时间。
11、自我感动很廉价
人一旦有了一种自主为他人付出的，自主关心，自主共情的想法，痛苦就会油然而生。
人有的时候很容易自以为是的去认为，别人可能会过的不开心，别人可能没人关心，没人爱，别人可能很需要自己，实际上都是你自己以为而已。人总喜欢站在自己的立场去审视一切，可站在别人的立场，或许那对他们来说是很平常的事情，可能已经成为一种常态，只是你用自己的视角去把那些状况和情绪放大了很多倍而已，实际上对别人来说那都正常，所以在别人看来你付出的，并没有你想的那么重要和不可替代，人最廉价的一种行为就是喜欢自我感动。
12.别人知道你的秘密越少，你就越安全
人很容易在某个时刻，对一些新鲜的，不同性格的人上头，觉得自己遇到了 跟自己很像，或者很合的人，或者因为对方的热情和捧杀而冲昏头脑，就觉得目 己遇对了人，遇到了好人，遇到了自己喜欢的人，然后就开始跟人家敞开心扉， 这是很危险的。
倾诉是人的本能，但成年人的世界，你的倾诉欲越低，你也就越安全，不是 说要把人想得很坏，有的人也不是故意要害你，他就是管不住自己的嘴，他就是 意识不到你跟他“透露”的，那些所谓的秘密，到底对你有多重要。
人们总是误以为用自己所谓的“秘密”和“隐私”就能拉近和别人的关系， 实际上别人也是用你的“秘密”去换取他人的信任的，所以管好自己的嘴，别人 越不容易了解你，别人对你的秘密知道的越少，你也就越安全，尤其是男女关系。
13.把话说好是营销自己最低成本的方式
一个人讲话做事，有的时候，就像爆款短视频的文案，一个爆款文案，它是 具备了很多“火”的因素的，具备以下几点，你的短视频就有了火的可能性。
最好具备：有价值的内容、生动的画面感、有张力的情绪、让人印象深刻的 标签和具备社交属性的传播性。
如果一个人做的事，或者讲的话，别人都记不住，除了他这个人身上没有标 签以外，标签包括形象标签和语言标签，就是你一听到一个声音，或者一句话，
你就知道是谁说的，这就是语言标签，你想起一个人，首先想起的是他那一头的 白头发，这就是形象标签。
如果一个人说的话，做的事，都是些没有什么有价值性的内容，那他说的那 个话，做的那个事，对别人来说就是比较低价值的，别人就不会在意，你就对他 产生不了什么影响。
有的人讲话也没有什么内容和质量，但是有情绪，他就能够调动别人的情绪， 和活跃气氛，那么别人也会喜欢他，很多网红没什么文化，但是能调动别人的情 绪，给别人提供情绪价值，他也一样可以火，让别人开心就是他的价值，就怕又 没内容，也没情绪，那他就影响不了别人，影响不了别人，他就无法营销自己， 别人就不会为他付费买单。
因篇幅关系只节选了一小部分，完整版放在下面了，直接自取即可。
《开悟开窍开智》完整电子版：一键点击保存
7. 《巧做家庭菜600例》
如此山寨的书皮，怎么看也不会觉得这书有啥了不起，就像90年代随处可见的菜谱书。
然而埋伏就在题目中，什么家庭能有600多到菜?
没错就是张作霖那个家庭。这是张作霖大帅府厨师口述的菜谱
当然帅府也不是天天宴席，所以这本书将菜肴分为两个部分：精制菜肴和家常菜。就张帅府在当时的江湖地位，他们府上的精制菜，称一句“顶级的中国菜”，也不为过。
一起来旁观张帅府的精制菜：
头牌是一只汤——四拔汤，却不是喝的汤，而是做菜之用的高汤，为什么叫“四拔汤”？皆因此汤制作过程繁琐，历经四个流程：一煮、二燉、三清、四拔。用料包括老母鸡、鸭子各一只，额外还需要鸡骨、鸡血及鸡胸脯肉。普通的菜式三清之后的汤即可使用，如果要煮燕窝粥则必经四拔。
凉菜的用料，鲍与参算是应有之属，鹿肉则颇有地方特色。
接下去则按原料分类，燕、翅、参、鲍自是不在话下；熊掌、鹿尾、鹿茸、猴头蘑、山鸡、哈什蚂等，虽则珍贵，也算是特产吧；再看到虎肉，真有点不淡定了；还有一个食材没有写在明面上，而是隐于一道“珍禽火锅”中，差点被忽略了——飞龙；这还不是极致的，食材中甚至出现了鲥鱼，这效果是真追“一骑红尘妃子笑”了，也不知是为了讨哪位大人物的欢心。
顶级的菜需要顶级的食材支撑，纯靠手工，虽然工匠精神难得，但总有那么点寒酸。
《巧做家庭菜600例》完整电子版：一键点击保存
8. 《怎样洞察别人》
淘到一本绝版旧书《怎样洞察别人》，1987 年出版，全书 197 页。
一本不错的现代微行为分析入门读物，80 年代的书都很实在。没有故弄玄虚，没有噱头，没有装腔作势，内容质朴平实，浅显易懂。
挺有意思的一本书，能让你从一些细微的动作，比如走路姿态、手部姿势等去探寻一个人的内心，在那个年代这本书配得上五星评价。
纸质版很难买到了，我整理了电子版本，感兴趣的话可以自行获取
《怎样洞察别人》完整电子版：一键点击保存
9. 《参谋助手论》
本以为是本冷门的教人拍马屁的书，看完之后才明白，什么才是高情商啊！
书中详细讲解了如何高效与上级协作，应对领导带来的各类挑战。这些经验心得，都是军队秘书在长期实践中总结而来的，对于职场打拼而言，确实能起到降维打击般的助力。
《参谋助手论》这本书，把 “担任领导秘书” 或是 “做下属” 的经验，提升到了艺术的层面，既不显低贱，也不显得卑微。书中还有不少经典段落，能给读者带来深刻启发。
关于送礼的品种。 　　可分为三类。第一类是生活用品，从鸡饲料、土特产、服装、烟酒、打火机、保健用品到高档家具、照相机、录像机以至摄像机等等。第二类是欣赏物品，有古玩、玉器、首饰、工艺品、名人字画、珍贵图书等等，价值从几十元至上万元不等。第三类是货币，从红包、现金发展到信用卡。里面存上几位数，送给首长用起来很方便。 　　有时收方也表现为一种主动行为，即拿。有两种方式的，一是明拿，一是暗索。首长到某部队视察，宴上吃到了新疆特产骆蹄，很合口味，于是说：“老张啊，你们这里的骆蹄很不错。”临走时部队领导准备好了相当数量的骆蹄送给首长，这就是明拿。首长到某单位了解情况，看到一本好书，爱不释手，便对秘书说：“真是本好书，我还是第一次看见，咱们那儿能买到吗？”秘书说：“这是古籍珍本，恐怕没有卖的。”部队领导领会了意图，便说：“首长喜欢就拿去吧，我们这只能当摆设，不如给首长好好研究研究。”这就是暗索。 　　首长在“收”的问题上，表现比较普遍的，只是轻重不同。 下棋打球要让着首长。有的首长心宽体胖，打乒乓球时，不要总是扣球，让首长接不到球，弯腰捡球。应多放高球，让领导扣。打篮球时，不要总盖首长的帽，要让他多投进几个。 你一推门，看到首长正跟家属打情骂俏，你要假装撞在门上，或者摔了一跤，然后揉碰撞的部位，弄出动静，让首长认为你没有发现他们，而是他们发现了你，这样便于首长和家属回归严肃的状态。 聪明的秘书，他的表情经常是微笑的；他的精力，经常是充沛的；他的大脑，经常是思考问题的；他的情绪，经常是富有朝气的。聪明的秘书，在首长面前常显出某些傻气来，但就是在这种傻气中透出足够的灵气来；他们又常常显出某种呆气来，就是在这种呆气中，显出恰当的精气来；他们又常常显出稚气来，就是在这种稚气中，显出充分的才气来；他们还常常显出一种文气来，而在这种文气中的，又常常显出他们的骨气来。
这本书的两位作者，均为解放军政治学院的教员，拥有丰富的秘书工作经历。他们自称对秘书这一身份深感自豪，并且在书中郑重地表达了这一态度。虽然我们可以不必理会他们这种略显可笑的自豪情绪，但他们在书中，却以一种看似荒诞的方式，深刻揭露了中国官场中的官本位思想与潜规则。
原文内容篇幅较长，此处仅截取了部分内容，完整电子版已整理完毕，感兴趣的朋友可以下载保存！
《参谋助手论》完整电子版：一键点击保存
10. 《一个底层人的权谋术》
此书并没有出版信息，但其中的内容可圈可点，个人认为是值得一看的。
以下是部分截图
完整电子版放下面了，大家可以自取观看，书中内容可能有些观点并不符合主流价值观，尽快保存，随时可能失效。
《一个底层人的权谋术》完整电子版：一键点击保存","推荐几本冷门且含金量超高的工具书。
之所以说是“工具书”，因为这些书太厚了，内容太全了。
长文、多图预警～
No.1《中国神怪大词典》
作者：栾保群
豆瓣：9.5分
这本书的初版是09年，豆瓣不到300人标记读过，修订版是18年出的，只有29人读过。
够冷门了吧？
作者栾保群，是我国研究神鬼志怪类故事的权威学者，著有《扪虱谈鬼录》、《说魂》等书。
栾保群
我本人也是一个志怪小说的发烧友，从唐宋传奇到明清笔记，都非常喜欢。在读栾先生的《扪虱谈鬼录》时，发现他不仅见识过人，而且知识量巨大，任何一个神怪话题，他都能信手拈来的讲个几十页，从该话题最初的起源，历朝历代的演变，背后的政治映射，都一清二楚。
尤其是历朝历代的故事演变，谁写的哪本书里讲了什么故事，栾先生如数家珍。
栾先生的文章可以用四个词总结：有趣、犀利、幽默、渊博。
出于对栾先生的好奇，我顺藤摸瓜找到了这本《中国神怪大辞典》，好家伙！
16开的书，光目录就56页！
更不要说书里详实的内容了，全书九百页左右，说是“大词典”毫不为过。也可以看出栾先生在编写此书时倾尽的心血。
全书根据神怪的条目进行索引，可以查到各神怪的故事和出处，资料详备，可谓是神鬼故事、志怪小说发烧友的福音了。

No.2《中国古代服饰研究》
作者：沈从文
豆瓣：9.2分
提起沈从文，你会想到什么？《边城》、《长河》、他和张兆和的爱情？
可能很多朋友都不知道，沈从文曾自杀过一次，自此之后他的后半生几乎没有进行文学创作。那他在做什么？
研究文物，更准确的说是研究中国古代服饰。对沈老后半生感兴趣的朋友欢迎看看张新颖老师写的《沈从文的后半生》。
如果对近代历史有了解的朋友，应该能想象到以沈从文的身份和性格，他会遭到什么待遇。
他研究文物的时候，条件很不好。单位的人不懂古代服饰的价值，对他冷嘲热讽，觉得他买的都是废品。曾经提携过的门生范某等人，对他写大字报“举报”。房子被迫分出去，最惨的时候他和张兆和轮流用一张桌子，书写研究。而当他下放到了南方，暴雨夜房屋破漏，高血压等重病缠身时，沈从文写信给领导，依然是申请把自己后半生研究的文物知识，写下来，为国家留下来。
就这样，沈从文克服重重困难，倾尽后半生的心血，著成了这本《中国古代服饰研究》。当时研究服饰的人很少，沈从文算是开山之人，而且他还带出了王亚荣等专家学者。

这样一本书，老版本1300多少标记读过，新版本也只有443人。沈从文虽然是一个著名作家，但这本书绝对算他书中的冷门。
不过这份厚重，对得起“含金量极高”。
书的内容也很全面。
如果对沈从文先生的后半生，或者对中国古代服饰文化感兴趣，这本书是不容错过的。

No.3 《江湖丛谈》
作者：连阔如
豆瓣：9.1分
连阔如先生是我国著名的评书大家。
连阔如被人称为“净街王”、“跑马连”。他作为第一批在电台说书的艺人，大胆创新，在各个广播电台承包时段插播各种广告，业务类型广泛，在同行中范围、规模最大，在20世纪40年代号称“连氏广告社号称京城同行‘头一勾’”。
除此之外，他还写了一本叫《江湖丛谈》的书。
这本书中华书局的精装版本是最好的，豆瓣不到500人读过，也算冷门了。
简介：
《江湖丛谈》为连阔如先生遗著，是目前仅存的一部介绍江湖行当、行话和内幕的书。详细介绍了清末民初以来江湖上的诸多行当及行规，对当时广泛流行于北平、天津等地的丰富多彩的曲艺艺术，如评书、大鼓、相声、坠子、数来宝、竹板书等，追根溯源、分别流派、介绍演出状况；评介了众多深有影响的曲艺演唱家的艺术造诣、演唱特色以及他们的生活状况。书中还以大量篇幅记述和揭露了这一时期江湖行当的内幕以及危害社会的种种骗术。作者于上世纪30年代以云游客笔名在北平《时言报》连载书稿内容，1936年（民国二十五年）由时言报社结集出版。此次增订再版，补充了“小绺门”“风门”“雁门”等原书未及的几节文字，李滨声先生特为作彩色插图50余幅，书中另配有多幅珍贵人物及历史资料照片。为曲艺史尤其是评书史、相声史的研究，提供了许多可资参考的材料。这是一部奇人写的奇书，是“身为江湖中人，而又内心纯正”的江湖艺人秉承“拯人济世之心”而创作的一部空前绝后的伟大作品。
我当时也是当一本奇书来看的，便于了解上个世纪的中国江湖，和已经消失的底层文化。
书的内容很全，可以根据你感兴趣的内容去索引。

所以，我觉得这本书的含金量也是很高的。

谢谢大家喜欢，我更新一波！
No.4 《中国建筑史》
作者：梁思成
豆瓣：9.1分
梁思成有很多身份，梁启超的儿子，林徽因的丈夫，同时他也是我国的建筑史学家，被誉为中国近代建筑之父。
梁思成是中国“第一个用现代科学方法研究中国古代建筑的学者”；《中国建筑史》，第一部由中国人自己编写的公正权威的中国建筑史。
这本书是增补本，比原版新增了梁先生亲自拍摄的珍贵照片。这本书出版了10年，豆瓣不过1500多人标记了读过，也算够“冷门”了。
本书阐明中国建筑的特征，对每一时期的现存建筑实物逐一剖析：木构、砖石、桥梁、牌坊、宫殿、苑囿、寺庙坛观、陵墓、住宅，参阅古代建筑的两部“文法课本”，解说每个建筑形制的特征及传承关系。整体把握各个历史阶段的政治、经济、文化，明晰中国建筑史分期：上古、两汉、魏晋南北朝、隋唐、五代宋辽金、元明清、清末及民国以后。讲解各个系统建筑自身之优劣，解析他时他民族与我之异同。
感慨的是，中国古建筑真的很美。当时国外的学者质疑中国没有保存的好的古建筑，梁思成和林徽因夫妇，就亲自去山西走访，按照敦煌壁画上古建筑的位置按图索骥，果然在很多山上发现了那些湮没已久的古建筑！
梁思成、林徽因夫妇
所以这本书，无论是不是专业学建筑的，都值得读一读。
梁思成先生后来还为北京的城市改造，古建筑保护提了很多建议和方案。对他人生阅历感兴趣的，可以看看这本《梁》。

No.5 《中国古代文化常识》
作者：王力
豆瓣：9.4分
也许这本书不能算“冷门”了，近三千人标记了读过，不过对于这么好的书，我觉得看的人还是太少了。
本书是王力教授主持并召集众多专家共同编写的关于中国古代文化常识的简明读本，出版50余年来前后历经4次重要修订。
如果想了解中国古代的文化，这本书是很棒的一本工具书。
书中介绍了天文、历法、乐律、地理、职官、科举、礼俗、饮食等十四大部分。
看书的时候我感觉自己，对古代的知识，知道的太少了。
摘录点书中的内容：
三代以上，人人皆知天文。‘七月流火’，农夫之辞也。‘三星在天’，妇人之语也。‘月离于毕’，戍卒之作也。‘龙尾伏辰’，儿童之谣也。后世文人学士，有问之而茫然不知者矣。顾炎武《日知录》卷三十“天文”条。

以宫为音阶起点的是宫调式，意思是以宫作为乐曲旋律中最重要的居于核心地位的主音。不同的调式有不同的色彩，产生不同的音乐效果。无论六十调或八十四调，都只是理论上有这样多的可能组合，在实际音乐中不见得全部用到。例如隋唐燕乐只用二十八宫调，南宋词曲音乐只用七宫十二调，元代北曲只用六宫十一调，明清以来南曲只用五宫八调。

在中国历史上ー共只有两位最高权力拥有者被人谀称为“老佛爷”。这两个老佛爷都出在清代，一个是康熙，一个是慈禧。除此之外，再无任何一位皇帝、皇后、太上皇、皇太后被人称过“老佛爷”。
等等冷知识非常多，这种书可能通篇读下来记不全，但是作为工具书来考察专业内容，或者随手拿起来翻一翻，都很不错！
以及，书中的配图也很棒。

谢谢大家喜欢，我再更新一波！
No.6 《中国古代房内考》
作者：高罗佩
豆瓣：8.7分
作者高罗佩（1910~1967），字笑忘，号芝台，但他是个荷兰人。
他是荷兰汉学家、东方学家、外交家、翻译家、小说家。高罗佩最负盛名的那本推理小说是《大唐狄公案》，成功的把我们的狄大人塑造成了“东方福尔摩斯”。
除了《大唐狄公案》之外，高罗佩还有一本奇书，就是这本《中国古代房内考》。
商务印书馆的这本，出版十几年，豆标不到1000，也算冷门了。
接下来，我小小的开个车吧～朋友们坐稳。
书名中的“房内”是什么意思？是中国古代对性事的雅称，简单来说就是“滚床单艺术考”，不过这不是一本小黄书，而是对中国悠悠历史长河中性文化的考证。
本书首次全面系统地阐述了中华民族性文化漫长而曲折的演变史。从最初的原始社会的性崇拜、性禁忌到逐渐形成性文化雏形的奴隶社会；宽松的两性关系、房中术的兴起和性艺术、性文学的兴盛为代表的汉唐时期到对性进行残酷的禁锢与剥夺的宋元明清时期；从二十世纪初的“性博士”奇人张竟生到改革开放的九十年代的全国两万例“性文明”调查，人们的性观念、性意识一直在禁锢与解放中交错演进。 全书以洋洋二百万文字，近千幅图片将5000年中国性文化的发展史，淋漓尽致地展现给读者。
“古代房术书籍，不啻不涉放荡，抑亦合乎卫生，且无暴虐之狂，诡异之行。故中国房事之私，初无用隐匿，而可谓中华文明之荣誉也。”
下图是学者李零对这《中国古代房内考》的评论，同时说一声，下一本推荐的书，就是这位李零先生写的。




No.7 《中国方术正考》《中国方术续考》
作者：李零
豆瓣：8.6分
李零先生
关于中国的“方术”，李零先生一共写了两本，豆标人数加起来一千出头，也是很冷门了。
《中国方术考》结合考古材料，系统总结了中国早期的方术知识对中国科技史、中国思想史乃至中国文化的研究都具有重要的启发意义。
其实方术和方技是不一样的：
中国古代研究“天道”的学问是叫“数术之学”，而研究“生命”的学问是叫“方技之学”。它们都有自己的学术传统、知识体系和概念术语。
这本书写的也很详细，讨论了式占、选择术、龟卜和筮占等数术，下篇讨论了炼丹、行气、导引和房中术等方技。
（熟悉的房中术…我不是故意要开车的）

说到了方术，再顺便提几本书吧，感兴趣的小伙伴可以找来看看，我就不一一介绍了。

还有一些冷门好书，欢迎追更，有时间再更新。
这篇回答竟然写到了4000+字。感谢你能读到这里！
有考虑入手电纸书阅读器的小伙伴可以看我总结的详细的攻略，一定能够帮到你！
码字不易，喜欢的朋友，帮忙点个赞吧
我是 @麋鹿先生 ，分享好书、好电影！","以下8本神作，全是冷门但含金量很高的书，其中4本，豆瓣9.0分以上。
所有图片，皆为回答问题实拍。
收藏后，记得留个赞再走。
1️⃣《民国思潮读本》豆瓣9.2分
这是一部民国思想界的百科全书，梁启超、蔡元培、陈独秀等一众大佬的论战篇章，骂的有来有回，可谓是神仙打架。
本套书共分为四卷，毫不夸张的说，你只要翻看一下书的目录，你就会给这套书打个五星好评。
清末民国这30多年时间，可以说是我国思想最为混乱也最为多元化的一个历史时期。


再加上国运多舛，内忧外患，现实冲击思想，思想又指导现实。各路学派的代表人物又热衷笔战（参考鲁迅先生），往往一个争议事件，就能带动一家报社崛起。


“真理越辩越明”，本套书就是把这30多年的思想大辩论，集结成册，以飨后人。





2️⃣《通识教育高阶读本》
这套书冷门到在豆瓣上都没有词条收录。

我手里有三本，分别为“文史哲卷”、“财经卷”和“政法卷”。


中国人民大学的哲学系主任主编了这套书，将本套书定义为“20世纪的学术刻度尺，用它可以丈量人类刚刚走过的那个世纪的思想高度”。

如果你对20世纪思想脉络模糊，那这本书是最佳导航仪。


这套跨越学科的神作合集，从王国维到福柯，帮你搭建20世纪思想坐标系。


3️⃣《控制论与科学方法论》豆瓣9.5分
这本书也是一本跨学科神作，自20世纪70年代末以手抄本和油印本形式流传，时隔40年重修再版。


本书深刻探讨控制论和科学方法论在现代社会中的应用。



本书如果你想一遍看懂，难度挺大的，但读一点就会有一点收获，可大胆尝试。


4️⃣《中国古代文化常识》豆瓣9.4分
如果你穿越了，随身只能带两本书，那这本书必然入选，封王拜相这种主角桥段，暂时别想，靠这本书，大概率，能让你先活下去。



另外一本，可以带《中国历代政治得失》，随身揣在怀里，可能会帮你做出一番事业。



5️⃣《北宋三司财务行政体系研究》9.5分
如果你现在的工作职位是管理岗，是企业中高层，你可能会对“王安石变法”的这段历史比较感兴趣。


那相应的，这本书你就一定也会喜欢。


6️⃣《20世纪思想史》豆瓣8.9分
这套书可以说是“又厚又硬”，我来来回回读了很久才读完。


读完后也没记住什么，只是模模糊糊的在脑袋中留下了一个西方现代思想体系。仅靠一套书就达到这个效果。我甚是满意。


7️⃣《江湖丛谈》豆瓣9.1分
我觉得这本书一定是真实的记录了“江湖”这个当下不复存在的业态。


我不相信能靠一两个作者，编造出如此“脑洞大开”的诸多内容。


书里面随随便便的一个细节，挪用到一本新书中，你都会觉得新书作者是一位“民俗专家”，感叹我国文化的博大精深。


8️⃣《国家的常识》豆瓣8.7分
这本书在国外是比较政治学的大学教材，虽然是教材，但写的比畅销书都好看。
书中具体内容我就不说了，你要是能找到这本书，读一读就知道了。
手机码字不易，
收藏后，记得留个赞再走。","推荐一本书《写作是门手艺》
这本书在微信读书中是神作级别。
这是一本关于如何写好论文的书，目标读者群体主要是大学生。
作者是中山大学、清华大学教授刘强军，分别在南开大学、香港中文大学和哈佛大学读过书，在地方政府挂过职。擅长将跨学科思维融入学术研究与写作实践，代表性的课程是在中山大学开设的《大学写作通识》课程。
这本书核心讲的是如何写好论文，是本很好的工具书，对写说理类文章感兴趣的同学也可以认真研读，里面有很多知识可以参考。比如怎么选题？如何论证？还有如何遣词造句等等。
作者认为写作是一门手艺，是手艺那就跟熟练程度有关，就像李笑来书中常出现的一个卖油翁的例子，“无他，惟手熟而”。这个技能的核心写、写、写……
技能的掌握需要大量的练习、纠正，最终形成稳定的神经连接和肌肉记忆，才算真正学会了。
拥有知识仅是把显性的知识装进大脑中，使用知识才是形成技能。肌肉记忆的形成需要大量枯燥的、重复性的动作。
写作是实践导向的技能，只有写才会写。
修炼写作的过程跟学开车的过程非常类似：写作——吸取反馈——调整动作。
很多人可能都有写作的经历，甚至也会发到网上，但是为什么看的人很少呢？这很大程度上跟选题有关，选题比写更重要。
写什么比怎么写更重要。
写作当以回答谜题为导向，文章才会勾住没有耐心的读者。
好的研究问题总是对准令人着迷的谜题，找到那些跟常识、现实或者理论不一致的现象，找到那些我们想不通、觉得费解的问题。
我们的研究以积累知识为目标，揭示世界的运行规则。违背既有常识和理论的现象往往揭示了世界的复杂性和现有知识的缺陷。通过把这些不合常理的东西理解清楚，咱们可以修正既有的认识，在没有关系的事物间建立新的联结，从而刷新对世界的认识。
我们都对谜题感兴趣，那谜题在哪呢？作者在书中也有很详细的介绍，其关键就是“变”。作者用青蛙眼睛作类比，人大脑也是一样机理，即对“变异”“变化”的东西更加敏感。
观察世间万物，诀窍就在这动静之间。万物必有盛衰，万事必有张弛。
还是那句古话，“读书破万卷，下笔如有神”。想写必须先读，至少也是边读边写。作者推荐我们读好两本书一本是“有字之书”，另一本是“无字之书”。
成为一个好的作者，起点是做一个好的读者。
经常读书的学生，说话更有趣，理解更深入和全面。
只做书虫，会丧失鲜活的切身体验。能激发我们更多思考的，还是活生生的无字之书。
生活这本无字之书，同样需要花费时间去阅读。
读者的人设是“懒”，而且优质的注意力又极度的有限，这就需要作者精准投喂。
如果作者不能舒服地把内容奉给慵懒的读者，必输无疑。
书中还有很多关于写作详细知识，感兴趣的同学可以找来看看，一定会有意想不到收获。写是为了更好地读，写是为了更快地进步。
手艺终归是手艺，不动手学不会。
广告
写作是门手艺
京东
¥27.80
去购买
《写作是门手艺》思维导图（秘塔AI搜索生成）
├─ 核心内容
│ ├─ 写作哲学
│ │ ├─ 写作是手艺需练习（非天赋）[[2,6,15]]
│ │ ├─ 目标：清晰、简洁、逻辑严谨[[2,3]]
│ │ └─ 实践导向：反馈修正形成技能[[2,4]]
│ │
│ └─ 方法论体系
│ ├─ 三步提问法（核心工具）[[3,4,6]]
│ ├─ 变量思维（差异比较与机制）[[5,10]]
│ └─ 树形论证结构（观点→理由→证据）[[5,4]]
│
├─ 结构框架
│ ├─ 分篇架构（10篇29章）
│ │ ├─ 分野篇：作文与论文区别[[9]]
│ │ ├─ 风格篇：透明玻璃式文字[[3,9]]
│ │ ├─ 提问篇：问题意识与选题[[3,5]]
│ │ ├─ 论证篇：树形结构与沙漏式写作[[4,5]]
│ │ └─ 故事篇：学术叙事技巧（马奇三原则）[[6,9]]
│ │
│ └─ 六条思维线索
│ ├─ 差异-机制线[[3,10]]
│ ├─ 辩论线（46部电影分析）[[3,6]]
│ └─ 电影线/漫画线（趣味辅助）[[3,10]]
│
├─ 写作技巧
│ ├─ 微观技巧
│ │ ├─ 标题设计（兰德标题法）[[4,9]]
│ │ ├─ 段落衔接（WSPC结构）[[6,20]]
│ │ └─ 读者视角（懒人读者设定）[[4,9]]
│ │
│ └─ 宏观策略
│ ├─ 选题四象限（判断标准）[[4,6]]
│ ├─ 非线性写作（先完成再完美）[[4,9]]
│ └─ 过程管理（反馈回路与多巴胺法则）[[4,6]]
│
├─ 实践方法
│ ├─ 短篇写作（10类主题）[[4,6]]
│ ├─ 主题写作（一以贯之训练）[[4,10]]
│ ├─ 电影解析（46部案例分析）[[4,6]]
│ └─ 伴手礼工具包（48次实操机会）[[1,4]]
│
├─ 书籍特色
│ ├─ 趣味性
│ │ ├─ 25幅监控式漫画[[1,3]]
│ │ └─ 电影与写作跨界融合[[3,6]]
│ │
│ └─ 系统性
│ ├─ 80+精选书单（对比阅读法）[[3,6]]
│ ├─ 26个辩题训练批判思维[[1,4]]
│ └─ 学术/日常写作双覆盖[[6,9]]
│
└─ 适用场景
├─ 学术写作
│ ├─ 论文结构（TAIMRDR框架）[[4,20]]
│ └─ 文献对话（追问下沉法）[[4,6]]
│
└─ 通用写作
├─ 职场文书（四把尺子检验法）[[4]]
└─ 个人创作（个人版四库全书法）[[4,6]]",,,,
为什么江西起不来？,https://www.zhihu.com/question/654215710,感觉江西在哪方面都有存在感，但是江西本身起不来为啥啊。,,"说那么多原因.
宗族观念、思想保守、贪官太多.
大家心里都明白.
江西能不能发展起来，是江西人能决定的吗？
每年转移支付多少？
大项目给了多少？
京九线比京广线晚了多少年？40多年.
京九高铁比京广高铁晚了多少年？15年.
都不说这两条平行的南北大动脉差了多少.
京广线上全是省会，京九线除了南昌还有省会城市吗？
其实吧.
近代以来，
江西作为太平天国主战场.
红色政权起源地.
人口已经减半了.
当年丰城事件，直接推动农业税取消.
景德镇断供也是全国第一.
江西人，敢为天下先.
新民主主义革命.
广东人出钱.湖南人领导.江西人流血.
出了100个将军的兴国县，前两年才脱贫.
就算没啥政策，人口基数也低.
到今天江西的人均gdp也没在中部落后.
现在这样就蛮好了.
如果以后出现什么大事.
还得看江西人带头冲锋.","高级开服玩家少，但是钻石玩家多。
高级开服玩家只能爽个一两代，而钻石玩家代代都爽。高级开服玩家可以说爽到极致，但是因为高处不胜寒，特别容易翻车，所以基本爽个一两代就得玩完。钻石玩家虽然不能极致的爽，但是因为位置平庸，不易翻车，所以基本可以安安稳稳的一直爽。其他的就是NPC玩家根本没有能力染指经济拳力，所以怎么发展起来。",因为太平天国江西死太多人了，还有共产党起初闹革命的地方，也是以江西为主，人口大量锐减，生产力低下，所以至今发展不起来。,"老一代开服玩家过多，
导致大区内通天代过多，
玩法极不平衡",在南昌待了几年读书，年年都有大贪官抓不完，根本抓不完,"江西从古至今都有个传统叫好诉讼。
为什么是革命老区？主要是爱抱团，爱挑战不公，不会忍气吞声。
这种行为好不好？好。可是由于认知和见识有限就会形成眼界浅的毛病。
加上老区的群众基础好，与很多开国元勋都是千丝万缕的关系，很多时候政策到这里就变形了。
我记得在江西某革命老区做项目时候，本来就是正常我们公司投资然后分成。开始没有什么啊，一到收益时候，就会有各种打招呼无外乎老区百姓不容易，要考虑大局让点利润。要是按照说好的也行。这时候很多牛鬼蛇神就跳出来，既要利润还要各种那什么，最后不得已公司打包把项目卖给当地。算下来几乎是小赔。
那些人所谓的三代四代或许帮不上忙，添乱可以。结算卡你，干活当地的关系要求分包，供应材料这些打通才能顺利进行。
好不容易开始产生收益的时候，本地的国资企业和一些实力地方派就开始想办法那什么。
后来公司接到所谓的部委帮扶老区或者援建老区项目一律就放弃。哪怕不是江西的也不碰。
能啃这些的必须是央企才可以。","江西和福建是预备干台湾用的战区，
重要的项目绕道，只有个随机发展。
用来官员练级，全省贪腐养蛊严重。","因为
找不到北！
行政名称：江西
地理区域：南方地区
经济区域：中部地区
五大战区：东部战区
东南西中
缺北！
在各方面都没有清晰的定位，不就是找不着北嘛！",友情提示：提灯定损这么多年过去了 违建的房子还是没拆
双相有必要办残疾证么？,https://www.zhihu.com/question/1919719438657229781,"医生说我再吃3-5年药说不定就可以不吃了。
现在23，马上大学毕业。
家里吃得起药。他们说我药费不算贵。
父母说怕我办了残疾证影响就业。",,"千万别去办！你父母不会害你，真的会找不到工作。
包括学校里的所谓心理教师，前脚给你“辅导”，后脚就会去找校D委汇报，你就是给人惦记的一个“定时炸弹”了嗷！
顶不住了可以去国外或外省的医院治疗，千万别去本地的医院，更别提办证了。
实际社会对精神疾病的态度就是：监视，控制，甄别，乃至驱逐消灭。你自己暴露，对自己百害无一益。",最后郑重一次告诉大家，别办。本来就是七八分的人权已经上交公安了，办了那个证，哪怕是晚上下楼倒个垃圾，公安都随时可以以你在发病的理由把人抓到那种人间活地狱的疯人院里去甚至被折磨到死。祝珍惜手头仅剩的一两分自由。,"不要办，办这个残疾证毫无益处，做什么都处处受限。
精神残疾是要上报的，不利于自己在社会发展。
除了公安系统能查到你是个精神病患者外，平时你去人民医院看病就医，医院只要输入你的身份证号码，系统也会显示你是个精神病患者。
如果你想在政府机关上班，电脑一输入你的身份证号码，也会显示出你是个精神病患者。
大企业，大厂估计也会在后台看到你的精神疾病。
在这社会上混，你有个精神残疾证根本吃不消，属于自掘坟墓。
有精神残疾的人，也是不能考驾驶证的。
如果不是家庭困难，不需要国家补贴的那几百块，不考虑吃低保，没必要办这精神残疾证。
办精神残疾证的，会毁了自己。","看到前面好无知的回答有点想笑。什么去医院一输身份证就查得到你残疾信息，大厂后台查得到你的残疾信息，麻烦出门带脑子说话，请了解一下实际情况再去回答，不要给不知道的人制造无谓的焦虑。
先把个人背景放前面吧，评论区已经有人在说风凉话了。免得总有人觉得精神病人一无是处，证明一下精神病人能和正常人一样。真的比我好的多再来评论区冷嘲热讽，否则没啥实力闭麦，自己多读书多看报了解一下精神病人在我国的实际情况在说话。
我目前985大学第二学士学位全日制在读，已经获得了二本双证，我高考因为这个病和自己心态的原因放弃学习，依然全国一卷过本科线60分。本科期间获得中国国家话剧院国话杯比赛全国三等奖并在cctv13露脸，本科期间在无印良品实习两年，大四自己投简历参加面试拿到自己想要的大国企的offer，但是考上了现在的大学所以没去。完全摆烂我也饿不死的，第一家里珠三角有房有车，第二家里有背景我啥也不干也能给我安排不错的工作，第三家里不要求我结婚生子。第四我还没满25岁就已经走遍了除了暂时还没开放旅行的台湾省之外的整个中国。国外去的少一点，目前只去过东南亚和海参崴。
本人2018年确诊双相障碍，热知识，根据中国目前的法律规定，双相障碍患者只要你的诊断证明开出来，不办残疾证依然要在国家重性精神疾病管理系统登记信息，这是硬性要求，不是你自己自愿登记的，你可以把它理解为等同于有残疾证了，警察局、居委会均有你的信息，居委会会定期对你进行家访。
我从2018年确诊登记到现在，我就业，升学，除了去当兵被一票否决，其他没有遇到任何麻烦。包括了我干过的很多普工，售货员或者服务员这种，就办张健康证就上岗了，根本不查也无权查你的残疾信息。在法律上，残疾信息属于个人隐私，受到法律保护，只有当兵政审或者公务员政审这种情况政府才会查，也只有这种情况下你的残疾信息会被政府专门的部门专门的工作人员查出来给专门负责审查工作的人看，与之无关单位以及无关人员以及一般用人企业无权也没有渠道查询，也无权要求你主动出示。你的残疾信息除了当兵政审这种级别的审查之外，一般情况下查询只能你自己登陆中国残联官网，登陆你自己的账号，才能查得到，除非你把你自己的账号密码告诉别人，否则其他人就是查不到的。包括出国旅游，我2019年去泰国，今年去的俄罗斯，还随身携带了我必须服用的精神类药物，依然顺利过海关，人家问都不问，中国海关也不问，没有任何麻烦。
我是2024年才领取残疾证，什么看医生一输入你的身份证就有残疾信息，笑死了简直，说这话的人是不是根本没有看过医生，理论上来说有残疾证看医生会有减免，但是很多医院是一定要你携带残疾证当场给它看才能有减免，而且不是所有的医院残疾人看医生有减免，很多医院在你自己不知道能有减免的情况下是直接说“不知道”、“不清楚”，人家巴不得你多给点钱。
而且残疾证可不是一个月只有几百块这么简单，每个省份根据不同的残疾人人群有不同的福利政策，广东省是如果你还是全日制大学在读学生，每年是可以申请一笔一万五到两万的上学补助的。你的大病医保什么的也是政府帮你买。每年有一次免费全身体检。你还可以在指定的医院申请你日常所需的药物的一定数额内的免费领取。
残疾证这个问题真正制约你自己的是你自己的心态，首先你一定要坚持治疗相信医生，其次你不要把自己局限在我是残疾人所以我不能当兵或者考公，实际上除了这两个别的方面真的没有什么限制的，格局打开，别去违法乱纪就行。而且不要觉得自己是残疾人别人就歧视你所以你自我放弃，你自己别歧视自己是最重要的，就把自己当成普通人，尽力做好能做的事情。
小更新一下，有人问了我关于精神病患者的财产继承问题，感觉这个应该也是大家比较关心的，我前两天家里人刚带我办房产过户，把房子完全过户给我，这个是没有任何问题的，从开始办到审批到最终拿证，房产证已经顺利办好了。","千万别，我们这小区里有个不上班的婆娘就是抑郁症还是双相啥的，经常在家里摔摔打打的。和周围一众邻里关系也不咋的。
每次和别人吵架，不管她有理没理（大多数时候她没理），最后别人都打110报警说我们这有个精神病要自杀/sha人。我见过两回她被架着上了警车。
正常警察都懒得管的邻里纠纷，遇到精神病人很大概率就会管了。","如果你心情不好最好谁都别告诉
有关部门会拿你充业绩
穷人会激怒你换钱
坏人会刺激你试图和你的死亡粘上一点关系好吹牛自己弄死一个人
道貌岸然的人会靠近你换道德牌坊
一旦发生冲突你说的话真的也会变成假的
这个世界很坏，你所得到的一切好的东西都需要你现在的一切资源正常运转","不会影响就业，单靠身份证号，是查不出来。而且，你已经确诊双相，那就是已经被上报，除了确诊医院，社区对接人和警察以外，没人知道，也查不出来。至于办不办残疾证，无所谓。因为你最麻烦的都上报了，办理残疾证已经是小儿科。
办理残疾证就多点福利罢了。考公也不影响，只是明面说不接受，实际还不是有人通过。
至于企业，如果这企业能查你是精神病，这企业权限可以和卫健委平起平坐。","个人觉得没必要。家姐的精气神就是从办残疾证后散了的。也许从她用颤抖的手填上申请表那一刻起，她在心里默认了自己是一个废人，从此以后彻彻底底躺平摆烂。
当然对于一直背负着双相前行的监护人而言苍蝇腿也是肉。其中心酸局外人难以体会。从双相进入我们家开始，它就成了我们必须面对的人生课题。我的父母虽然不是很合格，但是他们真的很努力。可是那一辈人是从苦不堪言的年代过来的，本身感知幸福、创造幸福的能力就有限，又遇到双相这个大杀器，一家人时常度劫也是平常之事。
以前一直觉得同是双相，家姐得到了治疗和照顾，不管是家庭资源还是社会资源，我都是被忽视、被抛弃的小可怜。现在经历一番变故，方知自我疗愈是父亲也是我共同选择的更适合我的路径。我愿意承担自己正常和不正常时所做的一切事情造成的后果。我是一个可以完全自我负责的双相。所以我不需要残疾证来限制自己的人生。我的人生和正常人一般无二。
愿所有病友都支棱起来，尽情创造和享受属于我们的人生。我们高敏感，有时低耐受，没关系的，带着觉知，带着创伤，我们仍然可以向阳生长。加油吧。
00:08","你先了解一下你们本地街道办了残疾证有没有钱拿，上海有的一个月拿两三千还给缴纳社保，你办了不就有保障哦嘛。
不然一问一个月给发100不够一顿饭，你办它干啥？还不如有条狗捡空瓶子一个月赚得多。"
西方国家有没有人情世故?,https://www.zhihu.com/question/1920259499723294550,"在中国人情世故这一现象其实是非常常见的，比较好奇呀，在西方是否也存在呢？或者没有呢；之前因为问题和描述内容有些矛盾，导致一部分知友们在看到问题后，有一些争议；非常的抱歉，是我没有把问题描述的更清楚一些。（一部分知友们不要恶意解读了，没有其他意思，谢谢。）在这里也感谢大部分知友们的客观解答。


在这里做一个回应：
好久都没有登录，前几天登录进去发现。消息那一栏，都显示了99+，吓一跳，当时就想把那个红点点给点了，然后就退出来了，今天登进去之后，发现又有99+，就认真看了一下大家的回答以及评论。
对于这个问题，其实一开始我只是有点疑问，所以就提出来了，我没想到会获得这么多人的关注，也认真看了大家的评论以及回答，关于问题，下面有一个问题描述，里面有提到了“在西方是否存在或者没有呢”，可能是我也有些表达的不是那么的准确，这里给大家说一声“抱歉呀”，问题这里的情世故主要是指（送礼送钱贿赂人家，以及职场上的关系户）。
在回答以及评论里面，我也有看到大家说到的“意林”“读者”以及“知音”，关于这些我有点疑惑，因为我确实没有看过，不知道，后面我也会去了解一下关于这些具体是讲了啥；部分知友们的戾气可以少一点点吗？




在这里真挚的感谢大家对于这个问题的反馈，让我自己也有了一些了解；后面对于我不了解的问题，会慎重一点，再去提问，感谢大家你有休息时间来回答我的疑问？我也会认真听取大家的评论及回答。",,"美国，警察亲属卡，非警察带这张卡，小罪免处罚，比如违章超速啥的。
我定义这种行为在西方不叫做人情世故。","但凡看过外国电影，好莱坞的，德国的，俄罗斯的
《阿甘正传》里，阿甘的妈妈为了让阿甘上学，跟校长睡了一觉
《盗梦空间》里，小李子各种梦中梦，不过是为了让大佬给海关打个电话放他入境
但凡看过美剧，英剧
《越狱》里，充满了打招呼、行贿、受贿、欺善怕恶
但凡看过一点国外的新闻，政坛的，商界的，娱乐圈的
特朗普第一次当总统时，女儿女婿就是高官
第二次当总统时，注销特朗普账号的社交媒体老板，比如扎克伯格，变着法在媒体面前夸特朗普。
但凡睁开了一只眼睛看世界，都说不出这种话来，除非你看的是《意林》《读者》",广西人在甘蔗成熟的季节，喜欢雇佣大量的越南人砍甘蔗，这些越南人干完活回去以后，跟村民们说起中国人，也是非常称赞，称赞中国人没有人情世故，不像越南人那样喜欢钻营。,选举都有政治献金的国家你说没有人情世故。这就属于梦到哪句说哪句了。,"很多进城务工年轻人，过年都不太愿意回老家，因为老家人情世故多，礼数往来多，一年辛苦挣的钱，往来一下就没剩多少了。
所以他们选择留在城里过年。想家的时候，就选择非春节时段回家。
若问为什么，他们会说：城里没有人情世故。
其实城里是有人情世故的，只不过和他们这样的外来人口没有关系。他们这句话其实是说：“城里没有（和我们有关的）人情世故”。",2025年，互联网挺发达了，别搞这种直钩招喷。,"路过的，想起我有几只“高级卡”…… 哈哈~
这玩意，知友们别问我如何得到的 ……
来自纽约警局的“家庭成员卡”，又叫“亲属卡”，我这张是金卡，其实材质是黄铜的；
卡的背面有句话，很有意思：
Keep this card in your wallet at all times with your license.
请随时将此卡与您的驾照一起放在钱包里 ……
这是2021年，偶然机会帮助某留学时的同学，具体做了啥不能说，总之事后得到这张“礼貌卡”；
PBA代表警察协会，基本所有美国警察都是会员，然后朋友或家人“有时”会得到这张卡，持有者即是PBA的支持者，会得到“尽可能的礼遇”……
这玩意不是“免罪卡”，但体验真的不错！
比如姐们开车，可能因为超速被警官拦下了，这张卡不要刻意的马上出示，但要放在卡包的“明显位置”、警官看到就会问些问题，然后 ……
Okay. Drive safely and have a great day！
当然，前提是我们没有超速太多，否则警官会“友善”询问，这是哪位警官签发的卡、来自哪个司法管辖区，以及我如何得到这张卡；
如果签发的警官“名气”很大，基本更没啥事~
我的理解，这玩意就要配合“态度”用，一定不能傲慢或粗鲁，要积极配合警官、友善微笑回答警官的问题，然后就可以溜走！
话说2024年，在纽约州威彻斯特县，曾出现过一个驾驶者因为车牌过期被警官拦下，她出示了PBA卡，但还是被警察开了罚单，你们猜结果是啥？
The police officer later claimed that he was fired for not honoring the PBA card and letting the motorist off the hook！
那位警官后来声称，他因不兑现PBA卡并让驾车者摆脱困境，而被解雇了！
但你们猜，有多少警官“同情”他？好像没有~
总之，只要“违规”不严重，且在警官自由裁量权之内，这张卡就是“免罪卡”，话说我被拦下的几次，或者是轻微超速，或者是路近、没系安全带慢慢开，都被宽大处理，没被开罚单的！
……
2023年，通过另外途径，我得到张新卡~
签发警官不是之前那位，但感觉这张卡更“有效”……
怎么有效？不太方便解释，其实我也不知道 Sergeant 和 Officer 有啥区别，希望有经验的知友给科普些，另外我还有张“Lieutenant”的金卡；
OK！所以说~~
题主，西方国家也讲人情世故的！
PS：偶尔挖只坑，没准啥时更！…… 我遵纪守法的~~",忠！诚！,当人忘了名场面库克送礼了？
约男生看电影，这算是被变相拒绝了么？,https://www.zhihu.com/question/613281846,"就是有个男生聊天次数也挺频繁，之前放假前老一起约打球。然后昨天我说:最近有个电影挺好看，但我姐妹都没时间。
他过了俩小时回我，听过。但我也没空去看hhh
这样是不是就是变相的拒绝了么，，，",,"这么巧，跟我时间也冲突。
既然你姐妹时间和你冲突。
我和你的时间也冲突。
那你能帮我约下你姐妹吗？
我和你姐妹的时间应该恰好合适。","你们女人这项技能简直就是天生的，让别人猜意思，还得猜对
你直接点不行吗
那我再反问你一下，你没看出来他说他也没看吗？你这不是又变相拒绝了他？",年轻真好，可以很拧巴的提出问题，然后得到一个更拧巴的答案，并且在这种拧巴间小鹿乱撞。,"换个说法:
最近有个xx电影听说很好看
哥哥有今晚有时间吗
想要你带我去看QAQ
你这么说，除非他今晚竞选总统，不然高低得抉择一下",我看到的是你第一志愿没被录取,"如果是好几年前，我会说：这男的活该单身，这么明显的暗示都不懂。
现在我想说：姐们，你会说人话吗？","？？？
原来这就是在约人？
我以前是这么回答的。
——————
女：想去看电影但是没人一起，好无聊。
我：你可以一个人去看啊。
我：我就是一个人看的电影。
女：听起来好悲伤
我：这没啥，最烦的是一个人去医院找不到人签字。",我的理解：本来要跟姐妹去看的，可他们都没时间，所以赏你了,约别人不应该这样约吗
华裔二、三代长相为什么越来越不像中国人？,https://www.zhihu.com/question/60054984,,,"看看人家卢旺达军队，这面相和气质，跟非洲其他地方也有很大区别
怪不得人家说，一出手就知道你是哪一门派的","还二代呢！
我才出国十几年，就已经不像中国人了。
“这是华人超市，你干嘛跟我说英语？”
“我以为你老外嘛…”
“我哪儿长得像老外了？你问我头上簪子哪儿买的，你见过哪个老外姑娘用簪子的？”
“中国人…没你这么胖的”…
一颗一代移民的心轻轻的碎了…","重点不要在是不是混血，而是特征明显的前提下，神态感觉就很中国人了啊
环境真的能改变人的。
比如下图的黑人，都是在中国长大的。

虽然还有很明显的黑人特征，但是从感觉上，就很像中国人了已经。","别说二三代了。我有个初中在补课班认识的同学几年前搬去了美国。以前我对她的印象就是很标准的清秀中国小姑娘，长相和气质都一看就是中国人。直到前段时间，我刷到她在社交网站上的照片，发现她现在的样子跟刻板印象里的亚裔长相一模一样(只是陈述，没有不尊重的意思)。对比了一下她以前和现在的照片，发现主要还是表情和妆容的问题，导致看起来气质很不一样。
她以前的照片表情是这样的：
现在的照片表情是这样的：","说起来，张纯如也是美籍华裔，她甚至是出生在美国的。
你在她脸上，看到过那种谄媚的“亚裔脸”吗？","文化生活地域饮食对人的影响超乎你的想象。
90后的美国小伙在武当山待了十多年金发变黑。","这个是一个老外
在某个大厂工作
都不用这一代两代
工作一段时间，就自动解锁牛马面相。","橘生淮南则为橘生于淮北则为枳。
反向例子，部分华裔。

正向例子，卢旺达。
哎，历史的车轮滚滚向前，是个体挡不住的。","美式笑容
中式笑容"
你认为该图片是真实拍摄的还是由AI生成的？,https://www.zhihu.com/question/1971246965376389265,请说明理由（素材来源于网络）,,"我可以终结这个问题了：
一眼AI，而且绝对是字节家的seedream4.0，而且我还把提示词逆推了出来！
大部分人可能看不出来，但是对我来说真的太熟悉了，因为豆包生成的随手拍风格的照片看的太多了，就是这个味。但是如果要让我总结到底是什么特征，我确实也说不清楚...
字节的seedream4.0（就是豆包内置的那个），我觉得是国内最最拟真大模型（没有之一），有时候真的能以假乱真，特别是手机随手拍风格，其他任何大模型根本没法做到同样的效果。
我试着生成了几张类似的照片，可以对比一下是不是这个味儿。不信的话，可以把下面这段提示词复制到 即梦 或者是 豆包 上面，记得要选seedream4.0，不是3.0，无需任何原图垫图，直接复制文字生图即可（后附逆推方法）：
提示词如下：
iPhone随手拍，宿舍日常场景照片，两位穿着校服的女生坐在双层铁架床的下铺。左侧女生左腿搭床沿、右腿前伸，低头看手机；中间女生双腿弯曲并拢，身体端正。背景为女生宿舍，上铺堆放杂乱衣物，地面散落多双运动鞋、休闲鞋及袜子。低分辨率照片，随手拍，生活化随意氛围，展现宿舍放松日常状态。比例 9:16。
附上我生成的照片（我用的是即梦）


（题主给的那张原图有三个人，但是很明显最右边的女孩直接悬空了，在我看来根本就是一张废图，所以我的提示词只写了俩女孩）
关键是！我没有任何垫图，只给了纯文字，简要描述了宿舍场景，但是成果的拍摄角度，特别是床的样子就和原图几乎一模一样，下面附上原图，自己对比一下↓↓↓
因为我无法知道原图的提示词，所以没办法做到百分百还原。如果觉得有些细节对不上的话，你可以自己修改一下提示词，加上不断抽卡，直到生出相似度99%的样子。
基本上国内的各种大模型我都有用过，相信我，目前国内国外的任何（注意是任何！）大模型都很难做到类似的效果，seedream4.0可以说是最懂中国人拍照风格的，随手拍确实可以做到以假乱真，但是看多了还是能识别出来。
至于这段提示词是怎么推出来的，可以用同样是字节家的 扣子空间 （豆包应该也可以，没试过），把原图上传上去，让它反推出提示词，然后在这基础上修改。其实我也没怎么修改，全程大概只用了5分钟，如果你愿意多花点时间的话可以改得更像。（申明一下，这真不是字节的广告！！字节没给我广告费！！）
哦对，如果你生成了更像的可以发在评论区
——————分割线——————
重新生成了一下，同样没有任何垫图，把原图的bug（右边女孩悬空）补上了，给右边的女孩加了一把椅子，嘿嘿
新修改过的提示词如下，更贴近原图，同样无需垫图，直接发文字就行：
iPhone随手拍，宿舍日常场景照片，两位穿着校服的女生坐在双层铁架床的下铺。左侧女生左腿搭床沿、右腿前伸，穿校服长裤，光脚，低头看手机；中间女生双腿弯曲并拢，身体端正，穿校服长裤，光脚。右边一个女孩穿着校服坐在紧靠着床边的凳上，面朝左边，光脚。背景为女生宿舍，上铺堆放杂乱衣物，地面是瓷砖，散落多双运动鞋、休闲鞋及袜子。随手拍，生活化随意氛围，展现宿舍放松日常状态。比例9:16
第二版提示词更长了，为了贴近原图，得规定光脚、长裤。但是我相信原图生成时应该没有那么详细，应该是随机抽卡出来的。
————————
修改：评论区有些图用seedream画得也不错。如果有其他大模型能做到更真实、更难辨真假，可以看看效果。
还有！不要说我lsp了！！！我是正经人！这些提示词是我把题目原图放到ai里面反推出来的啊 ┑(￣Д ￣)┍
图片内容涉及到未成年人，劝你们好自为之，不要修改成不好的衣服、姿势或场景哈！
再更新：喂！收藏比点赞多是怎么回事？？
免责申明：我只提供思路，由我的提示词修改而生成的图片与我无关！
————————
11.23更新：
豆包和即梦每天的seedream都有使用上限，而liblib的包年会员，可以免算力使用一年的seedream 4.0 ！！
我当时买的时候还没有，今天刚推出的活动（好像到11月28日）用这个生图限制会少一些
LiblibAI·哩布哩布AI - 在线免费生图",在医院。iPhone随手拍，宿舍日常场景照片，两位穿着校服的女生坐在双层铁架床的下铺。左侧女生左腿搭床沿、右腿前伸，低头看手机；中间女生双腿弯曲并拢，身体端正。背景为女生宿舍，上铺堆放杂乱衣物，地面散落多双运动鞋、休闲鞋及袜子。低分辨率照片，随手拍，生活化随意氛围，展现宿舍放松日常状态。比例 9:16。,"从纹理质量上面来看确实以假乱真了，但是从逻辑上看还是存在明显的漏洞，这几双袜子根本没有一双是能配齐的，ai并不知道袜子是一双一双的。
还有正面两个女生的校服校徽也有明显的区别，难以做到合理地统一。","AI生成的可能性较大。具体分析如下，看每个人的手掌细节。
1.拿着手机的女孩手指细节有些崩坏，放大无法分辨指甲。
2.右边的女孩手指的轮廓AI味太强，缺乏真实感，而校徽的局部细节绘制填充的像素一塌糊涂，没有一个基本的清晰轮廓。
3.从空间看来这是能容乃4人的学生宿舍，正常来说不会有那么多双鞋子的，不符合现实的生活逻辑。
4.床底黑色的鞋子，鞋跟样式不对称。
5.最大的一个bug，右手的女孩坐空气.................
6.中间女鞋校服的袖子长度和露出手臂的长度比例相对右边女孩明显不自然嘛～～要么是AI绘制错误？要么该女选了一件加大码的来穿？身材娇小穿加大码不符合常理呀～～～","真的很吓人，还原度很高很高，但是还是有些蛛丝马迹可以看出来不是实拍，以下是例子
1*
两个女同学的校服是可以看到校徽的，可以勉强看出来左侧校徽是类似于 1 一样的尖尖的，而右侧校徽是类似于 o 一样圆圆的，同一个寝室校服款式一样但校徽不同，不太可能。
2*
四只袜子款式各一。可能有人会说邋遢一点的就把四双袜子拆开扔地下怎么了？不过看从左到右第二只棕灰色袜子和第四只黑头袜子，生成有瑕疵，第二只袜子没有给脚跟挪位置，第四只袜子有俩头
3*
从左到右第二双鞋明显是想模仿nike的标，但是把nike黑色logo的沟糊到脚后跟了；第三双鞋右侧那坨又像鞋又不像。
此外图片也有不合理之处，比如最左侧躺着的女生俩腿不一样长，比如其他床铺极乱、床下鞋数量超乎想象等等。
综上，我认为这个图完全是ai生成的，连扩图都不是。
但是仿真程度依然恐怖如斯。",,,,
小米汽车雷军接待央视记者时拿的棒球帽式安全帽安全吗？,https://www.zhihu.com/question/1976261040225395282,"有的网友认为小米干啥都是太注重颜值了，不如传统安全帽。有人认为没毛病。这种安全帽安全吗？
整个采访过程有种小品的既视感，随便整两句都能让人哈哈大笑。",,"这层白色塑料骨架叫做帽衬，当然也有很多材质，泡沫的塑料的，这么贴合帽子是因为主要起到的作用，就是防止你走路时候撞到车床、大型机器人或者其他整备车间堆叠的物体。
和工地上用的那种有支撑架的帽衬完全是两种概念，那种是防止冲坠用的起到一个弹力缓冲，一般汽车工厂用不到。
不单单赛力斯，几乎非冲坠场景多发的工厂都用这帽子，算是没有明文规定的行业通用做法。
甚至在很多质检环节，都不需要带帽子，比如宝马的工厂里面。
所以雷军无非就是把业界的一些常见做法告知大众罢了，不了解的人也有了了解，不懂的人思考一下也能明白。
但是看到底下评论都在说这种帽子不过关，在工地上是要被开除巴拉巴拉的，我只能说隔行如隔山，几位还是老老实实工地搬砖吧。","这个玩意儿叫安全帽内衬，目测是日本常见的款式。有点类似国内常见的安全帽翻过来以后你可以看到的缓冲内衬。
它单独使用的时候的目的本来就不是防止冲坠的，如果是防止冲坠，还需要把它安装在硬壳安全帽的里面。
但是有些作业环境，比如设备内狭小空间，不存在冲坠风险，但是一抬头会磕到周围的边边角角(想象下你在家里头伸到某个地方，缩回来时候没注意，或者蹲下到起立的时候磕到某个桌角或者吊柜柜门的场景……)，就只需要戴这个玩意儿。说白了，它防撞头！不防大重量冲坠！
使用环境不同，没上过生产线的就急吼吼找华点的可以散了……","雷总：我得表明一下这个帽子是安全帽，它是符合安全生产标准的，里面是有安全结构的，别到时候视频发出去网上又该说我不重视员工安全，让员工戴个棒球帽就上岗了；
视频发出之后……
某群体：你看你看，他又营销了，一个安全帽被他说的花里胡哨的，果然只会营销。
实际雷总只说了一句：这帽子看起来是个棒球帽，其实里面是有安全支撑的！",,"安全帽也分场景
你如果去建筑工地，肯定要更高等级的安全帽。
但这是汽车厂，安全帽的使用场景无非车里车外钻进钻出的时候，保护额头不要被磕到。有什么小东西掉在头上挡一下
汽车厂有高处给你坠落还是有大件砸下来不成
就好比大夏天去质疑穿单T恤的人，穿这么少会不会冻死。这不是纯有病",为啥这个厂的工人不戴安全帽？这不是漠视工人安全吗？血汗工厂啊？！,为什么某为的安全帽要有智慧才能看到？,"汽车主机厂大部分使用这种安全帽，湖北东风系的主机厂都是这种帽子，雷总拿这个给记者带没有问题。
这种安全帽是有使用范围的，它只适用于没有高处物品掉落风险的室内场所，汽车主机厂生产线都在室内，访客参观都要走参观通道，不会深入生产线，是不会高处物品掉落的，更注意的是要防止头部撞击，这个帽子是没有问题的。
还有厂内通勤的厂内车辆，只要不出厂，可以不遵守交通法规，只需要遵守厂内制度就好，带不带安全头盔，都没有问题。","安不安全，你说。

还有更强的"
你敢把相册里面第 5 张照片发出来吗？,https://www.zhihu.com/question/1918448137854494426,,,微博上存的图，确实好笑，看一次笑一次,是我截的梗图,取自知乎，还于知乎,也不知道哪里来那么多大师的，又有道理又幽默，我怎么学不会,乐了好久之前的梗图,以一己之力断送妹妹四年的情缘，这像是亲哥干得出来的事，hahahaha,"今天早上送喜欢的女孩子去机场路上拍的，脑海里只有一句话
迎着阳光盛大的逃亡
——————————————————
不是，你们发啥了？",。。这个笑死我了,真第五张，看到好玩保存下来的（侵权删）
如何看待山上彻也的母亲称仍信仰统一教？,https://www.zhihu.com/question/1972396641781790427,朝日新闻：听到这里，山上彻也一瞬间抬头，看向母亲的方向,,我记得《周处除三害》上映的时候就有人说陈桂林处决邪教徒的时候，那些人坐在原地不走太假了，现在看来还是见的邪教徒太少了。,"脑子里有“儿子都被逼到去刺杀首相了当妈的怎么还能继续信统一教”这个概念的人，也就不会变成狂信徒了
邪教徒的逻辑只会是“儿子这是被恶魔蛊惑了我要加倍的虔诚”","估计是沉没成本太高
这位母亲只要承认自己信教是错误，就必须得同时承认自己害死了全家
这种罪孽太沉重，大部分人根本没勇气承担，只能洗脑自己没错，而且得更加坚定自己没错，才能减轻负罪感","你在galgame里也见不到这样的妹妹。
你在FPS里也见不到这样的哥哥。
大家提出了对各种角色的看法，但还是得补充两句：成年人在严肃场合使用“欧尼酱”的称呼，基本上只能在一些声明全部角色均已成年的作品中看到。（）","说来惭愧，以前看《周处除三害》的时候，我不太赞同陈桂林这种把邪教徒直接杀害的方式。
毕竟我那个时候认为人的生命是至高无上的。
直到山上彻也妹妹的那句：
“那个人已经不是妈妈了，只不过是披着妈妈外皮的统一教徒”
触动了我
原来陈桂林杀的已经不是人了，而是一群被邪教思想控制的“生物”
或许杀死他们，对他们本人和他们的家人本身都是一种解脱吧。
山上彻也应该知道如何减轻家里的痛苦，只要杀了他的母亲，全家的痛苦就能够消散大部分，但是他扣动不下扳机。
就像他妹妹说的那样：
“即使那样，但是她戴着母亲的脸，我依然无法推开她”
山上彻也家庭的悲剧，正是最好的反邪教素材。","与此同时，日本检方和奈良地方法院依然一口咬定，山上的行为与统一教没有直接联系，只是普通的杀人案，拼了老命也要把被告的政治动机和相关统一教问题隔绝出审理议程。（“矛先が旧統一教会ではなく安倍元首相にむいたのか、飛躍していて繋がらない”）
首相给人当街打死，不能不查；但万一再查出点啥自民党光荣历史有大人面子上挂不住，更是不能真查。于是检方就一边证明山上往脑子不正常当街乱杀人，一边又证明山上脑子很正常可以负完全刑事责任，整个一此世所有之恶，真是体察上心的能吏。
检察官甚至搬出“那么多被邪教迫害的家破人亡的人没干，你为什么要干，说明你就是有毛病”的神奇理论（“旧統一教会への恨みが動機になったというが、不遇な生い立ちでも生活している人もいる。”）颇有不是你撞的为什么你要扶的幽默感，乃至5ch网友亲切的将检察官大人称为鬼灭无惨大人。
幸史笔如铁，战国策说聂政之刺韩傀也，白虹贯日，山上之事亦当如是","你猜猜为什么迪迦第25集里非要摆个镜头让居间队长的婆家先带头信天使段子？
任何一个国家，传统主妇都是右翼保守组织和诡异教派的主力发展对象，遗孀这种那更是最佳资产。这种女性就是精神上离了“大父亲”活不了，小时候是亲爹，成人后是丈夫。
都没了那只是权力真空了，不代表容纳权力的位置消失了，这时候就得有组织来了填补这个空缺了，哎，教会这不就来了？","不太想说脏话。
但这个当妈的真就尼玛的离谱。
我知道tmd众生皆苦，但这种苦法真的绝了。
十八层地狱那堆肉体惩罚有哪个能比得上这个妈啊我的天。
这一家4个人全tm活生生的受她的折磨真的是。。。不知道说啥好。真的是倒了八辈子的血霉。
人怎么能无可救药到这种地步。","山上的妈也算是个人物。
她的行为所塑造出来的山上这个人，能让哪怕是最仇恨日本的中国人里最非理性、最极端的那一批也没法继续坚持“日本人都是畜生”的观点。
东亚道德体系对于一个人所有的品德要求，山上都做到了。"
韩国人知道自己的国家小吗?,https://www.zhihu.com/question/637633085,"韩国人知道自己的国家小吗 开车横穿大韩要4小时
www.huii.cc/show/25280.html",,"看过一部韩剧，两人爱得死去活来那种，异地恋，见一面不容易
后来量了下地图，150公里。搁北京还没出北京地界儿",所以说新能源汽车很适合韩国，充满电哪里都可以去了,"中国人: 在我们国家，坐飞机东西向穿越需要七个小时。
俄国人: 在我们国家，需要十一个小时。
韩国人: 你们的飞机飞得可真慢思密达！","夜郎国你知道吗？
就是那个“夜郎自大”的夜郎国。
根据调查，夜郎国面积在巅峰的时候，是韩国的四倍……","我很喜欢的韩剧《信号》，
里面第一集有一个儿童失踪案，警察找来找去找不到，
最后他们警长发飙了，骂他手底下人：
“这么小的大韩民国你们居然找不到一个失踪儿童”","我姥姥是嫁到内蒙的满人的后裔。
我姥爷是生在山东的老西儿。
我太爷爷是河北人太奶奶是河南人。
我奶奶是上海人祖籍无锡。
我爸生在西安我妈生在徐州。
我要搁欧洲那妥妥的八国混血。
可惜中国太大了。
———
别说八国混血了，连个少数民族都不算。
像话吗（拍桌",上次有个韩国人说他要坐地铁玩儿遍中国。我：你再说一遍，坐什么玩意儿,其实我能理解韩国人，就像我知道新疆很大，但从不知道新疆原来这么大,还是俄罗斯的兄弟怼人厉害
有哪些一看就莫名感到伤感的图片？,https://www.zhihu.com/question/361826630,,,,,,,,,,,
如何看待苏芒在中国说家务是牢笼，在法国伺候婆家十几口还很快乐？,https://www.zhihu.com/question/1942345889533371085,,,"我经常在网上刷到类似的跨国婚姻UP主。看了这么长时间，我发现了一个很有意思的现象。
如果UP主是中国小伙子，娶了个洋太太，那么账号的内容会相对丰富一些——主要是吃喝玩乐+到处旅游、或是生活中的趣事等等。
比方说我常看的一个UP主：贝加尔阿楠，也开始透过他的镜头，认识了他的俄罗斯亲戚们，也看到了不少新鲜的内容：比方说在俄罗斯乡下盖新房的全过程，或是俄罗斯学校毕业典礼是什么样的。
这样的视频是我们喜闻乐见的，很俄罗斯，很青春，也很美好。
现在他的亲戚们也开始开设自己的账号，更新自己的生活日常，渐渐构建起了一个以阿楠为中心的俄罗斯乡村宇宙。
但如果UP主是中国姑娘嫁个了洋老公，很多账号的内容就比较局限了。基本上就是日常VLOG，把自己营造成一个专心照顾家庭，做做饭的人设。
比如说这一类账号，主题就是做饭，做饭，做饭。
就连苏芒也是这样，在国内怎么着也算是高端独立女性，有自己的事业了，连一顿早饭650的伙食费都看不上的主，在国外也是心甘情愿过这样的生活，而且还积极为之辩护。
在我学生时代的苏芒那是什么人设，是时尚大魔头啊，口口声声婚姻是女性的牢笼，结果人家转头带着亲妈一起去给老外一家15口人做饭，还任劳任怨毫无怨言，那别人就自然会质疑——原来你不是不喜欢婚姻，不是不喜欢做饭做家务，只是不喜欢给国男做而已。
之前我也看了一些女UP主在德国的账号，她们的日常视频题材我都可以概括出来：
一开始就是在厨房忙活做早饭，孩子坐在餐椅上咿咿呀呀，老公睡眼惺忪来到厨房，在媳妇的脸上亲一下，算是打个招呼。
吃完饭老公开车上班，自己送孩子去幼儿园——你看德国的幼儿园，多人性化。
送完孩子之后坐公交去超市——你看德国的公交月卡多好用啊，德国的交通多方便啊。是啊，你这时间点早高峰都过了，那交通能不方便么？
在超市就主要拍肉蛋奶，拍价格，（当然这两年这一类内容肉眼可见的少了）
买完了东西就回家做饭，干家务——哎呀你看德国的XX家用电器用着真方便啊，你看这双立人的刀质量是真好啊。（这一类内容主要是为了带货）
偶尔出门和邻居聊聊天，主动给邻居带吃的，重点拍老外的笑脸和夸赞，这都是常规操作了。
忙完了这些就该去接孩子了——人家都是真正的素质教育，孩子每天都没作业，哎呀当初来德国就是为了孩子，不像国内这么卷。
有时候UP主还会拍领福利日常——哎呀德国ZF又给咱们发钱了，这个月发了XX欧，折合人民币XXX，你看人家的福利多好啊。
基本上就是这些内容。
但是最近几年啊，海外自媒体也不好做，所以很多UP主也开始收缩战线，去掉收益率低的内容，只留下一条最能提高点击率的赛道——就是做中餐给发达国家的人吃（注意这个对象一定要是发达国家的，而且是白人），拍他们的Reaction。
还是做饭，做饭，做饭。
上面是我随手找的一个账号，内容其实都一样。
主打一个“中国媳妇/丈母娘做一桌子中国菜，吃得外国人两眼放光连连叫好”，一天到晚就是给各类白人做中餐测评…
视频的标题一般都很直白：“给英国老公吃火锅？”“德国公婆头回吃XX是什么反应？”等等，总之就是“外国老公” “外国公婆” “外国家人” “外国朋友”……
很多人当地语言都没学会，就忙着秀幸福了，谈何融入？有些UP到国外多少年了，到现在与人交流还是靠着半生不熟的英文+比划，她能做到和身边的老外无缝对接吗？
我们看到多少中国媳妇在自己账号里的形象，就是辛辛苦苦做一桌子菜，给男方吃，还盼望着男方一大家子都认同自己的手艺，能夸两句“very good! OK!”， 以此寻求他们对中餐的认同，寻求他们对自己劳动成果的正面评价……
这不就是家庭主妇吗？不就是女性过去的生活状态吗？现在的女孩们不想成为家庭主妇，因为家庭主妇的价值，是需要得到男方以及男方家人认可的，是做不成独立女性的。
而现在仅仅因为男方全家换了个肤色，换了个国籍，这些问题就都不存在了？


我写这么多，并不是想批评这些UP主，毕竟互联网本身就是一个倡导分享的平台，这些UP主主动分享自己的生活，这本身并没有错。
我也知道她们的辛苦是有回报的——虽然老外坐等着吃就行，但她们的粉丝数量在这摆着，一期视频可以有几十万、一百万的播放量，靠这个也能挣不少。
我可以肯定，这一类UP主的关注度不会少，未来还会有越来越多的人走这条赛道。
因为这类视频的粉丝受众面很广，男女老少都可以是受众，
这些受众也不需要任何知识门槛，“跨国恋”是流量密码，“爱国”是流量密码，看“老外夸中国这个好那个好”是流量密码，“老外眼里的中国菜”自然也是流量密码……
但她们的视频内容，也在有意迎合欧洲人对中国女性的刻板印象，这也是事实。
还有一点我不太理解，为什么她们都喜欢强调国外的福利好？谁不知道欧洲的高福利都是建立在高税收上的？我在德国时认识的高知群体，没有人向我夸耀自己能享受到什么福利，都在吐槽自己要交的税多。
现在这些UP主喜欢晒福利，夸自己家每个月能领到的福利多，也是在说明自己老公是个德国屌丝男，这有什么好值得吹的呢？
更不用说欧洲现在日子也不好过，各个族群之间的矛盾明显比之前尖锐多了，而现行的福利政策更是谁都不满意，谁都有意见。现在这些UP主喜欢把领到的福利作为自己幸福生活的证明，如果老欧洲正白旗的观众看到了这些内容，他们又会怎么想？
所以说，要不是国家这两年逐步开放了免签政策，吸引了大量国外网红来东大打卡，让越来越多的外国人见到了真正的东大，恐怕他们对中国的印象只会停留在过去。
而大量在国外的东大主妇们所开设的“xx在X国”，“xx宝妈在X国”，“中X宝妈xxx”，“中Xxx”，“混血宝妈xxx”一系列账号，只会帮助他们加深对东大的刻板印象，对她们自己在国外的生活也没有太大的好处。
这类UP主隔三岔五会做一期内容——今天我被歧视了。
家人们，今天我在外面的时候又被人喊秦腔穷了/被小伙子比眯眯眼了，我好难过，我明明都嫁过来XX年了，为什么还会经历这些，嘤嘤嘤……
然后过两天，再做一期内容——德国到底排不排外？
家人们，就我来德国XX年的经验来看吧，不能说完全没有歧视，但是这样的人只是社会当中极少数中的极少数，绝大多数德国人还是对咱们包容友善的……","上一次这人引发舆论关注还是几年前吧，当时她在某节目上说一人一天伙食费650块不够用，引发了争议。
我当时心想：按这种消费水平，那这人平时在家里应该是有一众佣人伺候的，过着贵妇人姨太太式的生活。
结果闹了半天，她才是伺候别人的那个，笑嘻了。","前几年阿塞拜疆和亚美尼亚开片的时候我关注了一b站上一个up主：XX在亚美尼亚。后来又陆续推送了好多个这种中外结合的夫妻，看着看着就觉得不对劲了，如果是国男，那大家一定能看到异国的风土人情，各种奇奇怪怪的异域风光啥的，视频主题啥都有，各种整活儿。
如果是国女，那大家看到的一定是给国外老公做饭，老公馋哭了，给国外老公亲戚家做饭，亲戚家馋哭了，娘家来国外玩，给国外老公做饭，全家都馋哭了…没了。","冷知识：
在古代，通房大丫头只用伺候自己的房里的主子，还能支使下等丫头！被所有人支使，伺候全府人吃喝拉撒的那叫粗使健妇……",怪不得21年上节目的时候说650一天伙食费不够呢原来。每天都要做十几个人的饭了，确实不够.,"以前美国有个驻成都的总领事，这里几乎是国内明牌了的间谍驻点，这个领事馆最后一任总领事叫谷立言。谷立言有个对外宣传的“老婆”叫柯雅文，是个台湾人。她在美国读博士的时候认识了谷，两人恋爱后柯辞掉了工作开始全职照顾谷的饮食起居。
谷到中国不久就把柯接到了中国，柯到了中国以后开了一个半封闭的那种美食班，招募了很多的高学历女性跟她学烹饪，教她们怎么做迎合白人口味的饭菜以及怎么照顾白人的生活习惯。当时舆论战还没这么露骨，国内自媒体抓着这个事情一顿猛夸，说这个太太为了领悟美食的真谛照顾好家人情愿牺牲掉工作巴拉巴拉好伟大。搜2020年左右的知乎回答还可以搜到一大片夸她的软文。
但是好景不长，2020年7月因为中美关系闹僵了，驻成都总领事就被中国撤掉了。这个时候有意思的事情来了，按理来说柯雅文是大使家属，美国政府那边接人的时候是要一并接走的，结果美国那边派人来接谷立言的时候柯雅文没有随行，大家一下明白了这所谓的“高官太太”连名分都没有，只是一个女伴而已。更有意思的是，柯雅文手底好几个辞掉工作跟她学烹饪照顾白人的高学历女性，因为领事馆撤离直接失业了，再后来是疫情期，国外封闭+饭店倒了一大片，又给了这些女人一次暴击。
白人有了奴役黑人的经验后，一直致力于也把黄种人驯化成低等人，而且几乎成功了，看看美国的华人什么德行就知道了。
好消息是中国崛起以后有了几亿人开始从心理上开始平视白人，但似乎还有一大片人，依然把服侍白人当成一种荣幸，并且特别热衷于传递这种价值观。
苏芒、柯雅文只是其中的一小部分，B站、抖音上还有一大波
~~~~~~~~~~~~~
感谢评论区指正
因为我今年骂文中的真实人物——【总领事夫人庄XX】被举报删帖过，所以这次刻意换成【前一任总领事夫人柯雅文】来做测试，测试结果很明显：近5000赞的答案一个月过去了一点事没有。但是这个答案下面一个直接曝光【庄XX】姓名的热门评论被知乎删了。
由此推断：庄XX隶属的组织还在国内继续活动，国内那些宣传【跨国女佣】的账号有可能就是这个组织运作的结果。","听到这个消息，整个知乎都震惊了，大家纷纷询问：

苏芒是谁？","自认达利特的人
伺候同族男人，比杀了她还难受
但若她能伺候首陀罗，就是幸福的
自认汉族是最贱的人
伺候同族的汉族男人，比杀了她还难受
但若能伺候阿三、老墨、家暴秃顶老白男、多妻黑哥哥，她就很幸福了","我打赌苏芒在法国改姓了。
在中国她叫苏芒，吃女拳饭。
在法国她随夫姓，为婆家做饭。
也是一种幸福吧。"
