问题,网址,问题描述,回答
为什么《fate stay night》里的卫宫士郎说自己打不过其他从者呢？,https://www.zhihu.com/question/360130340,为什么《fate stay night》里卫宫士郎说自己打不过单一宝具锻炼到极致的其他从者，而同样攻击方式的金闪闪却能碾压别的从者呢？,因为卫宫士郎实际上就是打不过别的从者。士郎能打赢金闪闪是赢在快上和金闪闪慢心上。无限剑制开启之后，可以抢在王之财宝刚冒头没射出来的时候复制并击落。也就是说是赢了一手相性杀，比硬实力的话金闪闪完爆士郎十八条街。实际上只要闪闪不让士郎吟唱咒语完成，士郎战力就约等于0。你看士郎没开无限剑制之前，连接凛的魔力也就只能用十几次投影，然后就枯竭了。就这十几次投影还是金闪闪以玩弄之心一发一发打才被士郎挡下的。坐等开了无限剑制，闪闪就没机会了。无限剑制可以让闪闪任何一件宝具都无法从王财里出来，闪闪将被迫跟士郎肉搏。但这个优势也只能在闪闪面前发挥。你要拼刀，换成狗哥啊大爷啊之类的，人家求之不得，士郎冲上去就白给。——————————————————————————————多谢评论区的回礼大佬。总结起来就是，士郎的无限剑制中，本身已经储存了一定数量的剑，这些剑跟王之财宝一定程度上重合。当金闪闪放出武器时，如果无限剑制中已经有储存，那就直接拔出来用；如果没有储存，那么在士郎目视瞬间，对应的复制会立刻在士郎旁边生成，也可以立刻拿来用，时间上几乎没有区别。因此无论是冒头就打也好，还是对拼也罢，总之，无限剑制是可以立刻产生武器的，而金闪闪则需要从王财中取出来，所以士郎能抢先一步。至于士郎打不过其他人，你看士郎用这些武器的时候，有一件能够解放真名吗？那些其他的修炼到极致的从者，都是能够解放真名的。不说别的，就是一个gae bolg因果律判定， 士郎就无解。金闪闪能拿出真品kaladbolg，虽然也不能解放真名，但就是原典，大狗就必须败于此剑下。红A拿出这个的话，一发幻崩不能再多了。这里只是拿大狗举个例子。大多数从者而言，在他们传说中克制他们的宝具，金闪闪这里都有原典。这不是士郎学金闪闪那样轰炸就能解决的。————————————————————————————我再把我贴那段战斗全过程的后续图片也贴出来吧。免得有人说最后士郎耗尽金先生还是能杀士郎最后靠黑洞救啥的。看到了吧，士郎不是因魔力耗尽坚持不住而消散了无限剑制，而是金闪闪身上的黑洞冲掉了无限剑制。当然士郎剩下的魔也不多了，也撑不了多久，但最后砍死金先生的一刀马上就砍下去了，反倒是黑洞让金先生多活了一回并让士郎陷入巨大危机，不得不需要红A来救场。,首先，人打不过从者很正常。再者，随着闪闪的越来越强，别说你，连我也觉得打到闪闪实在是运气太好了。别问，问就是慢心。确定后这两点，我们在仔细说一下。士郎无限剑制的战力如此之强，其实是要归功于闪闪的。无限剑制是能将所见过的武器宝具的固有结界，但不同于经历过无数战场的红a，士郎的宝具见识很少，基本就是一部分无限剑制（忙着和红a战斗），大部分的宝具真的要归功于闪闪的旺财，可以说士郎在士闪战是不断变强的，还有就是老生常谈的，金先生慢心。但面对于其他从者，他的优势就很少，一是没法复读武器，再者就是不同于都是自己的东西，士郎无限剑制一个很大的局限性就是他没办法自由拿出自己想要的东西，而闪闪很nb的一点是他可以拿出克制对面英雄的宝具（即使这样还是被大狗拖了半天，太丢人了），所以面对那些英雄，无论体能还是魔力都不足的士郎失败是很正常的事情。顺带一提，金士战这些撕逼我真是吐了，可快放过士郎让他赶紧过气吧，士郎很弱的，无论是红a闪闪b叔黑saber他都打不过，能赢都是在极为苛刻的条件，他拼命了十几年但他真的很弱，他怼不过那些非人类的，疯狂玩命的代价也只能做到这种程度，你们可真的快放过他吧。,金闪闪换刀流和卫宫士郎换刀流的区别在于，金闪闪只要不进UBW，实际上射速大于卫宫士郎。在FATE线，他拔刀的速度跟得上他攻击的速度，所以可以一刀一换把Saber直接击退。卫宫士郎就不太行。加上没领悟UBW又没接红A的手，光靠纯投影，上限就在那里了。能投的最好的东西就是阿瓦隆（因为镶在体内），其次就是黄金剑（B（全力解放时A+））。打闪闪那会，掏出来的最强武器居然是把阿瓦隆当剑砍过去，而且还砍穿了黄金甲。丐版红A是这个样子，确实打不过其他从者。UBW则是说只有金闪闪能打赢，别的打不赢。因为金闪闪吃射速压制，毕竟攻击手段相同的话那就是拼数值而已。只要闪闪不拔EA，卫宫士郎开了UBW，那卫宫士郎就能赢。反之，我们在《魔法少女伊莉雅：雪下的誓言》里已经看到了：闪闪开EA强如怪物，士郎UBW万剑归宗拼尽全力无法战胜。（EA位格太高不吃复制，UBW里又没有足够威力的武器跟他拼点）打不赢其他从者的原因也很简单：固有结界才刚学会，打闪闪是第一次用，经验不足又没有适配的战术，而且还得让凛一拖三（凛自己+Saber+士郎，没有凛充能的话UBW大概率开不起来）。加上同时因为固有结界才刚学会，金闪闪锐评为“你这结界好TM空啊”。估计一边跟闪闪打一边疯狂读取对面的宝具，UBW里的剑才丰富起来。等于说闪闪和他打，闪闪用的武器越多，UBW就越强。白板UBW自然是谁都打不过。而HF士郎是氪命红A，差不多就是红A水准，可能稍微再高一点。比如固有结界暴走带来的防御加成和反伤，在一对一MMA中硬生生弹死神父。（这BUFF红A没有）又比如投斧剑接射杀百头，欺负B叔十二试炼解除了+有伊莉雅吸引注意，强行破防砍死对面。（拿B叔一命其实不是什么特别光鲜的战绩）再比如鹤翼三连秒满状态黑Saber。这个真的太可怕了，光这一手就可以称得上一流从者水准。最后没杀Saber也是因为弹药打空了（HF每次投影会消耗一点自我意识，最后自我烧没了）而不是没赢。你看这条线的士郎不光不说自己打不过，还信心满满地对着【从者界白刃战最强】直接上去跟人打白刃战（笑）总结：Fate线：确实打不过，包括被他克制的闪闪。UBW线：只打得过闪闪，确实打不过其他人。HF线：这个不是卫宫士郎，是半个红A。强如鬼神，恐怖如斯。正面薄纱了一命B叔（无十二试炼）和全盛黑Saber，大概其他红A能打赢的从者也打得过。这么说来，凛红A实际上能打赢全盛黑Saber？太可怕了。PS.情报红A可以4公里狙击。UBW线直接一炮狙死正在和B叔交战的Saber[1]，而FHA里则是五连发连Saber带士郎一起轰平[2][3]。连Saber都挡不住，剩下的除了黄金甲闪闪和十二试炼B叔以外的脆皮们想必也挡不住。但没练出千里眼和专有箭术的士郎应该是做不到的，也就是HF士郎有那么点可能。参考^破局方法是士郎冲进战场把Saber拖出来，我的妈这人是真的不要命。^破局方法是先手开令咒让Saber折跃到4公里外的红A脸上，然后后发先至地瞬发花瓣盾硬抗螺旋剑。我的妈这人是真不要命。^FHA士郎疑为三线融合士郎。考虑到没有红A手臂，应该是UBW士郎级战力。,"不知道为什么会有人觉得A能打赢B,B能打赢C然后A就能打赢C了，这都什么逻辑啊士郎自己都说了，面对把某项技艺磨练至极致的从者，自己就是没得打第一个原因是士郎是人类，身体素质根本没得比好吗，b叔狗哥你近战能打谁啊第二个原因是开不出无限剑制，就士郎咏唱的时间里b叔足够把他杀死十几次了，也就闪闪会在那儿悠哉悠哉等你咏唱完，你看红A面对狗哥C妈b叔什么时候开出来过无限剑制第三个原因是基本没有手段应付对方的能力，狗哥的即死，C妈的魔术，b叔的白刃战，你拿什么去接?说到底，士郎几次光辉战绩，打闪闪靠着相性和闪闪的慢心debuff（反正闪闪慢心谁都打不过），打b叔靠作者钦定（红A干死b叔6条命和士郎石中剑一剑七杀，额我也不知道为什么），打黑saber，反正鹤翼三连牛b，菊花盾牛b嗯，怎么给人一种钦定的感觉",客气罢了，哪有主角光环打不赢反派的道理，卫宫士郎只要想，脸接ea，一人打赢整个冬木圣杯战争都没问题。你以为卫宫巨侠的称号是充话费送的？ubw线的士郎还只是卫宫少侠，已经有solo红A，计杀闪闪的壮举。所谓的无限剑制能在速度上克制王之宝库更加是无稽之谈，士郎赢最主要是闪闪大意，完全不把士郎当对手，要是闪闪全力以赴上来放ea，或者坐船飞空中远距离扔宝具，或者是fgo里面那个头脑睿智冷静成熟的c闪，士郎早就死了一万次了。hf线的士郎杀B叔一条命，原以为够吹一辈子，谁知道魔法少女伊莉雅中的卫宫巨侠竟然有一人打通关，脸接ea的壮举，相比之下一个杀一个被污泥感染性格大变的闪闪已经不算什么了。成为英灵后的红a被别称为最强对策型从者，只要知道对手从者的真名就通过无限剑制投影出克制对方英灵宝具，某种意义上最强的从者。如果是黑卫宫，那圣杯战争根本不用打，不择手段，冷酷残忍，比机器更像机器，暗处偷袭，远程狙击，敌方体内放无限剑制，比暗杀者更像暗杀者的弓阶，偷袭一个没有理智的闪闪更是不在话下。,实际上都是剧情杀，不然闪闪的王之宝库他都打不过。无限剑制只能只能复制刀剑，枪戟盾牌就比较勉强了。然后王之宝库有飞机坦克炸弹......,发现有的回答踩红a踩太狠了，给矫正一下。根据我混迹fate吧多年的经验，贴吧给红a的定位是一流中到顶。五战红a明确可以打过的有C妈咒腕（小次郎不清楚，不过估计不闯山门直接轰的话也能打过）；对R姐55开，虽然魔眼一开占劣势但是开ubw也能抵抗，蘑菇钦定近战红a占优远程r姐占优，毕竟r姐的天马在A+中属于攻防破格的（然而还是抵不过大狗的B+死翔→_→红a真实弓兵）；对呆毛访谈中的意思也是可以55开，毕竟呆毛也吃过赤原猎犬的狙击，姑且认为红a最起码有的一打。劣势较大的是大狗，毕竟红a的技能几乎被完全克制，相性极差（武艺压制，近距离狙避矢，远距离狙和幻崩用万能的卢恩符文挡，不过得提前开），不过大狗也不能轻易拿下红a就是了。参见ubw一发死翔，红a空魔废手，大狗也空魔。剩下俩b叔认真闪属于完全打不过的。（b叔相性克制大狗，闪闪克b叔。ubw虽然克制王财，但是被faker激怒的认真闪不会给他机会开出来）然后5战实力分个级，除了哈桑小次郎C妈五战全是一流起步，呆毛更是换个好点的御主面板撑起来直接可以上top，fe作品中稍强枪狗的电子狗也有被提到top的经历。综上，除去C阶和杀阶的5骑一流起步，并有2-3个top，红a战绩不佳可以理解。铺垫这么多，我的目的是通过红a的实力来评估士郎实力。如果说红a是低配闪闪（除了武艺碾压），那么未大成的士郎就是实打实的低配红a。虽然ubw线对战红a时打出了心眼伪无法预料的一刀，但是硬实力还是难说高于红a。蘑菇钦点ubw对于一般从者只是稍微麻烦的技能，其实有点矛盾。毕竟闪闪的王财是对策王，ubw就变成稍微难对付的技能。有人说投影会降级，但ubw的等级即使削弱过后也是（E~A），加上6杀b叔的战绩，其实降级更可能是从A+降到A，少个加号之类的情况。然而士郎对比红a，三线中只有ubw达到过接近红a的实力，hf线其实我不太清楚，但至少移植了红a的手臂副作用巨大；而fate线根本没有开出过ubw。首先士郎的筋力就不如红a，ubw对战红a时刀几乎被震飞。不如说fate设定中，即使是e的数值，也未必低于普通人，毕竟C元帅有以D筋力碎水泥地的辉煌战绩。所以士郎的力量速度可能都会逊色于单一宝具锻炼到极值的从者，比如大狗。另外以红a的魔力复制剑以外的宝具和释放幻崩尚且消耗巨大，何况士郎的魔力。最后认真打起来，对手也未必会给士郎机会开ubw。不过个人认为说能开ubw武艺也精进的士郎有从者级的实力也不为过，毕竟对战5战高水平的从者都能僵持一段时间，对付一些弱小的从者取胜也不无可能。,卫宫士郎是个人类啊，还和凛这种常年练魔术的不一样，士郎一开始就会修修家居什么，这样一个人类已经可以和动辄煤气泄露的英灵硬碰硬了，还不夸张吗？想象一下，你班上的老好人同学，一天下午放学的时候，一辆渣土车朝你们冲了过来，他一步冲上去和渣土车顶在了一起，一边对抗一边让你跑，第二天到了学校和你说，自己没有推翻渣土车，自己还是不如他 。,那是他自己谦虚 和不知道有些英灵其实很垃圾，把士郎的优点一说大家就明白了，投影宝具对标王财    HF里的投影填装  释放宝具和读取武技    能用射击防御半个小时的大狗 ，基本上就是6变形战士能近能远还有盾。就这么说吧活过25岁后的大成士郎要是参加fa16骑战争除了迦尔纳 和阿喀琉斯对其他英灵大成士郎基本上就是吊打和优势局。从士郎的技能组来说能打他的基本上就是闪级以上怪物们,可以想像成重机枪和轻机枪的分别，士郎是轻机枪，英灵人均能挡轻机枪，士郎拿轻机枪突突突突，就会见到英灵把子弹全弹开。而金闪闪是重机枪，英灵想挡子弹却发现被弹开的是自己。士郎就是在金闪闪还在架机枪时突突突突突死金闪闪。为什么金闪闪不像其他英灵那样挡子弹？你没有看见他正在忙着架重机枪吗？,日常嘴炮庄鼻而已，你看看士郎的战绩，击退手撕呆毛王的人民教师，打赢了红A，打赢了闪闪，秒杀了黑化B叔，和樱主美杜莎过了几招，和樱主美杜莎联手干掉了黑化阿尔托莉亚，一挑六一夜打赢杯战还脸接EA,因为就是打不过啊。士郎能赢闪闪，都得是建立在UBW天克王财+闪闪傲慢轻敌上。说白了就是剧情杀。闪闪要是一看到对面开固有结界就左手天之锁右手拔EA，再来十个士郎都砍死了。关键是闪闪要逼格啊，对面一个人类还是学的红A这个Faker，无论是掏天之锁还是EA都太掉价了。固有结界又如何，本王就陪他玩玩。。。没想到后面玩脱了。UBW除了开结界后的投影速度，其他任何属性都被王财完爆。UBW耗蓝高，王财基本不耗蓝，UBW投影不了太高级的宝具，王财随便兜里一掏就是一堆A级。UBW开结界需要咏唱，王财不需要。会玩的从者，看你开始念我是剑骨头就上来干你了。。。更何况闪闪还有天之锁和EA这俩外挂，一个完克神性英灵一个完克固有结界，所以这货只能被剧情杀，认真起来谁都打不过他。
fgo 中的英灵会有 fate 四战五战的记忆吗？,https://www.zhihu.com/question/529546881,No detailed description.,严格来说没有，但有特例。　英灵是从时间轴分离出来的存在，他们会被召唤到所有时代，不管是过去还是未来。但是能够召唤英灵本体的只有“世界”而已，人类很可惜地无法召唤英灵本体，只能召唤作为分身的从者。顺带一提，构成从者的情报(灵魂)，在从者死亡的同时会回到本体的手边，本体可以像阅读书籍一样以记录的方式知晓从者的行动。虽然说在FGO时代，FCM的效力已经大大降低。（盖提亚：对对对，都是我干的）但结合FGOM和幕间物语，可以发现FGO在英灵和从者的设定上还是没有太多变化的。也就是如设定集所说，英灵是超越时间轴的，从者是分身。从者死亡后相关记录会像书籍一样被本体知晓。而像书籍一样知晓信息，和亲身经历并不是同一个概念。这点在“幼帝”亚历山大的羁绊与幕间也是印证。亚历山大虽然有成年之后的记忆，但对这些记忆并没有实感，用他自己的话来说就是还差得远。自己虽然是亚历山大，但并非是“伊斯坎达尔”。（所以韦伯的辅助才更加相辅相成。）而回归题主所说的冬木市圣杯战争，也有一个因为这个设定更显得悲剧的角色——英灵卫宫。众所周知，英灵卫宫在UBW算是与自己和解了。但依旧是个悲剧。“Archer.再一次和我契约吧”是的，说出了不该说的话。“这办不到。虽然不知道凛和Saber的契约还有没有继续着，但是我没有那样的权利吧。而且，我已经失去了目的。我的战斗，到此结束了。”回答没有一丝迷茫，他的意思是那样洁白。明朗的表情像是朝霞一般，面对这样的表情，又如何能够勉强他。“……但是！但是，这样的话。你，无论过都久……”都得不到救赎吧。……“……A，rcher”……但是，即使真的变成这样，即便如此……已经存在着的红色骑士，也必须永远担当守护者的角色。他与少年，已经是不同的存在了。仅仅只是起点相同的，现在在这里的少年，与少年梦中的幻想罢了。“……”……已经，没有什么能够给予这个骑士的救赎了。没有什么东西能够给予已经死去，化为了一成不变的现象的青年。也就是说虽然UBW的英灵卫宫与自己和解了，但是他返回阿赖耶那里后。英灵卫宫应该是不会得到救赎的，即使看了记录也没有“实感”，依旧会延续身前的悲叹，进入下一个轮回。这点在FGO也得到了保留，所以FGO每个章节遇到的大多从者，都是一个再次获得新生的状态。而这些从者因为与御主之间的羁绊，各自展现出闪耀的光芒，并非只是从者是战斗兵器，只要冲锋陷阵即可。在这其中，第六章对于Archer阿拉什的描写让我印象深刻。正是知道自己的终末，但依旧选择相信战友。即使粉身碎骨，也要从圣裁下夺回生机。他相信前路是光明的。确确实实的大英雄。当然回到正题，四战五战中有例外，是有完全的记忆，而并非是“可能读过类似的记录”的从者。那就是Fate系列的看板娘，阿尔托莉雅。简而言之，四战五战的Saber阿尔托莉雅尚是活人。所以能有完整的记忆。这个情况在FGO里也有出现，就是在第七章登场的梅林。作为梦魇混血的“花之魔术师”，他还一直活着，本体被关在阿瓦隆里，就以分身的形式四处游荡。既然活着，那自然就有记忆。FGO里用这种方式登场的各路活人也有不少。（往往是神仙比较多一些）比如牛若丸的阴阳师师傅鬼一法眼，而异闻带真人嬴政其实也能归为这一类。但更多的从者还是老老实实是从座上以“分身”的形式被召唤而出的。以上就是全部内容。============================资料来源于：FCM3十周年画集翻译来源于Fate吧。,少部分有模糊记忆。绝大部分丝毫记忆都没有，只是觉得对方很眼熟，但记不起来在哪里见过。关于从者记忆的话题你可以直接去看FGO里阿塔兰忒的幕间物语，里面讲绝大部分英灵座上的英灵本体都不会接受从者的记忆，因为没啥用，除非是对自己影响极大的事情才会被本体接收。目前FGO里明确继承记忆的是仇阶从者，他们有个技能叫忘却补正(毕竟不记仇怎么报仇？),四五战，基本都是有的，我基本是从语音分析的。吾王的四战五战，saber，可以看出来还是有的。闪闪的四战，archer，吉尔伽美什。刷子的四战，lancer，迪尔姆德（刷子），吐槽大帝中……大帝的四战，rider，大帝四战，Assassin，百貌哈桑，因为语音确实没有，加上幕间在找自己一个用来当普通人思想的分身，所以很难看出来有没有记忆……吉尔德•雷四战，caster，吉尔德雷，第二个语音还吐槽了小莫和尼禄没女人味……四战，berserker，狂兰……语音太少，只有，“亚瑟……”汪酱五战，lancer，狗哥。五战，archer，卫宫……基本不用看也知道他肯定有记忆的……红a话说我一直觉得这语音四是一语双关……既说了汪酱和闪闪，又吐槽了这神奇的凭依系统五战，rider，美杜莎r姐五战，Assassin，咒腕，有一说一，是个非常不错的从者……意外的是个不错的男人，在第六章的表现真的亮眼，和悲伤死战时真的帅（不过会显得静谧和百貌有点小惨……）咒腕的同是，佐佐木小次郎小次郎的五战，berserker，赫拉克勒斯，语音里没有，但从他的幕间里，保护小孩子的特征来看，至少应该是有一部分记忆的五战的记忆的，毕竟最后保护UBW保护伊莉雅的那段，应该是真的刻骨铭心……总得来说。除了百貌不是很明确，其他几位都是有记忆的……（我自己的号唯独没有棉被王，加上mooncell更好用一点……）,英灵不会参加4战5战，英灵只是一堆资料文件，没有身体，根本无法离开英灵座，甚至连自我意识都没有，更别提战斗了。下凡的是从者，其记忆是继承英灵的记忆+制造者给予。其中英灵的记忆部分，当从者活着被回收，记忆就会上传到英灵本体，如果从者是战败阵亡，经历没有被上传，自然也就不会有记忆。对克隆体而言，记忆只是作为知识记录的情报，而不是亲身体验的经历，本身就是很模糊的梦境，有没有某次杯战的记忆，并没有多大影响。,理论上来讲蓝呆之外的英灵是没有的，红A那情况更特殊。但型月嘛，说白了就是一个卖……所以，是的，特定情况下，大帝记得王妃三田老师！谢谢你！！！,这里先要强调一点：FGO和FATE ZERO/SN不是同一个宇宙。这是一个大家都知道但是总是忽视的问题。比如FGO里的卫宫巨侠不是我们熟知的那个土狼，名字叫不叫土狼都不一定。问题中的FATE四战五战，应该指的是ZERO/SN的圣杯战争。五战是04年，在FGO世界观里，04年正是所罗门赢得圣杯战争的那次圣杯战争。C妈换成了所罗门，那么其余六骑英灵还是不是我们所知的那六骑就不知道了。更不用提四战是否相同了。而穿梭平行宇宙，这是第二法才能做到的事。但是我转念一想，FGO都出了ALTER的概念。按照卫宫ALTER是平行宇宙拉到FGO宇宙的这个设定，说明阿赖耶识还是会用第二法的，甚至还能用来捏灵基。那么英灵座上有没有用第二法搞个小电视，给英灵们看看ZERO/SN/UBW/HF，这个就不知道了。估计取决于蘑菇会不会给阿赖耶识版权，或者老虚有没有成功致郁阿赖耶识。“不能我一个人难受！你们也来看看！”,阿尔托利亚五战时是有四站记忆的。对于卫宫等人可能有，但是fgo好像是平行世界，可能没有。官方一直也比较模糊。厨力游戏，自己觉得就行。,有，但是类似于“以前好像发生过这样的事”“有种微妙的熟悉感”“或许在曾经的什么地方有过交集”这样的。其实每次召唤从者进行自我介绍的时候就能感觉到，每一次从英灵座上召唤下来的从者都是全新的个体，只有少数例外会同步记忆，而真真正正是本人的大多是活动从者。大多数从者对于其他被召唤的经历没有实感，通常也不会特意去记忆，就算有意记下来也只是“原来还发生过这种事”这样，读以自己为主角的小说一样的感觉。,常规英灵不会SABER特殊在她是存在于非生非死的状态，英灵状态获取到的资讯能够被生前接受，进而成为生前的记忆而带上英灵座。所以重新召唤的时候才会有记忆。其他英灵被重新召唤的时候，状态就被刷新了。除非是像迦勒底那样有特殊手段，或者像二世事件里召唤了神灵级别的征服王，否则一般是不会有记忆的。,没有只有模糊的感觉,应该是有感觉的。其他的，塔喵和阿维斯布隆有fa的记忆。
如何评价《魔法使之夜》中的久远寺有珠？,https://www.zhihu.com/question/44403216,知乎居然没有这个问题，看来魔夜的确有点小众。,《魔法使之夜》是型月于十周年（2012）发售的文字AVG游戏。它继承了《命运之夜》、《月姬》的“优良传统”，全程无配音，甚至主线剧情都没有选项，直接让玩家全程处于旁观视角去欣赏。但其一流的配乐、超一流的画面演出，以及奈须蘑菇在剧本上完美发挥，让这部作品成功挑起了“十周年庆典”的大梁。本作女主苍崎青子，也光速上镜，和另外三位前辈女主一起，站在了十周年的纪念堂上，一起作为“型月四姬”正式出道。回顾型月社十周年之后不思进取、躺在《FGO》上吃老本的姿态，这部《魔夜》，可以说是型月最后的良心之作。（如果二十周年出《魔夜2》、《月姬R》……）而在当时看来，这部作品，对于各位月厨来说，也是一个大大的惊喜。毫不夸张地说，《魔夜》就是一封满载着型月诚意与成长的情书。而在这部《魔夜》中，最引人注目的角色，非女主苍崎青子莫属。在型月既往的作品中，她就已经以“神龙见首不见尾”的姿态多次出场，早已吊足了各位月厨的胃口。在十周年的庆典贺图中，甚至是《魔夜》的各种宣传图中，她也总是站在C位，永远以最显眼的方式登场。关于这位“蘑菇的老婆”、“永恒的JK”的故事，在之前的推文中，我已经有所介绍，而今天想向大家介绍的，是《魔夜》中的另外两个人物。他们在宣传图上总是站在青子的两侧，就像是红花边衬着的两片绿叶。在游戏的立绘中，他们俩的眼睛中也总是没有高光，不似青子，总是一副熠熠生辉的样子。然而，只要是玩过游戏的读者，也许都会这样的感受——我们因苍崎青子慕名而来，却最终因她背后的这两人感触最深。静希草十郎和久远寺有珠，这两个角色，是蘑菇送给读者的最大惊喜。首先，他们俩的人设，简直是型月既往作品中标准的“主角型人设”。静希草十郎，表面上就是一“普通人”，和屋里另外两位不好惹的主比起来，他简直就是“人畜无害”。既不会像青子一样，一言不和就魔力RPG轰炸接武神踢，也不会像有珠一样，在天上造出一个假月亮，随手就能引发巨大规模的“奇迹”。他只是偶尔会有点缺乏常识——比如说试图直接从三楼的窗户跳下来，在有两个女同居人的情况下还不以为然地裸着上身在屋子里晃悠。正如青子点评的那般，他简直就是个行走的吓人箱，平时看上去不声不响，鬼知道打开盖子会从里面蹦出来啥玩意。他偶尔也会NB一回——把重伤的有珠救回家，一拳把神代级别的幻兽揍到自闭（最后这个丢人玩意甚至成了他的小弟）。仔细推敲一下就会发现，草十郎真的非常“型月男主”——看上去就一普通人，实际上却是非常特异的存在。远野志贵的过去隐藏着血的秘密，卫宫士郎其实是初代就开启了27道回路的天才，草十郎也不是什么寻常之辈，他其实是一个经过了十几年训练的暗杀者。他和葛木宗一郎一样，在深山中训练了十几年，只为了杀戮这一单纯的目的。久远寺有珠，也是极其标准的型月女主人设。其实，比起苍崎青子，她才更像是“型月四姬”中的其他三位。无论是Saber、两仪式还是爱尔奎特，她们不仅是神秘的代言人，本身也散发着一股非人的气息，让人有一种“她们不属于这个世界”的感觉。而苍崎青子，虽然是“魔法”这一神秘的代表人，和她们比起来，真的太像一个人类了。其余三位是故事里的公主和女巫，只有青子是邻家大姐姐。久远寺有珠并不是“魔法”的传承者，不过，她的来历也不浅。她是出生在英国的纯正魔女。她的父亲只是个普通（的有钱）人，母亲是大魔女。在生下她之后，母亲就因为完成了血统的传承而死去，父亲在抚养了她几年之后也逝去了，只留下久远寺家丰厚的资产。她最擅长使用童话主题的咒术和使魔的使役，尤其擅长基于英国经典童话《鹅妈妈童谣》的咒术。顺带一提，《鹅妈妈童谣》里的许多童谣更像是黑暗童话，有兴趣的读者可以自行搜索看看，非常的“邪典”。她还有着前代魔女（母亲）留下的三个魔王级道具，还有一只能替她替死一次的保命使魔——蓝色知更鸟“罗宾”。读者初见有珠，都会有这样的感觉——她仿佛是从童话书里走出来的角色，永远的夜之公主，孤独、古板、顽固的坚持着自己的骄傲。不仅是她使用的咒术与童话息息相关，就连她的名字“有珠”读音也是“Alice”，正如许多童话中的女主角一般。她对自己父母留下的东西十分上心，在父亲留下的这栋洋房里，她就会有莫名的安心感，即使是在冬天也能靠着冰冷的壁炉睡着。而对于自己母亲留下的使魔，她有极强的保护欲。如果谁敢破坏她的使魔，即使是同居人，她也会不留情面的放出魔王级的使魔碾杀之。（虽然她的这个魔王级使魔最终也白给了）正如士郎和saber、两仪式和黑桐干也、远野志贵和爱尔奎特一样，这一对角色可以说完美体现了型月的“传统艺能”：男主刚开始平淡无奇，故事的最后才发现他根本就不是什么“普通人”。女主刚开始非常特别，随着故事的发展，她逐渐褪下光环，露出少女的本质。《魔夜》的故事进行到最后，身上坑最多的不是魔法使青子也不是大魔女有珠，而是这个山里的“淳朴少年”草十郎。首先，他脖子上的绷带里面究竟缠着什么，这是个无解之谜，估计只能等蘑菇哪天良心发现写个《魔夜2》才能真相大白。在《魔夜》的故事中，只有有珠看到了里面的东西，并把这件事情作为他们两人的秘密。他能一拳把幻想种揍到自闭，这样的战斗力有多恐怖咱们姑且不提。在青子施行第五魔法，将他过去的十年借走的时候，我们可以看到深藏于他记忆中的光景。那是一片纯白的花海，单纯、纯净、美到触目惊心。虽然在《魔夜》中没有明说，但是，这片花海的形象与蘑菇之前描述的“星之内海”高度重合。这是绝无可能出现在人类世界的东西，只属于星球里侧的神秘。所以，草十郎在山里究竟接受了什么训练？又是怎样的训练才能让他进入了星之内海？这些问题，每一个都是大坑。草十郎逐渐展现出自己“非人”的一面，而有珠则从一个童话中的公主，变得越来越像一个真正的少女。刚开始她总是想要杀死草十郎，用尽各种方法——下毒、拿刀尾随……而这些方法总是被青子化解。她总是冠冕堂皇的表示，这是为了维护神秘不外传，是身为魔术师的义务。可是，如果她真的铁了心想宰草十郎，其实机会很多。她的这些行为，比起“杀死草十郎”，更像是笨拙的威胁他，想把他赶出家门。她无法否认青子“把留在我们的眼线里严加看管”这一提案的合理性，却又像是不愿意把自己的玩具拿出来分享的孩子一样，不想和草十郎分享这个洋房。而她最终接纳草十郎的原因，也很简单——她发现草十郎不会引她心烦。即使草十郎就在她面前，也不会打扰她睡觉，不会干扰她看书。不知从什么时候开始，他也变成了这个洋房的一部分。有珠从发现这一事实到接受这一事实的过程，也是非常可爱的。刚开始，她为了测试草十郎是不是真的不会打扰自己睡觉，连续两天利用魔术药物让自己在同一时间同一地点以同一种姿势入睡。而草十郎每天回家，都会看到有珠以同样的姿势睡着……换了别人估计早就满脸黑人问号了。可我们的草十郎是木头，他不会慌，只会坐下来陪有珠。后来，草十郎和她一起坐在客厅里看书，她倒没有被草十郎打扰到，反而因为“他坐在这里我居然没有一点被打扰的感觉”而感到困扰。我的天，这也太傲娇了吧。于是，有珠大小姐就用杀人般的眼神瞪了草十郎一会，可惜草十郎是木头，读不懂她的眼神，她只得无奈当他不存在，两人就这么对着看了一上午书。到了最后，虽然她嘴上不愿意承认，但是，她其实已经离不开草十郎了。她们的计划本来是，找到消除记忆的魔术之后就消除草十郎的记忆，让他回归正常生活，而她其实早就找到记载着那种魔术的书籍了。然后，她小心翼翼的把那本书塞到了高处，想借此瞒过青子的眼睛。虽然最终并没瞒过，但是，青子也和她是一样的想法，帮她一起圆了这个谎。这两个人的互动，细细一想，真的甜到掉牙，宛如老夫老妻般默契。更让人触动的是，他们俩，虽然性质有所不同，却都是同一类人——被时代所遗弃的人。魔女和杀手，都是无法为现代社会所容的人。他们在时代的潮流中被裹挟着前进。草十郎是无条件的接受一切：从别人身上努力学习现代社会的规则，对于“改变自己”这种事情没有一点犹豫。而有珠则无条件的拒绝一切：像童话中一样，把将自己封锁在深山的洋房中，冷冷清清的活着，不食人间烟火。在他们俩相遇相知，并且还有青子这个榜样一样的角色立在中间之后，化学反应便产生了。草十郎从青子骄傲的活法上学到了保持自我，有珠也开始逐渐接纳另一个人真正的融入自己的生活。在遇到彼此之前，他们都是孤独的。他们的邂逅，对于彼此来说，都是一种拯救。蘑菇曾经说过，《魔夜》其实是他看了《EVA》之后有感而发写出的作品。这两部作品看上去大相径庭，内在其实惊人的相似：自闭少年（少女）成长故事。本质上，这两部作品都构建在后泡沫经济时代弥漫的自闭感上。《魔夜》的故事背景中，甚至就有因为泡沫经济破灭而倒闭的游乐场、只剩下钱的空巢老人。只不过，在《魔夜》中，蘑菇加入了青子这一元素，这一带着“阳光、空气和水”的元素。所以，草十郎和有珠这一对被时代遗弃之人，最终也没有像《EVA》一样走向破灭，而是得到了一个完美的结局。,终于有空写这个问题了。差不多是一年前看到这个问题，现在一年过去了，很不幸，还是只有四个回答，明明是我最喜欢的人物……———————————————————————————————这是游戏中第一次对有珠外貌的描写这位少女坐在沙发上，读着一本古旧的书籍。她有着纤细的四肢与仿佛不知阳光为何物的白皙肌肤。这种带着一丝忧伤的风情，让人感觉不出在她体内有着人类的意志。她那一头黑发的颜色比青子更深，不带半点杂色。冰冷的双眸静静地将视线投在书页上。那一身让人联想到修女的黑衣，是她上的那间女子学校的制服。这种黑暗的色调与少女非常相称，但如果让青子来评论的话，她应该会觉得太相称了反而不好。……眼前的景象宛如一幅风景画。她是如此地没有现实感，甚至会让人以为他一生下来便是如此美丽。她在低头时露出的白皙勃颈，美丽的连同性的青子看了都会着迷。这位少女正是住在幽灵洋房里的另一个人。她名为久远寺有珠（Alice），是和青子同岁的同居人。草十郎对她的评价呢？是纯粹的美这还是草十郎第一次把这种太过单纯而又毫无理由的形容在和自己相同的人类身上。保持着纯洁而成长的水仙花。或者说，只有在梦中才能见到的，理想的少女形象。少女的美正是为了供人鉴赏，受人怜爱而存在。和苍崎青子那华丽的，充斥着生命的光芒不同。因为只要有生命，人类就会衰老而死亡。而像那样的结局——那种幸福的结束，又有谁能允许它发生在这个少女身上呢。她是保持着这种奇迹而生，又以这种形态灭亡的一部寓言。自诞生伊始就被剥夺了身为人类的生，其生命的存在方式不属于这个世界。……太过美丽的食物，结局往往也都异常凄惨。对于在深山中长大的草十郎而言，这点无需人教导，他自己就有过深切体会。她看起来比草十郎年纪小一些，可能是那纤细的线条给了他这种感觉吧。相反，她那冷静的表情又让人感觉她比草十郎年长。及肩的长发是无暇的纯黑。像是为了搭配那头黑发一样，她那大眼睛也是纯净的黑色。虽说这段难熬的沉默让自己想起了游乐园里发生的事情而变得不安起来——但他觉得更多的是因为少女的魅力。纤细的身体和白皙的肌肤。她有着仿佛拒人千里之外的冰冷眼神，但是脸庞却残留着一丝少女的稚气，为她添上了一丝暖意。这两者混合起来，让她的外表甚至产生了魔性。一开始的有珠该怎么评价呢？冰冷的美丽，但却有少女的稚气。无法拥有普通人类的幸福，某种意义上结局注定凄惨的魔女。但她的本性并不是拒人千里之外的冰冷。在遇到草十郎之前，她是一个因为茶而与刚刚同居的青子吵了一天最后筋疲力竭并第一次点外卖从此迷上了外卖的人，是一个因为电视机与洋房格格不入而继续与青子大战最后两个人都认可电视的人，是一个与小时候玩伴关系很好非常好还一起去过水族馆并念念不忘的人，是一个悄悄记恨青子吃旋转寿司却带给她盒饭的人，是一个对一只猫送她外卖这种离谱的事非常好奇甚至好奇超过自制力的人，是一个用漠不关心的语气关心青子会感冒的人，是一个盯着伊势屋的煎饼不放的人……例如如果橙子没有来三咲市，甚至如果有珠和青子都与魔术和魔法无缘，她们一定会平静生活下去，并且会成为一生最好的朋友吧。可是，她是魔女胜算几乎是……或者说是绝对没有。而且，一旦点燃导火索，久远寺有珠就会毫不留情。不管对方是同居人，或者是朋友，亦或是她最爱的双亲，以魔女的身份开始战斗的话，那个少女就会变成冷酷无比的怪物。青子：而且，反正我们两个的关系最后都会变成互相残杀吧！少女转过身去。在这个森林构建其工房的外敌已经消失了。他们是善是恶，造就了多少被害者，少女都毫不关心。对人类社会的条条框框，她不抱一丝关心。这就是纯血的魔女——大魔女（Mainstar）的存在方式。她的双亲坎坷的相爱，坎坷的结合，最后有珠诞生，母亲去世，父亲也不久离世，仅留了有珠一人孤独的留在洋房，继承母亲的魔女命运，仿佛就像魔女的诅咒一样。好像魔女一词只与孤独有关一样，有珠也是孤独的。直到草十郎的到来。他与她的初次见面便是战斗，有珠对他的第一印象也被那有野性的身姿占据。随后他们在洋房中见面，草十郎认为见到了最美的事物，而有珠却藏了一把水果刀（但有珠说是短剑，可见杀意）想捅死他。一个深爱着自己的洋房的人自然不能容忍陌生人待在里面，而且这个陌生人还瞒过了有珠自己的结界，并和青子一起把月之油打碎。一个既占着自己最钟爱的事物，还把占有欲旺盛的有珠的PLOY打碎，还作为一个普通人骗过了自己的魔术（自尊心），不记恨是不可能的。但型月的男主没一个是简单货色。「……咦？我穿着外衣啊。」他掀开盖在身上的毛毯，吃惊地歪了歪脑袋。「抱歉，穿外套睡在这么好的被子里实在太不合适了……或者说太浪费了。」如果可以的话我想穿着和这张床搭配的睡衣来睡啊——草十郎这样嘟哝着。少女则是有些讶异地看着他。似乎自己干了什么出乎少女预料的事情。有珠认为是对草十郎的审判的时候，他却在想他的衣服配不上这么高档的床。这时候有珠想的应该是“这个人怎么回事，不知道自己快死了吗”。随后便是有珠与草十郎真正意义上的第一次交锋。被她那白皙的手指放在桌上的，是个玻璃制的小瓶。玻璃看来是透明的，却又带着一丝淡淡的蓝色，光是从这样的颜色就能感觉出它是个高档货。有珠以如仙鹤一般的动作把瓶盖拔了起来。「？」虽说草十郎是第一次见到这个小瓶，但总觉得有些印象。不过很遗憾，他也不知道到底是在什么地方有印象。青子那默不作声，只是旁观的举动也让他有些在意。草十郎因为这不好的预感而紧张起来，有珠则是再次看向了他。少女的眼睛果然有一种魔性的感觉。在草十郎开始这样想着的时候，有珠面无表情地叫道：「静希君。」——————————————————————在搞科研，真的太忙了，对不住那些赞我这个鸽子的人……我保证会写完的！,幸亏伦敦跟北京有时差，我才得以在爱丽丝生日的当天写完这篇文章。太好了。久远寺有珠，《魔法使之夜》的三号角色，型月世界的原点人物，蘑菇眼中的“only one”。她是冷酷无情的魔女，也是思念双亲的孤独少女，更是耽溺于童话的小红帽。身为最后的魔女，有珠自出生起就不得不背负沉重的命运。她接受了母亲的血脉，在身上刻满了魔术刻印，长年跟巨大的痛苦相伴。连苍崎橙子都不禁咋舌，“你还能体会到自己是人类吗？”幼年时期失去双亲的经历，导致了有珠在人际交往方面的缺陷。她不信任他人，不愿意表达自己的情绪与想法，常常与背景融为一体。因此，她的朋友屈指可数。有珠喜欢童话、流连于洋馆——这些事物似乎是一种对双亲思念的寄托，又好像是一种对自己身份的认同。她不参与学校的社团，非必要决不外出。她的生活，与外部断裂，同他人隔阂。甚至在很多时候，有珠并不在意孤独。仿佛只要有洋馆、书籍、红茶、知更鸟相伴，自己的世界就是完整的。十六年以来，她都固执地平衡着自己病态的存在方式。有珠的灵感来自于《EVA》中的绫波丽。但是，其内在与丽截然不同。丽的问题是自我的缺失。身为人造之物，丽没有经历过完整的人生，没有培养出自己的价值观念。她对司令言听计从，因为她不理解自己存在的意义。丽“三无”的属性来源于“没有必要性”。有珠不是如此。她有明确的自我意识。继承魔女的血脉是她自己的意志，对外界的拒绝同样是自己选择的结果。她的心理动机是“自我保护”和“自尊心”。蘑菇说，“有珠的内心就是一个小孩子。”不错，小孩子的内心纯粹、敏感而脆弱。很多时候，成年人眼里微不足道的事情，在孩童心中却占据着重要的位置。因为孩子拥有的东西很少，所以会为了一只廉价的玩具拼命；因为孩子依赖于大人，所以加倍地重视自尊心。有珠执着于自己所有物，为了守护魔女的立场不惜杀掉青子，把一些琐事暗暗记在心里等行为，确实就是一个有些任性、幼稚的小孩子。然而，静希草食郎的介入，改变了有珠的生活。原本对人类乃至世界均漠不关心的有珠，会因为他凭借躯体试图飞翔的冒险举动而震撼无比；会命令知更鸟阻止缺乏常识的他误入午睡之镜；会忍不住说出心里想说的话语；会接受品质低廉的茶包、卖相不佳的炒乌冬；会打电话作出对她来说最大限度的求救……之于有珠，青子是值得信赖的同居人，橙子是理解自己的旧识。她与这对姐妹的任何一方，都可以因为利害一致而结下深厚的情谊，也可以因为立场相冲而展开残酷的杀戮。不过，草十郎是例外。这个淳朴的少年，是长久生活在非常识中的有珠，邂逅的唯一一个“无害”的人。他不会背叛她、亦不会妨碍她。尽管有他在身边，她也可以倚着门柱沉沉入睡，也可以专心坐在沙发上读书。在草十郎面前，有珠逐渐褪去了名作“魔女”、实为自我保护的外衣，开始正视自己内心的祈愿——有珠仅有一次地渴望过的、某个人的陪伴。三咲市的灵脉问题，随着入侵者苍崎橙子的败退尘埃落定。久远寺邸的三人，暂且回归了平静的杂居生活。有珠悄悄地把记载着忘却符文的古籍藏在了书架的顶端。尽管终有一天，三人会分道扬镳，她依然决定，要努力守护这段错误的时光、这份没有未来的感情。《魔法使之夜》的故事仅仅进行到三分之一，有珠今后的表现、以及与另外两位同居人的关系发展，仍然值得我们期待。（当然，在这之前，还是先担心一下我们自己、以及木野子小姐能否活得久一点吧……）生日快乐，爱丽丝。,"久远寺有珠，既是大财阀久远寺家的大小姐，也是大魔女（m@#￥￥er）的传人，个人认为了解这个角色从她的父母辈来说要更好理解些。
首先，有珠的爹，不知名的久远寺家继承人，在英国遇到了有珠的母亲。尽管有珠的母亲都认为两人相爱只有以悲剧收场，但还是接受了珠爹的爱，然后再生下了有珠后便死去，而有珠的父亲也在抚养了有珠数年后去世。有珠在幼年时便已展露出较高的魔术天赋并主动接受了魔女的身份，在体内刻下了大量的魔法刻印。
一边身为久远寺家的千金，一边身为受人畏惧的魔女，有珠的成长也可谓艰辛，表面上是光鲜亮丽的大小姐，但也是缺少父母爱护的孤儿，大概在那时起，有珠对父母的思念便寄托在了那间洋房上了，也因如此，有珠渐渐养成了对自己的所有物的偏执。
有珠就在这样的环境下渐渐成长了起来，然后在七岁那年，与橙子相遇。两人在青子得到继承权之前应该多有来往，在这期间，有珠作为魔术师的能力不断增强，到了十六岁时已是一名成熟的魔术师。再然后，与青子达成同盟，与草十狼相遇，就是魔夜中的内容了。
有珠在现在的状况，一言以蔽之，就是“挣扎的雏鸟”，这也是蘑菇在魔夜中借草十狼之口对有珠做的评价，在有珠17岁这年，她或许要对未来做出抉择，是选择继续维持着大小姐与魔女的双重身份，还是彻底抛弃姓氏，成为完全的魔女，或许在她童年时会毫不犹豫的做出选择，但在与草十狼的相遇，再次体验到了他人的关爱后，这个选择会变得残酷得多。
有珠很执着于自己的魔术师身份，但除去这一身份，她的性格就与樱有点相似了，缺乏关爱，性格内向，感情闭塞，不轻易透露自己的感受和心情，但与草十狼的经历让这个少女的心泛起了波澜，她也许开始憧憬像普通人一样的生活，像普通人一样的幸福，但作为魔女，这又是她注定不会拥有的，这种矛盾与挣扎，不多也不少，我认为就是对有珠最好的写照了。所以，无论有珠的未来会如何，我也希望她会有个幸福的结局。魔夜的故事才刚刚开始，有珠身世的许多细节，我查阅资料也没办法了解的很清楚，其中大致上有三点个人认为比较重要珠妈在生下有珠后就去世了，但是因为难产而死还是与魔女的身份有关，若是难产而死，那就是单纯的不幸了，而若是魔女的体质原因，那么有珠可能就注定悲剧了。有珠是在何时返回日本的，是在珠爹留学结束后返回，还是在有珠结束童年后返回，这点我在百度百科和萌娘百科看到的不太一样，这期间还跟有珠的那个同名朋友有关，         3. 有珠内脏上的魔术刻印来源，从橙子的话来看，她显然是不知道这一事实的，         而魔术刻印对魔术家系又意义重大。从凛的刻印是麻婆从时臣的尸体上移植的这           点来看，若是珠妈的，有珠的魔术刻印又是谁帮她移植的？最后，这篇回答是本人第一次回答，看到自己这样严肃认真冷静客观的来分析自己很喜欢的一名角色，感觉还真是微妙呢...而这篇回答本人也加入了大量主观印象，可能与许多人所想不一致，总之，这是我对我心中的有珠做出的回答，各位看官，欢迎质疑，欢迎提问，不喜勿喷，谢谢看到最后！谢谢！最后最后，蘑菇你快出续集啊！！！草十狼给鸢丸就好了！有珠是我的！！！！！！！！",我是不建议讨论这个问题，主要是从故事结构上说，魔夜1的完整度比FSN的FATE线还低，只是一个让主要人物登场的序，你觉得你看完FATE线就能够对伊莉雅或者樱做出可靠评价吗？,久远寺有珠为什么是神？讨论这个问题之前，我想说说其他角色究竟差在了哪里。首先是犯下了傲慢之罪的伊莉雅然后是犯下了暴怒之罪的尼禄接着是犯下了懒惰之罪的两仪式再然后是犯下了嫉妒之罪的间桐樱犯下贪婪之罪的黑桐鲜花犯下了暴食之罪的saber最后，犯下淫欲之罪的奶光,来写写我主推。仿佛不知道阳光为何物的白皙皮肤”，“她是如此的没有现实感”，“同性的青子都看了为之着迷”奈须蘑菇的描写是真的很绝很妙，要不是蘑菇一直在推bg我以为他是女同性恋写手（？）当时的文本配上角色曲（imbalance/Alice）的演奏真的，害！我是同性，我也着迷了，谢谢蘑菇！ 对她的理解我一天一个样第一层是英国童谣里的小公主，第二层就得在第一层上加上“黑暗”的定语。 游戏里对有珠内心的直接描写很少，有的也只是对草十郎的“新奇感”（这个之后再说）。 游戏章节里有一篇隐藏，名为“忙碌的七天·3”，还有的1、2、以及4，讲的都是其他主角的日常生活，而3那篇的描写很掉san，讲述的还是有珠用ploy消灭入侵人偶。这篇看起来很平常，只不过是魔术师的战斗，但是仔细想想，这个忙碌生活就是日常，也就是给暗示，像这种杀戮对久远寺有珠来说已经是日常了，本质上确确实实和青子不同，是个名副其实的魔术师。文学作品里很忌讳单独用第一人称来描写一个人的心情，而奈须蘑菇很优秀正是因为他通过人物的行为来塑造形象。就我看来虚渊玄的“痛”是彻头彻尾悲剧所带来的悲伤，这种悲伤是从一开始就定下来的，开头就给读者一种“不要抱有任何希望幻想”，所以就是真正的痛苦降临都觉得理所当然。 而奈须蘑菇不一样，樱之梦痛不痛？那春归呢？奈须蘑菇的圆满是相对于结局来讲，而这个过程可以很痛很痛，打个比方就是好了伤疤不忘疼。 奈须蘑菇写人可以说是一绝。而久远寺有珠就更妙，你可以从她所使用的魔术看出她的性格。初次制作的ploy是“snow white”：在一片地区下雪；而之后的ploy越来越带有优雅的恶趣味，暴力又带着洒脱的手段让人咂舌。 青子曾经说过“不小心弄坏她的ploy会有三天在赌气”故意弄坏就导致了游乐园一战：把人扔在游乐园，躲得过一晚上就放出来。为此还损失了一个相当于魔术协会价格的ploy，而久远寺有珠只看作是小打小闹，性格里完完全全存在着孩童般纯真的娱乐性格。而茶杯只是让橙子用过就大发雷霆，就给人一种小女孩保护自己的洋娃娃感，你可以感受到她在生气在悲伤，你却无法作出任何行动来安慰。 而她和草十郎的感情我更多的归结于soulmate，性格很像的二人产生的共鸣。 来说说色到我的地方。官方设都是色文，官方图都是色图.jpg 魔术战之前要脱下手套，加强道具是猫铃铛。所有的ploy原型都是来源于童话歌谣。称号也很少女力：最后之鸟，一之欠片。而名字真的优雅得我没话说，久远寺有珠，有珠的罗马音即为arisu，爱丽丝，又可译作久远寺爱丽丝。她的魔术倒也不是魔术，是自成的体系，人类最后的魔女，型月的only one，用魔术降落时周围会有蓝色罗宾鸟羽毛。魔眼加强又被称为离合诗化，和青子搭配就完全在致敬莎翁（莎翁爱好者狂喜）做事也很可爱！,孤独而又美丽的稀世魔女,第十章，我的心碎了。现在想想，出场见面时，心就碎了。,占坑 有空来写,在作品中，作者似乎已经进行过一些评价了
如何评价卫宫士郎？,https://www.zhihu.com/question/29869940,No detailed description.,想到了一个不太恰当的类比：假设卫宫士郎在买菜的时候发现了一块第二天就要过期的冻豆腐，他会选择拿走，原因是：如果被其他粗心大意的顾客买走的话他们有可能没有发现过期日期，导致在日期后食用拉肚子；如果所有顾客都发现了这个问题而选择不买的话，超市老板就会面临一盒豆腐的亏损。在这种情况下卫宫士郎会做出大家利益都不会受损的选择：自己买回家赶紧吃掉，这样没有人会拉肚子，没有人会亏钱，这是他作为正义的伙伴所采去的措施。而另一方面，如果卫宫士郎买菜的时候发现超市里有一块已经过期的冻豆腐，他会毫不犹豫地叫老板过来处理掉，而不是自己买回家来避免老板的亏损。因为超市里卖过期食品这件事从原则上来说就是错误的，卫宫士郎人再好，也不会圣母心泛滥到放任他人原则性的错误不管。大题来说就是，卫宫士郎是一个会尽量牺牲自己来使他人利益最大化的圣人，但和圣母不一样的是他有自己的底线。,"先占个位置吧，有答案基本上没能理解这个角色，属于自己树个靶子自己打的类型，自己定义一个正义的伙伴，然后批评士郎没有能力，没有行动去做他心里的正义伙伴，有意思？卫宫士郎，要理解这个角色就要把fate，ubw，hf三线士郎和红A甚至切嗣结合起来理解。当然了如果你看过魔法少女伊莉雅，可以把美游世界的士郎也放在一起。fate线没什么可说的，王道型boy meets girl的故事，卫宫在其中的角色也不是特别光彩照人，基本上是介绍了这个角色的感觉。ubw才真正展开这个主人公的精神特质。卫宫士郎 ，男，17岁，职业：学生，魔术师。个人志向：正义的伙伴。卫宫士郎的故事源自于第四次圣杯战争引起的一场大火，一个年仅七岁的孩子在大火中步履蹒跚的寻求生路，为了活下来对很多他对很多向他求助的人见死不救，最终即将倒下死去的时候是卫宫切嗣用阿瓦隆残留的魔力救了他。在他倒下的瞬间大火已经摧毁了他的求生意志，如果不是切嗣，就算他活下来了，也只是空壳的行尸走肉。因为那个人的笑容太过幸福所以憧憬——卫宫士郎是的，这是红A斥责卫宫士郎的理想的原因，因为他的理想是借来的。并且形成了典型的 “幸存者的愧疚”的心理，他对在火灾中死去的那绝大部分人感到愧疚，认为自己的性命已经不是自己一个人的了，总有一天这条命要为众人使用等等想法。知乎上有一为知友的专栏详细分析过这种心理，当时看了之后赞叹不已。我啊，是魔法使呢。出现了，型月专用的拐骗小孩台词（笑）士郎想成为像切嗣一样的人，所以开始缠着切嗣教他魔术，但是切嗣却不想让士郎走上他的旧路，所以用了大河的办法，教导错误的方法，让士郎的学习过程痛苦而没有成果，他会自己放弃的吧。谁知道士郎并没有放弃，而是就是用这种方法锻炼了八年。（所以士郎最开始的时候连自由开关魔术回路都做不到。并不是某些人所说的空喊口号而没有行动。一直到十七岁，fate降临之前，士郎还在迷茫：到底怎样做，才能成为正义的伙伴啊？他不明白，只是简单的凭借本心在做着力所能及的小事。帮全校修暖炉，帮田径社修跨栏，以至于被称为 “穗群原的布朗尼”。（在某些人眼里这样的事似乎不配称为有所行动）就算一成对他说你这样可能会被不知道感激的人利用的，他不在意。他本能的懂得千里之行始于足下。圣杯战争来临后，当他知道十年前的大火是圣杯引起之后，他决定参战，目的是为了不让悲剧重演。之后麻婆神父对他说过一句话：愉悦吧，少年。你的愿望终于要实现了。不得不说麻婆神父是非常犀利的。卫宫走出教堂的时候心里想：什么啊，简直像是在说我在期待着出现将要打倒的邪恶一样。虽然嘴上不承认，但卫宫的心里的确有一点期待的。接下来的战斗里，不管作为观众的我们承不承认，他拖过后腿，也立过功。粉和黑喜欢单方面的无视另一方面。接下来就是主题了，UBW中红A和士郎的碰撞，代表着人生的两个阶段，两种信念。红A说：你的理想是借来的赝品，救人的尽头没有救赎，你连自己都救不到，如果你会成为行正义之名的杀人者，那么就死在这里吧！毫无疑问，这是红A穷尽一生得出的结论和经验，似乎是正确而又不可推翻的。但是，士郎的回应是：果然，你是和我不同的人，因为我绝对不会后悔！ 我不是想成为正义的伙伴，而是绝对要成为啊！ 没错！绝对没有错！想要帮助别人的这份心意，绝对不会有错！！！！多么的，幼稚而又中二，也许你会认为这只是没有经历过挫折的小孩子的妄言，等他经历了和红A一样的事情，一定会后悔，然后回过头来嘲笑当年誓言绝不后悔的自己。也许是这样吧，但是呢，fate吧有一句话：红A一定是士郎，然而士郎不见得是红A。蘑菇也说过红A的成长经历在三线之外。就是说就算ubw线的士郎成为了第二个红A（虽然不会）但他会不会后悔仍然未知。红A成为守护者之后，无数次的执行守护者的任务，的确是后悔了。但是反过来想：正是因为至死不悔的帮助他人，永不后悔的意志，红A才成为红A（为了解决核电？危机才成为守护者）。用士郎的话说：他虽然说自己到最后后悔了，但这正是他坚持理想到最后一刻的证明！红A对自己怨恨，后悔，说到底不是认为这个理想出了错，而且他觉得这份永久性工作和他的理想相悖想撂挑子而不得。新UBW中士郎说过：就算出发点（借来的理想）错了，这条路（帮助他人）绝没有错。其实这就是士郎的正义的伙伴的定义，就是做一个帮助他人的人，不乞求没有纷争的世界，只是在他熟知的世界里，人人都能幸福的生活，虽然这不可能实现，他依然会为之而奔走。不管是对哪一个卫宫士郎而言，想要帮助别人的这份心意，绝对不会有错。这句话，是没错的。在我看来，红A就是被这句话打败的，因为这是卫宫士郎的初心毕竟蘑菇写这么一个中二的主角出来不是用来让别人骂中二的，UBW的主题不是像fz和hf线一样侧重怎样实现正义以及究竟什么是正义，而是表达“理想”与“坚持”， 用一体两面的一个人写了一个经历风雨之后回归初心的故事。虽然也是中二到不行，奈何就是对我这个大龄中二青年的胃口啊。在豆瓣看过一段评论，斗胆借用一下：每一个理想主义者心里都有一个红A，你年轻经验少，幼稚，战斗力只有5，水平不行，依然为了理想努力，但是出现了20年后的你，那个你成熟，强大，LV99，战斗力报表。然后他嘲笑你的理想就是个屁，因为他坚持了一辈子什么都没得到，那么你，还要坚持下去么？新UBW里士郎对红A说：你是正确的，但是只是单纯的【正确】罢了这种东西我不需要士郎终于明白了，所谓理想不论正确与否不论得失成败不论将来如何只是谨守初心奋力向前就好输给谁都可以，但是，绝不可以输给自己！上微薄看了一下我大概知道这图是超违和的了，但是谁让我觉得这图超帅呢，违和也要放在这里（笑哭）顺便说一句：型月的男主永远是这么简单而美好的人。黑桐干也——告诉我，你的愿望是什麼？”.他稍加思索，直视著她，用眼神去回应她。并不是无欲无求，也不是不相信她。然而，他的回答是：“什麼都不需要。”难道你就不想要一个比今天更快乐的明天吗？”因为我现在已经很快乐了。我觉得这已经够了。静希草十郎握住青子即将挥下的手：杀人是不对的。型月男主都是将一个简单美好有些幼稚的价值观贯穿直至发光的人。顺便，没错，蘑菇说过，切嗣是自我满足的恶人，这一点士郎也一样。他还说过金闪闪是混沌善呢。很多月厨包括我，最后只是把这句话当成蘑菇故弄玄虚提高逼格的产物。而且我认为评价一个人善行的时候，用自我满足这种诛心之言是一件无趣的事情。因为照这个逻辑，所有人对这个世界的善意都是一种自我满足的方式，所有人都无法自证清白。UBW相关先写到这里，有空写HF，和切嗣以及魔伊士郎吧。开写HF线的士郎，包含剧透HF线是已通过前两线才能开通的路线，是圣杯战争的内幕，是真正的命运。我们还是要从士郎和樱的爱情说起，毕竟HF就算再怎么残酷，也只是一个boy meets girl的故事。樱在间桐家所遭受的一切相信大家就算没玩过HF线，也略知一二。在遇见士郎之前，她的世界一片黑暗，她只是机械的忍受着间桐家的折磨机械的活着，直到士郎在跳高时努力不懈不放弃的身影吸引了她，为什么这个人一直不放弃呢？她想着。由此对士郎这个人产生了兴趣，士郎也是一个足够好的男人，慢慢的发展成了每天早晚饭在同一个屋檐下的关系。卫宫士郎是间桐樱的世界里唯一的光，仅存的快乐，卫宫宅就是间桐樱的理想乡。如果要形容他们的爱情，日久生情最为合适。但是幸福并不平静，前两线引而不发的虫爷开始发飙啦，小试牛刀就解决了教会组两从者，c组一主两从。关键在于樱这个在第四次圣杯战争末尾虫爷埋下的定时炸弹开始爆炸。樱本身居然成为了正义伙伴打倒的“邪恶”，然后卫宫士郎在HF中最重要的选择（fate）来临：1，我要，坚持正义伙伴的道路2，我要成为樱的保护者fsn毕竟是游戏，玩家可以自由选择要走的道路，不同的人会做不同的选择，但是最后通向Ture end的才是卫宫士郎这个角色自己的选择。HF有两个BE格外的有意思，这是其中之一。如果选一的话会怎样呢？简直是卫宫切嗣的翻版。可悲，可怜，可叹。虽然蘑菇说红A在三线之外，但是我想大家都认为这是最接近红A的结局是有道理的。还好他不是卫宫切嗣，而是卫宫士郎。他在这个女孩最彷徨无助的时候抱住了她：那么就由我来保护 不管发生什么，就算樱想要杀了自己，我也会保护你我所知道的樱 就只是一直以来在一起的樱 怎么会因为这样就结束了呢 所以，约好了，我只做樱这边的正义的伙伴fate三线一直有承接的关系，如果玩家没玩过ubw，就不可能意识到这个选择对卫宫士郎来说是什么，卫宫士郎这个人，一直把正义的伙伴这个信念当成救命稻草一样十年，这是几乎是他精神世界的全部，就算读者不认可他的理想，也能通过ubw感受到他的执念有多深。放弃理想，等于将他的心杀死一遍。但是为了这个女孩，他没有犹豫的向自己的心挥刀。这个选择是HF线理念的一大冲突点，卫宫士郎自己和自己的冲突。读者们在这里观点也会冲突。究竟是像切嗣一样，杀少救多，甚至大义灭亲才是正义呢，还是像士郎一样保护自己身边的亲人优先才是正义呢？一千个读者有一千个答案，只是我觉得像切嗣和红A一样的话，太可怜，太可悲，失去的太多，殉道者的色彩太浓烈，不像一个人应该有的姿态，也得不到应有的幸福。卫宫切嗣究竟是怎样的一个人？ - 知乎用户的回答这是很久之前写过的关于卫宫切嗣的答案，我很喜欢这种殉道者色彩的角色，不过时过境迁，重新来看切嗣，我是可怜多过推崇，虽然他牺牲了很多，可是并不幸福。孟子曰：老吾老,以及人之老；幼吾幼,以及人之幼人理所应当的应以自己和自己相关的人为优先，也许不能成为英雄，不能成为正义的伙伴，但必然不会与身为人的幸福背道而驰。HF线接下来的战斗可以说是卫宫士郎慢慢自杀的过程。他移植了红A的手臂，虽然获得了力量，但用的越多越接近死亡。但是为了能拯救樱，他还是毫不犹豫的用了，森林战独自阻击黑化B叔。能坚定的站在b叔面前不退一步，这种勇气令人惊叹。用了之后的代价是什么呢，起源觉醒，自我意识慢慢消灭。士郎的起源是剑，他的起源觉醒也比较特别，身体里长出剑刃，是为万剑穿身。下面要说的是另外一个很有意思的BE，型月fans圈内著名的BE 38 士郎VS黑saber《FATE属性》鹤翼三连砍翻黑化Saber_实况解说是的，卫宫士郎亲手杀了黑化saber。如果不是蘑菇细致的心理描写，我真的很难想象他此时觉悟和心情。这段剧情有两个过程，正常的是士郎和rider联手击败saber，由士郎亲自下手。BE38是士郎没有获得rider的帮助，独自一人迎战saber，使用了红A的绝技鹤翼三连后，还没来得及补刀，就已经因为过度投影意识消失变成了一具空壳（使用这一招之前士郎的自我意识还剩下四成，投影之后剩下两成，和saber战斗时甚至忘了对方是谁，在劈下最后一刀的时候记起saber的名字大喊着，看的时候心情难以言表）。这一场战斗的悲壮，我认为是fate系列之最。最终决战，boss是当仁不让的麻婆神父。当时麻婆神父和士郎一样，基本上已经油尽灯枯了，士郎为了保留最后的投影次数，选择空手和麻婆神父搏斗，两个人说是打架，实际上是等谁先死罢了。最终还是麻婆先去了。接下来士郎投影了EX咖喱棒，因为这是他见过的最强圣剑，解放真名摧毁了圣杯（这是即使以红A的英灵之身都要以自灭为代价才能做到的事），又投影了Rule Breaker把樱从黑圣杯的束缚下解放出来。回家吧，樱。士郎微笑着对樱说，话语落下，少年也死去了。当然了，这毕竟是蘑菇的作品，他必然会给于笔下的角色希望和救赎。士郎死掉是NORMAL END，TRUE END是士郎被伊莉雅用第三法 Heavens Feel救了，用苍崎橙子的人偶重塑了身体，和樱一起幸福的生活在一起，而不是像NE一样让樱孤老终生。蘑菇在UBW尽力诠释理想之后，在HF线一百八十度大转弯，放弃了所谓理想是想表达什么呢？我想他应该是想说：不管理想如何远大，如何光彩夺目，如何令人心醉。在追求理想的路上，无论如何都不要放弃作为人该有的幸福。因为这才是人该有的样子。回到卫宫士郎是怎么样的人这问题上，在HF线里，他没有像切嗣一样为了风险最小化而对樱下杀手，虽然他说过只做樱的正义伙伴，也没有只为了樱就对其他人的性命弃之不顾。整个HF线他真正下手杀死的也只有已经黑化的saber。我相信他是一个足够善良的人，因为他在放弃做正义的伙伴之后，依然想着竭尽全力的帮助他人，并不是单纯的被这个理想所绑架，也正因为如此，对于无视樱的罪恶，依旧选择救她的代价，他选择了以自己的死亡赎罪。理想，正义，爱情这些话题我谈的已经够多了，回到原点来评价卫宫士郎他只是一个单纯，善良，笑容温和的少年而已终于写完了，这是我目前在知乎上最长的答案了，能让你们看到我真的很高兴。咳，刚刚看了UBW第二十集，看的我这个老爷们热泪盈眶，大家快去看啊（此人已疯）本来说好谈谈魔伊士郎的，结果发现魔伊漫画马上要有重大展开啊，等有更详细的信息在写吧。",其实仔细研究FSN原始文本的话，你会发现士郎这个角色挺恐怖的。后面的月系作品一直在强调士郎理想的那一面，把士郎描写成立香那种只要有机会出手救人就绝对不会退缩的超级英雄，把他往家政全能的居家好男人方向诠释。但你仔细盘一下的话，会发现原始士郎最大的特点不是理想。而是冷漠。我曾经思考过，当麻和士郎都是那种遇到问题就要出手的老好人，给人的感官差距却很大，他俩的区别到底在哪？最后我发现卫宫士郎这个人没有任何理解别人情感的能力。发现这一点的时候我整个人不寒而栗。士郎确确实实就是一个空壳，他一直活在十年前的那场大火里没有走出来。大家提到他空壳这一点，会更多注意到他病态的利他性，会去注意他从来不关心自己这一点。但实际上，士郎也从来不关注他人的内心。他就像一个旁观者，远远地看着那些享受普通人生活的人，感慨着他们真幸福啊，但自己内心毫无波澜。士郎确实是麻婆的同类，麻婆的特点是，只能从别人的痛苦中感觉到快乐，而士郎的特点是——无法认知其他人的痛苦。他会因为别人十分幸福的样子感觉非常美好，然后为了维护这种美好而去保护这种他认为的幸福。但他无法理解别人是否幸福。当麻总是一边喊着不幸一边被卷入事件，看起来很被动。但他做出的选择，全都是极为主动的选择，哪怕对方坚定的表示我不需要你帮忙，当麻也能一眼看穿对方的痛苦，然后挺身而出。表面上卫宫士郎是那种路见不平就会拔刀相助的人。但实际上卫宫士郎是一个只要事情不落到头上就根本无法发现问题的人。这就是为什么樱在他身边好几年，他根本无法get到樱的异常。还有为什么二爷性格那么恶劣，他却还能和二爷关系那么好。因为他甚至意识不到二爷身边的人对二爷那种隐藏的厌恶。在所有线路中，士郎都处于被动应对模式，只有问题找上门了才会开始应激，甚至三个女主角和他的关系，几乎全都是靠特殊事件强行推进。看FSN的原始文本会感受更清晰一点，士郎这个人，做事需要大量的心理建设，他会反复重复一些奇怪的废话，通过论证来说明自己行为的合理性。他所表现的温柔，对身边人的照顾，是一种纯粹依靠理性论证来推动的模仿。只要事情在他的认知区里，他就能通过理性分析出自己应该在这时候做什么。但他并没有发自内心的做这些事，他一直都对身边的人缺乏观察，他会武断的给身边的人打上标签，而这些标签几乎大部分都是错的。打个比方就是。如果看到一个鸟受伤了，正常人会因为“不忍心”而去救鸟。而士郎，他不会产生“不忍心”这种想法，但他会通过一通脑内推理，做出“一个善良的人应该救鸟”的判断，然后去救鸟。但如果这个事件超出了他的知识区，他就会表现出惊人的迟钝。为什么士郎特别享受别人求助？为什么他那么需要二爷？因为卫宫士郎，无法自己去发现别人是否需要帮助。只有别人的行为触发了他的开关，他才会开始行动。因为UBW的关系，很多人会觉得士郎的驱动力是看到切嗣幸福的脸而被冲击到了。而事实上，士郎的基础驱动力是对十年前火灾中受害者的愧疚。为这份愧疚，他强迫自己去做一个对世界有用的人。但他的本性，就是一个冷漠的空壳，对人，对己，都漠不关心。他憎恨自己的冷漠本性，又无法发自内心的理解切嗣的心情，所以只能以一种AI推理人类行为的方式猜测，拯救是一种幸福。 他吸收切嗣的理想，就是为了填充自己内心的那个空洞，试图用抵达切嗣的理想来获得幸福。为了能帮助他人，他就像一个机器人模仿人类一样，用知识取代共情，用各种理论去诠释对错。比如最经典的“女孩子就不该去战斗”。为何会有这种发言？因为那就是士郎的常识。士郎希望世界维持在自己的常识里，然后自己像一个维修工，四处巡视，把所有人都稳定在那个他认为是“幸福”的位置上。这就是所谓的“追求所有人的幸福”。所以你会发现士郎非常奇怪，他极为擅长观察细节，通过细节推测别人的想法，但几乎从来没有深入过别人的内心。三条线，都是别人来深入士郎的内心，士郎对其他人的内心挖掘全靠对方主动分享。为什么HF线的士郎非常奇葩？因为面对各种打破常识的选择，士郎的CPU已经直接烧了。他没办法继续用理性填充感性的不足，只能强行从内心深处唤起不多的人性，靠直觉去完成自己的任务。麻婆给出的选择，就是士郎最后一次在理性和人性之间摇摆。选择理性分析权衡，把世界拉回自己熟悉的模式，从此成为无情的维修机器。还是通过过往的回忆，拼凑起一个新的幸福图景，为维护这个图景而拼命。这也是为什么吉尔伽美什非常讨厌卫宫士郎的原因。金闪闪虽然是个傲慢的自大狂，但他非常欣赏人类主观能动性爆发出的力量。士郎看起来温柔勇敢正义，但他的身上欠缺人性。他只是一个伪物，一个试图模仿成人类的空壳，一个无法理解感情，只能通过模仿行为来假装自己拥有感情的机器。三条线本身就是这个机器学习变成人的过程，在三条线的最后，士郎的共情能力都有显著提升。但距离卫宫饭、魔伊里那个温柔好哥哥的形象，恐怕还有不少距离。,"在日式ACGN的故事中，女神倾心于男主，是大多数作品通用的情节。至于女神为何会芳心相许，这其中的门道就很多了。有的男主本来就龙傲天，颜值高实力强还懂撩妹，被女神喜欢是理所当然的。而那些不那么出众的男主，一句万能的“亚撒西”糊弄过去，多数读者也会心一笑，只要情节说得过去就接受了。然而，靠跳高俘获两位女神的芳心，这样清奇的操作，纵观整个ACGN历史，恐怕也难找出第二个。而这位男主，正是奈须蘑菇的作品《Fate Stay Night》中的卫宫士郎。他夕阳下的跳高，让远坂凛和间桐樱这一对姐妹从此就记住了他。然而，卫宫士郎在读者中却并不像他在作品中那样受欢迎。很长的一段时间内，卫宫士郎这个角色都不太受人待见，甚至还有“土狼”之类的蔑称。好在，经过了时间的洗礼和沉淀之后，卫宫士郎的风评最终趋向客观。现在提起卫宫士郎，大家的第一印象绝对不是“土狼”，而是“卫宫大厨”、“型月居家好男人”。为何卫宫士郎的人气会呈现出这样的走势？这与fate系列的动画作品推出时间有着密切的联系。人被杀就会死《FSN》的原作游戏，只能按照fate线-UBW线-HF线这样的顺序解锁。这三条线虽然在剧情上呈平行关系，但是，作为男主的卫宫士郎，却是在逐渐成长的。每一条线的卫宫士郎，都比之前线路的自己有着更强的觉悟与意志，面临的考验也越来越艰巨。通关游戏的玩家，当然会在一开始就对士郎这一角色有个全面的认知，然而，不得不承认，动画的扩散能力比游戏强太多了。大多数的观众，都是通过动画来了解fate系列，而fate系列的第一作，正是06版的《fsn》动画。这一版动画，对士郎的风评造成了灾难性的影响。首先，fate线的故事中，士郎本来就不是很讨喜。fate线并不是士郎的故事，而是saber的故事，saber才是这个故事中的绝对主角。士郎的人物塑造很薄弱，“正义使者”这一理想，也没有被深入剖析。他在fate线中的主要作用，就是将saber从自己的悲愿中救赎出来。因此，游戏党应该能理解“士剑”这对cp内在的合理性。可是，在其他方面，尤其是战斗这种最直观的事情上，士郎的表现实在乏善可陈。除了一次开挂投影石中剑七杀、两次开挂投影阿瓦隆保命之外，常规作战中士郎本人真的就一直吃瘪。（对，游戏中fate线士郎甚至无法投影干将莫邪）而在deen社制作的动画中，因为强行魔改塞入了部分UBW和HF的情节，士郎虽然是可以投影干将莫邪了，但是，他本来就薄弱的人物塑造又被削了。这个动画中的士郎，在观众眼中就是这么一个角色：只会空喊“正义使者”的口号，本身却是战五渣，战斗全靠开挂或者身边的女角色带飞，即使这样他刚开始还坚称“saber不该出去战斗”……千言万语汇成一句话：真不知道saber是怎么看上这个小子的，也许是因为他会做饭吧。而让这一切雪上加霜的，是油管知名漫评人gigguk在吐槽《fz》和《fsn》的视频中拿出来玩梗的那句话：“人被杀就会死。”这句话出自士郎之口的话，单独拿出来看就像废话，一时间，这句话在欧美的宅中流行起来，大家都开始玩梗，不少人真的以为士郎就是个只会说空话的角色。后来，国内的漫评up主也开始拿这句话玩梗，于是这个梗也就一路传到国内宅圈中，卫宫士郎风评被害不可避。其实这句话放在语境中去理解完全没问题。当时是士郎和saber奔赴柳洞寺的决战前夜，士郎决定把剑鞘从自己体内取出来还给saber。他说，因为这个剑鞘，自己的恢复能力一直超乎常人，所以才能屡次受重伤还能恢复过来，在不知不觉间，他也许已经过于依赖这个剑鞘了。但是这样是不对的，人被杀就会死去，这是天经地义的事情，所以，是时候把这个东西物归原主了。放在这个语境里，这句话一点也不多余，是士郎觉悟的体现。成侠之路2014年UBW动画的播出，是卫宫士郎形象的一个转折点。从这部动画播出开始，卫宫士郎在观众眼中的形象，就从fate线中不知天高地厚的愣头青，逐渐成长为“卫宫少侠”、“卫宫大侠”。时隔8年之后再度出现在荧幕上的卫宫士郎，在颜值上就已经升级了一波。眼睛更加炯炯有神，下巴也尖了一些，头发更加翘起，更有热血漫主角的感觉。还有这身简单干练的运动服外套，这件外套一披上，简直就一活生生的“钢铁直男大变身”的极好例子。更重要的是，比起fate线以saber为绝对主角的故事，UBW的故事重心，几乎都放在士郎的身上。在fate线的故事中，卫宫士郎是一无所知的坚持自己的理想；而在UBW的故事中，卫宫士郎被告知了自己完成理想的结果：“喂，前方可是地狱啊。”来自未来的自己红A记忆苏醒，而他与士郎之间理念的碰撞，让士郎充分认清了自己的理想的本质，和理想的末路。他的理想只是借来的，甚至是伪善的自我满足，他的理想末路，是不被任何人理解的死去。即使在这种情况下，士郎依然给出了答案：他不会放弃“正义使者”的理想。他那原本听上去虚无缥缈又不切实际的理想，也因此有了重量。而且，士郎在UBW线中的战斗力也有了显著提升。不仅能和未来的自己打得有来有回，还能在凛的魔术回路支持下重现无限剑制，正面硬怼从者天花板金闪闪（不认真模式）。卫宫少侠，名不虚传。干将莫邪，一刀断肘。而最近上映的HF线电影中，士郎的形象更是提升到了一个全新的高度。在UBW线中，得知了自己悲惨末路依然未曾放弃理想的士郎，在HF线中却为了樱放弃了“正义使者”的理想。“我只做樱一人的正义使者。”正是因为看过了UBW士郎在红A的灵魂拷问面前也不曾动摇，我们才能理解这句简单的誓言背后沉甸甸的重量。这是一句将士郎的理想与意义一并葬送的誓言。在HF线中，士郎在刚开始就失去了自己身边的最强战力saber，中盘的时候就连他的盟友凛也失去了红A。所以，战斗的任务，几乎全都压在了士郎一人身上。在明年春天的HF第三部中，观众也会看到一个无愧于“卫宫大侠”之称的士郎。只有完整的了解三线的剧情，才能全面的理解卫宫士郎这个男主角的形象。看过了fate线中士郎和saber理想的对比，才能理解UBW线中士郎在红A面前掷地有声的回答：“我们一定是不一样的人。”看过了UBW线中士郎对自己理想的坚持，才能明白HF线中那句雨中的誓言究竟有多沉重：“我只做樱一人的正义使者。”和saber、金闪闪、红A等劳模一样，士郎也开始型月其他片场友情出演，而在这些片场中，他的“成侠之路”也依然没有停下。在魔伊剧场版《雪下的誓言》中，美游世界的士郎，为了拯救妹妹美游，化身“卫宫巨侠”。拿着空白职阶卡，独自一人打穿圣杯战争，最后还脸接EA，成功把美游送到了充满希望的平行世界。而FGO的1.5.3剧情中，士郎成为日本传奇刀匠千子村正的凭依。他锻造出的刀剑，斩断的不仅是躯体，还有执念。徘徊于世间的亡灵，被执念蒙蔽了双眼的英灵剑豪，还有穿越了无数平行世界无法拯救岛原、陷入绝望的天草。他一剑落下，恩怨两断，宿业两清，实属“卫宫神侠”。永远在奔跑的少年从不受人待见的愣头青，到如今的“卫宫巨侠”、“居家好男人”，卫宫士郎这个角色越来越受欢迎。然而，和吉尔伽美什不一样，吉尔伽美什的风评上升，本质是因为作者的安排、剧情的需要，而卫宫士郎这个人物，则让我们确实看到了他的成长。卫宫士郎其实一直都是那个夕阳下坚持跳高的少年，从来不会因为挫败而放弃。曾经被许多人认为是“战五渣”的他，实际上是个魔术天才。魔术师靠家系传承才能积累魔术回路，而士郎身为第一代魔术师，就已经靠自己的练习开启了27道回路。而且，因为切嗣不想让士郎走进魔术师的世界，他还教了士郎错误的方法。不过，即使是魔术天才，他这27条魔术回路也不是白拿的。他每一晚都在工房里练习，不断试图突破自己的极限。按照樱的话来说，他的练习，无异于“拿刀子刺穿自己的喉咙”。他每一次试图强化什么，都会在自己的身体里重新打开一条魔术回路。在这样的不懈努力下，他才开启了这么多魔术回路。如果没有十年如一日的坚持，他根本不可能积累这么多魔术回路，当然也就不会被圣杯选中，开启自己的命运之夜。即使有幸被选中，他也没办法经受住那一次次生死考验，最终达成完美结局。那个在夕阳下尝试了无数次跳高的少年，最终一跃跳了过去。卫宫士郎“正义使者”的理想，或许正如蘑菇所说，只不过是出于一种自我满足。而且，这个理想本身听起来也有点幼稚。因为十年前的灾难中，那么多人向他求救，却只有自己被切嗣救起。独自苟活的他，只能以“不求回报的帮助他人”来弥补自己内心的忏悔。但是，无论这个理想本身有多么伪善，无论这个理想听起来有多么可笑，士郎却能把这一理想贯彻十年，这个行为本身，就已经让他的理想不是笑话了。而且，还是那句老话_“It is not who you are underbeneath, but what you do, that defines you.”能一直坚持做好事，不管其初心如何，他也是毫无争议的好人。士郎的起源是剑，“此身为剑所天成”，这句话用来形容士郎真是再合适不过了。他本人也像是一柄利剑般，不折不弯，坚若钢铁。他所坚持的事情，绝不会轻易放弃，即使无数次遭到挫败也是如此。这，也许就是那夕阳下的跳高，真正的动人之处吧。",知道电车难题吗？神父不会去碰拉杆；切嗣会选择牺牲少数一部分人；金闪闪会双轨漂移；而卫宫会站在铁轨上，用肉身拦住电车，再先受害者一步被撞得粉碎，因为他不想任何一边的人因为他牺牲。卫宫要是真能拦下电车，那叫失败的曼也合理。什么叫卫宫巨侠啊。,某一个时间线的卫宫士郎被阿赖耶识看中了。阿赖耶识看卫宫士郎骨骼精奇、性格一筋，很适合当守护者，就给了他画了一个饼，给了个offer。士郎签了这个offer之后，成为了红A，才发现这是不受劳动法保护的永久卖身契。这也算了，结果干久了发现，明明自己是想要救人，干嘛一路在杀人，跟说好的不一样啊。红A干着干着就后悔了，正好圣杯战争是从阿赖耶识的员工里挑人的项目，让红A遇到了当年的自己。红A就想试试杀掉这个自己，看看能否毁了这个offer。红A应该是知道成为守护者的自己已经超脱因果了，其实杀了士郎不会有什么影响，所以没有下死手，于是就是各种剧情了。综上所述，士狼、红A的理想都没错，问题出在了阿赖耶识这个大忽悠身上。,老虎【士郎的性格很乖僻呢】远坂【你的生存方式很扭曲】红茶【那个男人（切嗣）的笑容诅咒了你一生】士郎【我之所以会如此厌恶言峰绮礼的原因，大概是因为我们都是同一类人】,卫宫士郎的角色设定，是和久远寺有珠那样没有模板，在型月里也是完全独树一帜的人物。卫宫士郎的关键词，无疑就是”正义使者“和”伪物“。他和卫宫切嗣的重叠部分---作为殉道者的信念都是十分强大的。但卫宫士郎这个人的强大，是建立在“虚假的自我”上的强大。在日本的很多作品当中，都经常会针对真物（ほんもの）和伪物（にせもの）进行探究和展开故事。比如物语系列当中对于这个主题的篇幅是相当大的。虽然论叙手法是百家争鸣，不过就我个人所知，在此类作品里都是倾向于把“真物“和”伪物“放在一个天平上，而不是放在对立的位置（二律背反）。比如物语系列中就提到”伪物可以比真物更有价值”真实的自我，就是没有外界过度影响下，你自然而然而且最想要成为的那个你；虚假的自我，最大的特征就是追求自我的理想化，追求荣誉和优越，渴求外部认同，拥有病态的雄心。卫宫士郎的成长过程，让他“虚假的自我”十分的强大：突然遭遇到灭门之灾，又在绝望之中戏剧性的被切嗣救起。这个过程，几乎就是一个自我崩溃后再次重建自我的过程。而造成他虚假的自我盖过真实自我的契机，我想就是十年前切嗣死前与卫宫士郎的那段对话吧。切嗣：在小时候，我向往成为正义的伙伴士郎：什么啊，曾经？结果你放弃了吗切嗣：恩，很遗憾，英雄是有保质期的，等到长大时候，也就不好以此自称了这一点，我如果能早一点察觉到就好了，士郎：原来这样，这样就没办法了啊。切嗣：说的对，真的是没有办法啊。士郎：恩，既然没有办法了，那就由我来代替你吧，父亲你既然是大人所以不行但我还是没问题的吧，交给我吧，父亲的梦想由我来实现切嗣：是吗，那我就放心了虽然看上去是充满希望和传承的对话，但实际上切嗣并没有好好的完成和孩子的“别离”士郎对于切嗣几乎是全盘接受的，缺少了一个“反抗”的过程，这导致他不能很好的认知自己，在这一点上，凛和樱也几乎是同病相怜。凛在故事里的行为模式，几乎可以归结为“家训和父亲的教诲”以及与她还未抹去的青涩所不相称的过于出众的才能所致。追求圣杯只是为了完成父亲的遗愿，在魔术师的准则和亲妹妹之间居然会选手刃妹妹，这简直让我难以接受。反倒是小日常中那个贪财傲慢的小细节让我觉得更有真实感。但在所谓的“家族夙愿”面前，这些元素她也轻易的可以压在脑后了。由于一开始这个角色的“完美属性”的印象太重，让我在打HF线的时候一度很讨厌凛这个角色，反而觉得她是为了剧情走向而这么设置出来的一个空虚模板型人物---直到我把HF线打到了最后。某个恶意满满的BE中，凛被樱吞噬，在樱的体内遭受了被虫子凌辱的待遇，那一刻凛身上所有的优越和骄傲都被打破，哭叫着向樱求饶。对于凛的真实感也终于从那个BE当中找了回来。“啊，原来这家伙也是个可怜的孩子啊。”再来说回士郎虚假的自我的本质和意义，一是为了缓解自卑和罪恶感（只有自己活下来），二是为自己活下来的意义寻求一个方向（成为正义使者）其实在游戏当中是有很多证据可寻的：病态的执着（不成为的话是不行的）；关心是否强大（每天冒死修炼魔术）；觉得自己不配活得比别人幸福（从不考虑自己）。卫宫士郎绝对不是想要寻求解脱一死白死，他的求生欲望还是很强烈的。只是只要一把自己和别人放在天平上，他就会毫不犹豫的选择别人。想要成切嗣那样的正义使者这个执念，成为了”虚假自我“的养分。从那个时候起，卫宫士郎心中”真实“与”虚假“的自我，以不成比例的速度成长，最终的结果大概就是成为红A吧。虚假的自我的建立是一个“契机--逃避--接受”的过程。游戏里的士郎，正处于一个逃避的时期，故事展开的时期选的十分合理。蘑菇说过红A不属于三条线中的士郎，但反过来说，除了这三条线，士郎成为红A都是注定的。在这个过程中，虚假的自我打压着真实的自我，活得非常辛苦和别扭。在游戏当中被麻婆揭开伤疤的时候，士郎几乎是五雷轰顶濒临精神崩溃（基本焦虑）FSN的三条线，尤其是HF线中，不少人都说是樱的救赎。不过在我看来，真正得到救赎的是士郎才对。而且无论哪条线，士郎”真实的自我“都确实得到了成长，回避了最悲哀的红A结局。UBW线中凛虽然没有完全救到士郎，但也没有完全失败，采取了一种疏堵结合的办法--在守卫士郎的理想同时，想办法让他更注意属于他们的生活，倾听到那个弱小的自我的声音。在樱线当中，士郎对樱的感情则让真实的自我产生了强烈的反弹。它想要成长，想代替虚假的自我，想要和樱有一个幸福的未来。相对的，樱也极力挣扎，有生以来第一次反抗爷爷，反抗姐姐。虽然结局是十分，但他们最后都找到了自我，更让我觉得真实。只有樱线里，士郎的呐喊才句句扎进我的心里。那个不断和虚假自我对抗的士郎，就如同他的魔术一样----“卫宫士郎的战斗，是自己与自己的战斗”比起那些弱智后宫番的男主，卫宫士郎不知道高到哪里去了，麻烦不要随便打上个中二标签可以么？再来讲讲别的。在本作中，真物和伪物的界限，个人认为是被模糊掉了的。是不是真伪并不重要，重要的是你想要成为什么。即使起点和切嗣有决定性的差距，一辈子都只能是个模仿者，就和他的魔术一样是个FAKER，但只要贯彻到底，最后士郎还是完成了理想，即使陌路十分悲惨，但给其他人确确实实的带去了幸福。伪物只要蕴藏着想成为真物的意志，伪物就比真物更加真实-----贝木泥舟成为红A的士郎，或者说在成为红A之前，生前的末期的那段时间，心理层面上已经是一个“接受”的阶段：承认自己是伪物，但坚定的认为即使如此这条路也绝对没有错，因此在游戏中总是能一针见血的戳破士郎心理那层纸。有时候觉得老虚 西尾 蘑菇这几个“病友”真的是三观高度一致，FATE和“物语”虽然无论是载体和故事类型都截然不同，不过我确确实实感觉到了相似的地方青春，就是成为真物的物语,抱着“帮助他人，让大家幸福”的执念却身处战斗系世界当然会变成自走型FLAG，你看他要是转去料理系世界就没事了。,忘了在哪看的 侵删卫宫士郎一共9个版本：1.伊莉雅哥哥：温暖少年，助人为乐，药王附身，家庭主夫，女难之像，后宫之王，幸福美满的人生赢家——卫宫基础2.骑士王恋人：意志如铁，怀抱理想，尊重亚瑟，为爱放手，孤独一生，灵魂剑鞘，无悔孤独的机械人生——卫宫机械3.远坂凛恋人：意志如铁，认清理想，头破血流，不惧毁灭，视死如归，校花相伴一生，无悔的美好人生——卫宫少侠4.间桐樱恋人：意志如铁，放弃理想，一人骑士，起源暴走，为樱赎罪，为樱战斗到死，无悔的普通人生——卫宫大侠5.美游的哥哥：意志如铁，背弃理想，失去一切，透支未来，为妹而战，打穿圣杯战争，强如鬼神的妹空——卫宫巨侠6.远坂凛从者：意志如铁，理想反叛，坚持到底，毒舌傲娇，白毛黑皮，自我厌恶典范，随手核弹的剑仙——卫宫红侠7.扎比子从者：意志如铁，坚守理想，无名英雄，高级教官，红老妈子，正义的体现者，随手核弹的剑仙——卫宫佚侠8.杀生院宿敌：嗤笑铁心，腐朽一空，以杀证道，黑碳涂身，浑身爆裂，反抗菩萨欲望，守卫人理而堕落——卫宫黑侠 9.村正大剑豪：一生贩剑，如痴如醉，坚定不移，老当益壮，正版刀匠，神造大佬，恐怖如斯的终极刀痴——卫宫超侠简单的说：1.校园后宫王美滋滋2.我梦想成为一名正义的伙伴。3.我TM就是要当正义的伙伴！！4.我只做樱一人的正义伙伴！！5.正义给老子去死！还我妹妹！！6.在正义的理想中溺死吧！！卫宫士郎！7.正义的伙伴，我已经想通了！！8.去tm的正义伙伴，能干死杀生院吗？！！！9.正义是什么？能铸成刀嘛？食我天从云,首先我真没觉得士郎哪里中二了，你把幸存者愧疚的心理定义为中二？中二是自我意识过剩吧士郎哪点符合了？士郎是一颗纯粹的原石，三线不同的经历可以将他打磨成不同的形状fate线追逐着星星的少年，UBW线朝着荒野一往无前的少年，HF线承受诸多痛苦保护心爱女孩的少年这样的士郎，在我心中是闪闪发光的,"【FATE】 士郎：我的梦想是成为正义的伙伴！
saber：我也是♡【UBW】 士郎：我就是要当正义的伙伴，我疯起来我自己都打！ 红A：抱着理想溺死吧！【HF】士郎：我呐，要做撒苦辣一个人的伙伴。 撒苦辣：仙贝❤【KL】美游哥：艹！还有谁？！要做正义的伙伴！ "
fate系列中伊斯坎达尔的王之军势是否被高估?,https://www.zhihu.com/question/405855514,王之军势被评定为Ex级的对军宝具，虽然我承认它的效果确实像它的评级那样难以评估，但是它在圣杯战争这个舞台上去似乎并不是十分强力。以伊斯坎达尔的人物设定分析，在遇到强敌时，他应该会采取带头冲锋的战术。而在rider的职阶技能骑乘的帮助下，他的速度是要领先其他人一大截的。如果是兰斯洛特佐佐木小次郎这样专心近战的英雄来做他的对手，伊斯坎达尔是完全可能被一击秒杀的。退一步讲，只要拥有长射程或者带霸体的高威力宝具，也完全可以对缺乏爆发输出能力的伊斯坎达尔执行斩首战术。以同为rider的美杜莎为例，骑英之缰绳完全具有秒杀伊斯坎达尔的力量。如果是赫拉克罗斯这样具有强防御力的英灵，又或是assassin或Lancer这样跑得比较快的英灵。则可以拖延时间，等待对方master的魔力耗尽。（那我说百貌之哈桑能通过林间跑酷追上爱丽太太的跑车，结果后来却跑不过一群没有职介加成的骑兵，这就是他妈离谱）而且如果自己的master没有一起被笼罩在王之军势的范围内，servant完全可以通过灵体化来拖延时间。事实上，直到目前为止，我仍未知道任何可供参考的、对抗灵体化逃跑这一举措的方法。,只能说，月球大帝出生在一个战力体系“田园牧歌”的时代：大家都在地上打，最作弊的也就金闪闪维摩那天上飞，美杜莎天马冲撞之类。这方面，大帝有牛车可以飞，还有与逼格刀片厂同类型的固有结界，看起来完全不输别人。后面Fate宇宙进一步爆炸，故事舞台进入宇宙空间乃至平行宇宙，大帝没光炮一类的爆发大招就成了巨大的劣势……呆毛靠社长厨力放出堆马甲（而且有梅林在，鬼知道亚瑟宝库都有啥玩意），金闪闪有万解王财，大帝势单力薄没法加强，最后只能跟另外两位王越拉越远。话说Fex系列中，大帝主要攻击手段也是战马/牛车冲锋，牛车碾压以及放雷。宝具是召唤王军长枪齐射……游戏为了平衡，王军伤害跟咖喱棒EA差得不太多，而且都是全屏攻击，但这玩意的实战效果嘛（摊手）。不过有一说一，在rider可以骑摩托/小电动车，开船，踩冲浪板甚至啥都不骑当替身使者（划掉）的时代，依旧以牛车和战马作为主打手牌的大帝，可以说是月球骑兵清流了（泪目）。啊这，没想到抖机灵的回答这么多赞……我多说几句切题的吧。战力之外，老虚设定出大帝的王军放在fz里看是比较巧妙的。一方面，固有结界是持有者心象风景对现实的暂时覆盖。大帝的王之军势作为他的心象风景，是他前往尽头之海的梦想的具现，也是他征服王胸中王道的凝结。王军之于大帝，具有高度符号化的特点，跟UBW之于红A是类似的，我认为称得上是老虚对固有结界设定的“企业级理解”。另一方面，剧情后半大桥双王战中，王军挑战EA也具有高度符号化的特点。王军象征大帝热血的理想，EA象征无情的现实/世界法则，前者对后者发起挑战，正对应了伊斯坎达尔生前必将失败的东征，带有悲壮的浪漫主义色彩。即便如此，大桥战却不是简单的重演——最后金闪闪（有神血）承认大帝的灵魂，允许韦伯传承大帝的意志，让韦伯寻找自我价值之旅最终得到了意义。因此，不论战力的话，王军的设定和运用是非常巧妙的。只看fz内部，王军在各种意义上都没有矮人一头。,大帝这个军势其实很尴尬。不是说不强，对普通从者和没有高防御高杀伤的从者的确威力无双，但是相对的，对高防+大规模宝具杀伤的从者真的不够看。基本算是top检测器的那种。因为top级从者基本都有强大的防御宝具和杀伤宝具。王军这有一个麻烦，就是死太多了会崩溃，因为王军的固有结界魔力是所有王军一起负担的。本质也是固有结界。因此如果被大范围杀伤，或者对方有破魔术宝具，真的很苦手。金闪闪不提了，对界宝具EA直接莽上去王军完蛋。呆毛理论上也可以，excalibur是可以360°扫射使用的，出处见FHA呆毛守大楼。誓约剑发动速度也非常快，设定中是不到1s，才不会像动画那样摆pose摆半天。拿回剑鞘的话，按fsn最终战能靠自己的魔力打三发光炮。黑呆更不要提了，连发、连发、连发就完事了。大帝偶像阿喀琉斯，希腊最速，要射他脚后跟很难，不凋花没有高等级神性破不了，大帝神性只有D，速度上也赢不了。还不算持有的铠甲、世界盾、战车和枪。齐格飞也是，想办法捅中菩提叶吧，不然也是破防艰难。小太阳同上，先破黄金甲再说。黄金甲变成枪一次性扔了的话，大帝也基本没了。这玩意儿在FA是把世界盾弄没了才防御住。B叔十二试炼，不到A不破防，白刃战五战无敌，也是打不动。如果召唤披狮子皮的，更变态。2.51狮子皮B叔在希腊众多Caster加持后可以接一发一个岛的月神卫星轨道炮两次。所以王军就面临这么一个比较尴尬的境地，在战力论战中，打顶尖top打不过，虐top以下不是相性苦手也没问题。因为这个尴尬的定位，所以大帝一度被嘲讽为带弟。另外，相性苦手是指R姐这样的，R姐宝具缰绳才是这个A+对军的正体。而高机动，高防御的天马，只是她召唤的。R姐的石化魔眼也必须要高对魔（cm3）或者高魔力（游戏描述）才能防御，防御成功也要吃重压效果。本来大帝的王军的确有可以防御这个的魔术师，事件簿的Faker。奈何Faker拒绝出现在王军中。而R姐还有单独行动C，没有master也能持续现界，最可怕的是，她杀疯了会变戈尔贡，见FHA。补充:王军另一个弱势是没有宝具。没有宝具真的是硬伤，全靠大量王军平A。所以这也是对持有高防御宝具/技能从者的弱势。,初期的呆毛：被狗哥偷，被美狄亚偷，打看门大爷有来有回。后期的呆毛：一个人的圣杯战争，一言不合Excalibur。初期的R姐：肉搏和凛打的有来有回，被人民教师拧断脖子。后期的R姐：睁开眼睛就是秒杀，杀人多了还能变戈耳工。初期的金闪闪：不慢心怎么当王，被士郎砍手断头。后期的金闪闪：千里眼未来视，一言不合拔EA。初期的狗哥：死棘除了自己没干掉过人，被咒腕偷了心。后期的狗哥：狂王。初期的大帝：傻了吧爷能飞，打不过我还人多。后期的大帝：被对人对城对军对界宝具还有能飞的包围，军团里好不容易有个牛点的还拒绝军势召唤。面对一众被作者史诗级加强的老对手和出生即巅峰的新对手，一个补丁都没打上仿佛还丢了点什么的的大帝骂骂咧咧的退了群。,首先说结论：大帝这个英灵是非常标准的一流英灵，但是现在整个大环境战斗力膨胀太厉害，所以大帝这种比较朴实的一流选手就显得很菜了。我们先定下来这么一个对比的标准：一个白板的阿尔托莉雅是100分。然后阿尔托莉雅的宝具瞬间爆发可能能达到200AOE，但是一个普通的御主只能支持她放一发宝具。然后阿尔托莉雅还有魔力放出技能，平时输出可能是在110到120左右，然后获得了阿瓦隆之后还有一个短时间的无敌护盾，身上常驻一个高等级的抗魔，免疫很多比较普通的魔术，这基本就是阿尔托莉雅在圣杯战争中的实力了。那么大帝呢？白板基本上也差不多100分，然后宝具牛车让他能基本上常驻120以上的战斗力，宝具王之军势可以让他召唤大量50和少数50到100战斗力的人围殴别人……然后就没了。不过大帝这个配置倒是可以比较轻松玩死不带护甲的同级或者更低级别白板敌人，甚至包括阿尔托莉雅本人。大帝这个宝具，可以说是DPS和防御检测器了，肉的一比的同时持续输出很足。阿尔托莉雅如果没有无限供魔能打出三发以上的宝具，很有可能会被王军磨死，毕竟她没出护甲。金闪闪其实属于钻了一点小漏洞的选手。他虽然白板也基本上就是100分左右，但是带了一个针对神性的强控天之锁，然后王之宝库是攻速极快的100伤害而且耗魔不多，大招EA的瞬间爆发可能超过300，可以说全身都是AOE，王军被这个专业AOE选手打崩是非常正常的。FZ里大帝基本上除了闪闪以外谁都能打，一对一正面都不虚。FSN里，除了闪闪和赫拉克勒斯以外也是一对一完全不会虚的。这里重点再说一下FSN的狗子和赫拉克勒斯。狗子近战白板也差不多是100，还有避矢加护和战斗续行，对战能力还可以。但是并不是在爱尔兰召唤没吃到本土加成，然后宝具也倾向于单挑和穿防，威力可能也就120左右，但是穿透力极强。狗子如果跟大帝打，那基本上就是完全被磨死的命。赫拉克勒斯就比较强了。白板加狂化可能有150以上的常驻威力，十二试炼能够复活十二次并且免疫B级以下的宝具，并且每被杀死一次还会提供相对应的高额抗性。虽然失去了理智和武艺，但是战斗直觉还在，动作也非常灵活。赫拉克勒斯要是能有足够的供魔基本上可以在王军里开无双，王军打他完全不破防的。不过赫拉克勒斯的耗魔非常恐怖，基本上也就伊莉雅这个小圣杯能撑得住了。然后接下来画风就不对劲起来了。FA里出现了齐格飞和小太阳这种超一流英灵，防御梆硬的同时还有超大范围的光炮。还有大公这种吃本土加成吃到了极致的选手，覆盖整个国土而且能从别人体内爆出来的桩AOE。对上这种人手超大AOE或者高护甲的对手，大帝作为一个朴实的一流选手，一点办法没有。阿尔托莉雅后来也打了补丁，说她手里的圣剑啊，是封印状态，完全解封的爆发力是能射爆白色巨人的。所以阿尔托莉雅如果开满配大号过来也是能一个宝具把王军蒸发掉的状态。然后又到了FGO，就更加离谱了，什么兽啊，异星神啊，神灵级的英灵啊，都冒出来了，输出面爆炸，防御面离谱。大帝这种朴实的一流选手和赫拉克勒斯这种朴实的破格选手跟那些真正的挂壁比起来就蛋碎一地了。只能说大帝作为一个朴实一流从者，被大环境淘汰出了强者的圈子。一开始在圣杯战争中召唤出来确实能属于SSR级别比较强力。但是后面UR，MR，MMR，SMR，SSMMR出现之后，就不能称之为强者了。,不请自来   根据题主提出的几点问题，逐点提出我的看法和广大月友讨论～～先放结论：并没有被高估。一.【遇到单挑高手，大帝容易被秒杀】    我认为这句话只对一半，而且与【王之军势是否被高估】没有逻辑关系，而且进一步说明了：正是因为大帝并不是单挑型选手，王之军势最大限度弥补了大帝的短处，是为其贴身打造的杀器。    这里想先问问各位御主两个问题：1.如果你是大帝的御主，你会下令大帝与对手单挑吗？2.大帝是一个沉迷肉搏的战士型选手吗？    这位玩家，他很肉，很幸运（库丘林：是个人都能躲？）最大的短板是敏捷不突出，但是每次大帝出行，必定在【神威车轮】或者【爱马布西发拉斯（Βουκ·φαλο）】作为移动基础（都会飞）才露面，在征服王粗豪外貌下是无比冷静的战斗头脑——这是一位战术型选手，当初三英战狂兰的时候，大帝看准时机，一击将黑骑士打得再起不能（猥琐如我会直接下令将蹂躏范围锁定为包含呆毛，刷子和狂兰在内，金闪闪估计即使能打中也会有奇怪宝具护身不强求了），将AOE调整成单体输出，成功令各方罢斗；这里我自己为大帝的总结的关键词是：存活、高机动、团战发动机；保持中距离是大帝最理想的战术距离，既可以观察战场，随时切入或撤退，要打但是打不过也有时间开军势，在剧情中也非常明显地能看到每次大帝想要近身莽都悲剧了（莽呆毛、莽闪闪），所以遇到单挑高手，除非剧情杀，大帝不莽是不容易被秒的，血厚幸运高机动，是真的不好杀。————————我割———————————二.【长射程或广范围带霸体宝具可以秒杀大帝（Rider美杜莎）】     同样的逻辑问题——王之军势：你杀你的帝，我牛我的B    这里题主提出针对大帝的斩首攻略是没有错的，假如红A这类攻击半径足够远的英灵（还有鹰之瞳这样的狙击特化buff锁定目标）来一发伪.螺旋剑，大帝必然很难受，当场打死我都觉得很有可能，但是说到R姐的宝具，小杨又要脑补了。      在原作、游戏、动画中，我们发现R姐与大帝不同，从来没有将天马作为一般的移动技能，而是决战和逃命手段，我们能看出与大帝相比，R姐瞬时速度高，大帝平均速度高，R姐与大帝的相性其实很不好，互相苦手，为什么我会这样认为呢，R姐的宝具描述是这样的：【骑英之缰绳（ベルレフォーン，Bellerophon）等级：A+；种类：对军宝具；攻击距离：2~50；最大捕捉：300人】说明：美杜莎拥有的最大的攻击方法，攻防都具有超常的能力的强力宝具。没有单体效果，并非用于1对1的战斗的宝具，而是能扫灭广大范围的“对军宝具”。是缰绳与鞭子成对的珍稀类型的宝具，可以飞跃性地提高召唤出的幻想种的能力。实际攻击的时候，美杜莎会骑上被强化的幻想种，进行人马一体的突击攻击。另一边：【王之军势（Ionioi Hetairoi）等级：EX种别：对军宝具距离：1~99最大捕捉：5000人】说明将生前部下作为独立Servant进行连续召唤与敌人作战的固有结界（没有咏唱呪文的必要）。当人员们召唤完后便组成一个几万人数的军团。军团的全体人员都是货真价实的英灵，但是限于征服王的能力，军团中人员全部没有宝具。同时他们是以Rider的能力召唤出的，并没有按照圣杯战争的规则而被分配到特定的职阶，所以全员也都没有职阶和职阶相关技能。其中零星存在比征服王本人还强的英灵，这是因为虽然伊斯坎达尔的功绩巨大，但他个人的武力没那么优秀。    辛苦大家看完大段的文字，如果你能坚持看下来，一定会和我产生同样的感受：Rider职介一定要坚守住别莽，金色saber让你有种就试试的话你就别特么试，因为试试就逝世 ‍♂️ ‍♂️    同样作为对军宝具，天马从范围、持久来说压倒性逊色，爆发力压倒性超越，大帝的固有技能【领袖气质A】（群体buff）以及【军略B】（官方说明：并非一对一的作战，而是团体战斗中的战术有着敏锐的触觉，在我方对军宝具的使用和对方对军宝具的防御的能力方面有着附加效果）对群体战局起到特别大的作用，R姐的固有技能魔眼A+、怪力B、单独行动C的技能组主要强化了单兵作战特别是暗杀的方向（飞马撞人这种对于大帝苦手的海魔有奇效，扛衡王之军势的话，确实不够格），大帝作为一个肉盾型兼备Aoe技能的胖子（敏捷D但是爷会飞就离谱，军略技能还针对对军宝具不怕互殴，可惜乖离剑…）令我觉得游走大帝加王军的组合比R姐占优。————————我割——————————三.对方灵体化逃跑问题    其实针对题主这个疑问，是不是可以理解为当初百貌哈桑对上王之军势的时候，只要灵体化就能安然无恙？？    不是的，灵体化是针对人类这种实体化存在而言的虚化，英灵本身可显化实体和虚化，彼此之间可以相互干涉，否则全体英灵虚化比憋气那圣杯战争就沦为实实在在的鬼躲鬼比赛了。    针对英灵的有效灵体虚化，目前各部作品比较有效的体现应该是哈桑系列的气息隐蔽技能了，而即使升华为哈桑级别的技艺，设定写明在攻击瞬间气息隐蔽会失效，否则这技能也太逆天了。    结合设定，灵体化最多欺负下人类，稍微高阶一点的魔术师都瞒不了（包括一众或愉悦或严肃的神父），更别提英灵了。————————最后一割————————私货时间～～～    这里看到部分小伙伴表示，直线型光炮选手可完破王之军势，在这里我想唤醒大家一点点记忆：在三王会谈时，百貌包围了整个庭院，而王之军势初次起动后，百貌的位置被移动到阵前任大帝鱼肉，而本来被包围的呆毛、夫人、韦伯、闪闪则被传送到征服王靠后的位置保护起来，在这里我得出一个结论，当陷入【王之军势】的世界里时，大帝可以根据对象通过技能【军略】排兵布阵&增强对抗对方的对军宝具的抗性以及【领导力】增强军势战力。     所以当呆毛/小莫这样的光炮陷阵时，一发宝具的威力是不能歼灭数万人的军阵的（最大捕捉1000人），接下来连发吗？（似乎只有三分钟真男人齐格可以一试了，但是【王之军势】30回合的时长，齐格限时变身的小身板emmmmm）想当初比英灵强得多的完全版龙心呆毛，呼吸就产生魔力的怪物，尚且不能凭一己之力扭转战场，陨落在卡姆兰之丘，更别提弱化版的英灵saber了。     虽然俗套，但在我看来，真正正面对波必破【王之军势】的只有传说中的金色三兄弟，金闪闪的对界乖离剑、小太阳的对国弑神枪和法老王的泉水炮塔二合一的大金字塔了。所以我认为【王之军势】没有被高估，反而还有很大的发掘空间和战术潜力。请轻喷～～～～,龟龟，贵乎都能辱帝的？而且还不是拿什么超级大怪兽来辱，什么带个地图炮的臭鱼烂虾都能拿出来辱帝了？看好知乎早日走完扶她吧十年前的进程，从辱帝最终归结为永恒的辱海。笑话不多说，先来划一下大帝的定性：与黄金三靶并驾齐驱，强力无比的顶级英灵中的最强级别，FEX明确定性为与英雄王、骑士王（MC强化VER，对大王用决战兵器）并为强力无比的顶级从者，除了与二闪的相性致命性的恶劣外，对几乎所有常规从者均可正面一战并持有胜算的强人。首先来嘲笑一下拿着各种姿势的地图炮就妄想过王军的顶级或者一流从者们，凡是YY地图炮横推竖推连发灭王军的，一律打成没读过FZ小说的云读者即可：目睹了这一切，本能地感到危险迫近的Rider扬缰催促着布塞法鲁斯。「我们上！」主动权就让给Archer无妨。但只允许他放出一击。不等他采取后续动作，「王之军势」就会把那黄金的孤影蹂躏致死。这样一来，关键就在于如何撑过第一击。对方可是以无双的宝物为豪的Archer，他肯定有赌在这一击上的理由。对军宝具？对城宝具？或者说是狙击型的对人宝具，对方打算擒贼先擒王，一举射杀冲锋在前的Rider吗……即使已经亲眼见识过呆毛A++对城一炮蒸发海魔，和二闪宝具乱舞屠杀一切的大场面，大帝依然可以游刃有余地把第一击让给二闪，并且自信接下一发对人、对军或是对城宝具之后，王军还能把身怀王之财宝、本身就被蘑菇定性为战争级从者的二闪蹂躏到死。凡是自信可以无双王军的，麻烦去和呆毛手上那把最强圣剑过一下地图炮伤害数值，再和二闪过一下“白刃战”（对就那个宝具乱扔轻松砸死佐佐木小次郎的白刃战）的战斗力，再来谈论自己面对王军如何如何，前一项不能吊打呆毛，你没有吹嘘“击溃王军”的资格；后一项不能吊打二闪，你没有吹嘘“活在王军围殴里”的资格，多简单。贵乎再怎么人才辈出，让你们持刀打一百只鹅都未必有几个人能过，现在脑补从者这种99%都是玻璃大炮的生物面对几万个身经百战甚至零星存在白刃战堪比顶级从者库丘林的怪物持械猛男，而且还是有亚帝领导力A军略B双重加持，士气战力全方位强化而且悍不畏死到能承受50%以上的战损才崩的终极魔鬼军团，倒是溜得不行？那什么横切竖劈的，知道FHA钦定各种大范围攻击都会剧烈消耗从者的魔力，所以R姐面对连小安都能杀的残骸军团时都不敢开魔眼或者宝具，只能平A慢慢揍过去么？那什么飞天遁地超速赛跑的，知道大帝能自行干涉和调整王军结界内部的空间和方位么？吹自己区区对军地图炮的，知道大帝自带A+对军机动地图炮而且还有军略加成么？所以进了王军还在吹的，人家稳坐钓鱼台，源源不断地调集猛男团团围上来，任凭你杀，一发最高等级地图炮三千猛男，再来一发六千，魔空了没？还没空，再来一发九千猛男蒸发了，空了没？远坂凛供呆毛都只能撑两发，你是啥玩意啊一发一发又一发？更别说第一发蒸发了三千猛男，不等你回气蓄力剩下几万猛男早就一拥而上什么手拉脚踹拳打牙咬匕首短剑弯刀长矛投石器一股脑儿往你身上招呼了，从者的武器哪怕是把裁纸刀都能杀伤没有被动防御宝具的从者，九成从者到这关就可以扑了，哪怕你剑术时代无双或者半人半机陆上要塞呢，几千几万人乱刀齐下还不是一滩血肉或者一地零件？至于说自己有不死身的那票，迦尔纳黄油甲没固定免伤只能靠根性回血硬赌电梯血条，一个人和几万个人打HPS拉锯战，Pass；飞哥理论上能免绝大多数非怪物级士兵的伤害然而被人摁地上乱扎照样分分钟刺穿后背化光而去，Pass；脚后跟同理，你家时代最速就能面对万千投矛潇洒走位让所有人吃屁啊？更别说那东出式的超绝无敌耗魔导致他肆虐王军一番气空力尽后甚至会被粉丝亲自驾车碾死——大帝神性C正好和脚后跟一个等级，面对不凋花根本不需要狙击脚后跟也能打出全额伤害惊不惊喜意不意外？至于B叔，被蘑菇砍了千千万万刀以后基本活路只在大帝车轮1-2杀外王军内没有10个以上筋力到A的士兵了，只要有就是肆虐王军——团团围住——气空力尽——被控被宰的命，卧槽这还不危险什么叫危险？更别说行动全靠11路公交车的他能碰到大帝一下都可以算大帝输。顺便说几个有意思的，拉二和大帝会打成我的固有结界包裹了你的固有结界然后我的固有结界又发动了的无限死循环，最终结果全看作者自由心证；女帝的空中花园和大帝打起来是真正超绝无敌的大场面，但理论上王军额外附带克制一切非固有结界类阵地的功能，只要大帝开牛车能活着冲到玉座之间女帝面前就赢；然后大公就是那个典型的被王军死克的倒霉蛋，王军一展开此处再非罗马尼亚，极刑王的惨状请参照空中花园里被迦尔纳吊起来打的名场面；唯一一个能毫无疑问地碾碎王军，怎么样都不可能翻车的从者是谁呢？不是二闪，是黑C的千米亚当，那是从者界的奥特曼，永恒不灭的究极完美生物，想想看，临时催生的半成品都能撕主神级的雷帝，完全体哪怕正牌带宝具从者们组成王军那样的军团去讨伐都不知道胜负，何况是王军（所以你会发现，这离谱到极致的宝具才是导致红毛醉汉这么多年几乎放不出来的究极元凶，FZ人家出来了，先被呆毛拆了牛车，再迎面撞上正经从者中唯一一个持有切开世界的对界宝具的二闪，立下“对人对军对城全都没关系”的Flag秒收被灭；FZ活动人家出来了，最终和不讲武德的二世（以及二世背后的刷子狂兰甚至迦勒底）打了一场夫妇喧哗被收；FEX人家出来了，那一波波的Debuff刷的是，对MC环境水土不服的情况下迎面撞上持有A++级地图炮泪之星-军神之剑且平A自带对世界特攻出战跟随毁灭军势，比起FGO版本大概多了三四层强化的顶级从者阿提拉（MC强化VER），惜败；主线同样水土不服的情况下对上自身实力已经超越高文进入顶级领域，又有王权戒指加持的尼禄，打赢后尼禄还要往死里猛吹一通自己纯靠运气赢的，红毛醉汉猛得和建国神祖一样，现在大伙都知道那玩意是冠位枪了；最后个人线热个身就拆了高文和迦尔纳，回去找阿提拉（MC强化VER）决斗去了……然后现在贵乎纷纷表示大帝生在一个田园牧歌的时代，战斗力不够离谱，王军充其量A+对军的档次（卧槽月球阿提拉拿着A++卫星炮外带对世界强化都不敢说能打赢热身完毕无碍使用王军的红毛醉汉，王军只有A+对军，地图炮全体砍两个+号成不？），什么臭鱼烂虾都能拿出来踩两下？要A+对军地图炮，大帝自己正面对轰就能打平几乎所有A+对军甚至对国，遥远的蹂躏制霸保底A+对军还带军略加持，自带对军宝具威力UP和对对军宝具防御力上升双重加减法，你们的意思是大帝开个小宝具随便虐杀自己的最大宝具？（此处应有AC娘狂笑表情回去提高一下姿势水平啊，各位大佬们，你们这样很让人尴尬的。,王之军势在设计上虽然很有巧思，但的确在宝具里非常尴尬。王之军势与其说是对军宝具，不如说是军队宝具。别的从者的宝具当然也有对军的，对城的，甚至对界的，但他们对人的时候虽然达不到最佳效果，但也不会折损太多。而王军的既是对军又是军队的形式导致他在对方也是军队的时候能发挥奇效（比如绝对魔兽战线那种大战场）。但在别的情况下输出严重浪费，极大的限制了这个宝具的发挥场景。这点和酋长的不死的万名骑兵如出一辙。要不他俩是一生之敌呢~~~~,只能说，确实如前面有人说的，大帝是一个田园牧歌时代的产物，到了现在成为了一个悲剧。在最初的fsn，fz时期，拥有强力光炮的从者可以说是很少的，强如库丘林也是一发b+对军就空魔，猛如美杜莎也不过是a+对军，其余的如小次郎，红a直接就没有很强的光炮，至于美狄亚，那就是真的惨，堂堂一个世界前五的魔术师没有大威力光炮（灰之花嫁当时未实装）。（十二试炼B宝之荣）而fz时期，拥有着强力光炮的从者，也不过是托与闪二者也，其余的如狂兰（无法解放湖光），百貌（上百个小兵），刷子（他真的有两把刷子），拥有强力光炮的从者真的是少之又少，45两战加起来有着对城级火力的也就两个人，一个大海魔几乎能卡死两战80%的人，在这种情况下，王之军势说一句最强宝具之一确实没问题。但是，但是，但是（重要的事情说三遍），从fefa时代开始，光炮从者开始大规模实装——半径13公里的高文（这玩意真的不是对国宝具？），A对人/军/城的吕布，a+对军a+对国a++对军的迦尔纳，广域性a+对军的齐格飞。好嘛，人均强力光炮的时代到来了，王军内的堪比强化版龙牙兵的小兵和没宝具的库丘林级别勇士默默点了个踩，大家又不是斯巴达克斯和赫拉克勒斯，怎么拿肉身抗这帮一言不合就开炮的猛男啊！至于fgo和fsf时代，那就不说了，已经不光是人均光炮宝具了，一些没光炮宝具的从者可以开始拿平a当光炮玩了。总得来说，在目前的版本，王军确实配不上ex对军这个等级，给个B+或者A+对军差不多。碰到几乎全部top从者和部分一流从者（说的就是你俩，高文美杜莎）时，会陷入“先点菜吧”的尴尬局面。对了，好像很多人对王军的普通士兵有点误解，我来用一句话形容一下他们的战力吧——他们单挑打不过给阿喀琉斯拉车的马。关于王军的魔力消耗和枪刷战，以下是访谈原文可恶，新设定，我被辱了！匹敌征服王是什么鬼。,王之军势EX，又不是大帝是EX，专精近战类的有本事杀大帝，哪来的本事杀王之军势里那么多附属从者，真以为大军开过就真跟描写出来的一样一窝蜂打群架，大帝带头冲锋（送死）吗？不说军阵还有其中以智慧或者技巧为长的追随者，光人数就能累死专精近战不少不同从者。大军开过来，怎么可能真让大帝跑前边被人玩斩首行动？像百貌那是优势在泛用性广的分身，杀御主一刀一个，最起码像时臣那种本地魔术师经营了那么多年的宅邸，即使可能有故意放水（应该是没放，放水有可能被看出来），也没能对百貌造成什么实质性的阻拦，就是他们正面作战还真不一定能比大帝结界里的追随者强太多，再加上王之军势的结界里根本没地方躲逃，所以人没了！再比如像迪卢木多这种，大概率就是一枪一个追随者，凭借敏捷在大军里面游走作战大帝，只要大帝没傻到硬送人头，大军里的追随者别说至少能造成伤害了，哪怕造不成伤害也能活活累死迪卢木多。甚至就算是狂兰，哪怕同时受限于御主的魔力供应问题，王之军势打不死狂兰，也能把狂兰类个半死，然后用神牛跟战车补刀……兰斯洛特要能用无毁的湖光，那就跟呆毛这类光炮从者一个路数。需要注意，闪闪能破王之军势，那是对界宝具直接破坏结界，而且虽然大帝他们能修复，但EA杀起追随者来太快，硬生生导致构成王之军势的追随者数量不够搭建固有结界。海魔那是太肉，没有光炮打不死，然后它还能吃追随者来补充魔力，天克！没有对界宝具，光炮类从者只能指望要么一发入魂，一光炮打死大军中的大帝，要么就只能不停放光炮，削减人数直至无法构成结界。像B叔或者斯巴达克斯这种肉的，就是要么耗死王之军势，要么被王之军势耗死。倒是像咒腕或者静谧酒吞这种，有可能咒杀大帝或者大规模杀追随者，这就是相性问题了。另外，你是不是对EX有什么误解？EX不一定是最强，只是不可测量，例外，强度测量没有意义，一般都很强或者说很特别罢了（PS.有人跟我说设定集里的说法是强到无法测量，跟我印象里的有点儿冲突，不过也没关系，不看这一段跟下一段就是了）。光说特别，像大帝这种自带那么多追随者的固有结界绝对配得上EX了，最多也就是正面输出比不上那些开挂的，遇上开挂的显得有些无力罢了。二世：我认为大帝需要一波史诗级加强，凭什么王之军势里的追随者都这么弱？应该允许他们以舍弃财宝（宝具）为代价，本体回归大帝麾下！！到时候闪闪说“我有类似的宝具”，大帝就可以说“我有类似的追随者”了！！！,虽然带头冲锋，但牛车和王军是可以一起用的，带牛车冲锋的大帝光是闪电就相当于呆毛和刷子的全力平A，再加上牛蹄和车轮数百公里时速的冲击力度（重创耐久A的狂阶兰斯洛特），实际上是可以对大部分近战从者形成碾压的。而且牛车更适合同时对多个目标进行打击，在仓库战中甚至有完成三杀的机会，但伊斯坎达尔不屑于趁人之危，故意手下留情，未能当场击杀狂兰也有这因素在内。牛车还可以解放A+对军（匹敌对城？）级别的火力。虽然牛车被咖喱棒一炮秒了，但为大帝跳车争取了时间（否则你以为D敏捷从者可以带御主躲光炮吗？），输给最强对城又不丢人。虽然也可以绕过牛车直接攻击大帝本人，但呆毛这样做也没成功，被大帝持剑挡了回去，想一击斩杀大帝可没那么容易。大帝可以调整结界内的空间，逃跑是不行的。灵体化就更蠢了，仍然能被攻击还失去了所有防御手段。王之军势虽然被乖离剑秒了但那玩意毕竟是切裂世界之剑（二者之间的相性，FZ原文写得很清楚了，认为光炮AOE秒王军的要么是云读者要么看书不仔细）。而且大帝是试图用自己的最猛冲锋对抗闪闪的最强火力，所以故意拉远距离。当然闪闪也是站着等大帝开结界，双方都很看重这场决斗。大帝后面也有被阿提拉（宝具A++对军·对城泪之星）击败，但大帝水土不服，阿提拉对世界特攻（固有结界是世界卵，也会被对界针对）。大帝有军略B（在使用自己的对军宝具、对城宝具和应付对方的对军宝具、对城宝具的场合里获得有利的补正效果）。王之军势本身就是最高等级的对军宝具，一口气召唤数万名强得像怪物一样的从者。Excalibur的火力只比乖离剑稍逊一筹，对上王之军势也是胜负未知。王军中甚至有复数库丘林级别的战士，理论上也有出色的弓兵和刺客，他们虽然没有宝具和职介技能，但是有固有技能，王军里的神代魔术师还可以对他们施加buff或者给敌方从者加debuff。白刃战可以抵挡大量强者围攻车轮战的，也就赫拉克勒斯等寥寥数人而已。再来看王之军势的上限，如果直连圣杯无限魔力，那就是货真价实的复数TOP+数十个一流二流+数万普通从者+全员无限复活，稍微想想就知道有多恐怖。有人认为大帝本人弱点多，魔力不高固有结界会被覆盖，对魔力不高撞上r姐会被立刻石化。但事实上金闪闪的对魔力也不高，言峰主闪闪的魔力也根本不能用面板来衡量。大帝只需要将王军中的神代魔术师单独召唤出来，帮他补足魔法防御并非难事。王之军势是征服王和全体将士共有的心象风景，大帝和手下的魔术师合力展开结界难道不行？ ,只能说“罗马终将统治世界”的叙事太过于流行，让人们都忘了亚历山大手下的继业者们也统治了东地中海世界仅三百年。让人们没意识到亚历山大手下的将军们会包括多么多神奇的猛人x：这里面有征战五十年只在最后关头输过一次的独眼安提柯；虽然是身在马其顿人中的希腊人但是忠心耿耿为了皇室知其不可为而为之的尤米妮丝；修筑了亚历山大尼亚图书馆大兴文教（虽然坑惨了埃及土著人）的托勒密；以及我个人很喜欢的继承了亚历山大文化交融宏愿，默默苟着吃鸡建立了西至安条克，东至印度的大帝国的塞琉古。这里面那个不都比啥美索不达米亚的村长要重要得多嘛（蚌……,部分设定显示，灵体化是能被从者打到并且自己没有攻击力的，所以王军里面灵体化肯定不行，满状态大帝开着牛车就上了。王之军势最大黑点是没输出，在fz钦定输出远远低于一发誓约胜利之剑，士兵没有宝具的设定限死了火力上线，给个核电站也没用。强力从者防御高的又一堆，遇到恶龙血铠还能强行辩解一波绕后，遇到迦尔纳人家掏出黄金甲我都不知道该怎么破防。PS：2.4迦尔纳硬接了神周灭世的宝具好几秒，这个应该是黄金甲上限，比一发咖喱棒强还是没问题的。
藤丸立香的魔术水平/修为是怎样的？,https://www.zhihu.com/question/263480888,No detailed description.,拒绝玩梗，认真作答：首先，题主的问题是以魔术师的水准来看，藤丸立香／咕哒子是什么水平？这个提问本身就有两点错误。第一点：题主使用「藤丸立香／咕哒子」这样的表达方式，显然是把「藤丸立香」当成了男主角（俗称「咕哒夫」或「咕哒男」）的专有名字。其实这是错误的。「藤丸立香」是FGO主角的名字，不分男女。按照奈须蘑菇的话说：基本的に主人公の名前はないほうが好ましいが、アニメ版である以上付けなければならないし、男性主人公にも、女性主人公にも合う名前として、男性の場合は名字で、女性の場合は名前で呼ばれるとそれっぽく感じるように名付けた。换言之，游戏里没有主人公名字是因为游戏主人公的特殊性，而动画片是必须有名字的，所以就起了一个名字，而且是一个既能当作男主角名字也能当做女主角名字的那种中性的名字。而且确切地说，蘑菇起名字时是按照「用姓氏（藤丸）来称呼男主角，用名字（立香）来称呼女主角」的感觉走的。也就是说，正常的话差不多应该这样称呼男女主角：其次，「藤丸立香」是这样的人：明知善意却能做成恶行身为善者却能容忍恶意为恶所虐却能贯穿善心善を知りながら悪を成し、善にありながら悪を許し、悪に苛まれようとも善を貫こうとする这和魔术师为了「抵达根源」而不择手段的行为准则并不一致人倫にもとる行為を見逃すほど魔術師としての人格はできていない何况，「藤丸立香」根本就不是以「抵达根源」为人生追求的人。总而言之，「藤丸立香」并不能称为魔术师，而顶多是「魔术使」。所以题主问「以魔术师的水准来看」是错误的，因为「藤丸立香」本就不能用魔术师的标准来衡量。题主其实可以这样问：「藤丸立香的魔术水平/修为是怎样的？」关于FGO主角的魔术修为水平，大体上可以如下般概括：魔术刻印：无（本就不是魔术家族后裔，而是被召来凑数的普通人）魔术回路：不明（主角和迦勒底联系时使用的通讯器材是一种魔术礼装，按理来说只有启动了主角的魔术回路时才能使用。所以主角应该是有魔术回路才对。但详细情况不明）魔术才能：平凡魔力水平：平凡不过，按照第七章的列奥达尼一世所言：——始まりは非才なものだったとしても、マスターとして時代を巡る事に、魔術の才能はそう重要なことではありません。——何故なら、どのような天才、どのような才人であれ、この天変地異の前には等しく無力なのです。——であれば、人理を守る為にもっとも必要なものは困難から目を背けない性質だと、私などは思うのですが。也就是说，在毁灭人理的巨大灾难面前，无论多么出彩的魔术才华都是近乎无用的。相比之下，真正为守护人理所需要的是在困难面前永不退缩的品格。而且，按照序章中的库丘林Caster所言，主角拥有「掌握命运的天运，以及天运降临时的决断力」運命を掴む天運除此之外，坂田金时、莫里亚蒂、铃鹿御前等诸多从者们也都多次强调了主角的运气之强，以及抉择之时毫不拖泥带水做出决定的果敢。另外需要强调一点，「魔术刻印、魔术回路、魔术才能、魔力水平」这四个方面主要是用来评价一般的魔术师/魔术使的标准。而参加圣杯战争的魔术师/魔术使则还需要额外增加非常重要的一项评判标准——身为御主与从者的沟通能力。这一点来看，FGO主角和剧情中不同角色之间的沟通能力也非常高，和型月历代作品的主角们相比也是实属罕见。尤其金时更是给出了极高的评价（身为御主能与神、鬼、人沟通）：このマスターは神も鬼も人間とも繋がっちまう傑物だ总之，从这一点来看，「藤丸立香」确实无愧于FGO主角的角色定位。另外，额外补充一点：FGO主角有一种谜一样的毒耐性体质。虽然罗曼医生认为是玛修为主角加的buff，但是后来证明即便是玛修不在场，毒耐性体质仍然存在。目前我看过的最合理的网友推论，是主角持有加拉哈德的「大卫王之剑（又名所罗门王之剑）」。从《Fate/Requiem》中的加拉哈德Alter的人设图可以看出，型月的加拉哈德还原了《亚瑟王传说》原典中存在的属于加拉哈德的两把武器——「大卫王之剑」和「红柄剑」但是从玛修的人设图可以看出，玛修持有的剑却不是两把，而是只有一把。作为加拉哈德融合对象的亚从者的玛修只持有一柄加拉哈德的剑，那么另外一柄剑在什么地方就成了问题。所以网上就有了「另外一柄剑在主角身上，只不过玛修和主角都没有意识到」的说法。甚至进一步说，玛修持有的那柄剑可能就是骑士Balin曾经持有过的「红柄剑」，而主角身上的可能就是加拉哈德的另一把「大卫王之剑」。因为「大卫王之剑」据传说有两个特质——从毒害、诅咒、伤害、魅惑等一切负面效应中保护持有者，并给持有者充沛精力的圣剑。灭国的魔剑（瓦兰王曾使用过这把剑，结果间接给Wales和Listenois两个国家带来了神罚，最终两国灭亡）。正因为如此，所以如果主角真的持有「大卫王之剑」，那么主角的谜一样的对毒攻、诅咒等负面效应的极高耐性，以及在第三特异点带着尤瑞艾莉还能跑赢赫拉克勒斯的谜一样的精力，就都能得到充分的解释。而更能作证这一说法的是，第二部以来（也就是加拉哈德离开了主角和玛修之后）主角已经成为了给各个异闻带国家带来灭亡的事实上的「灭国者」。难保不是因为加拉哈德离开后无人能镇住「大卫王之剑」的灭国之力而导致的。,谢邀时钟塔的魔术师位阶，从高到低依次为：『冠位(グランド/Grand)』『色位(ブランド/Brand)』『典位(プライド/Pride)』『祭位(フェス/Fes)』『开位(コーズ/Cause)』『长子(カウント/Count)』『末子(フレーム/Frame)』完成了人理修复的藤丸立香，获得了开位的位阶。顺带一提，已知的冠位有苍崎橙子、达尼克，色位肯尼斯，典位有数名来自埃尔梅罗教室的学生，祭位有埃尔梅罗二世、雷夫、巴泽特。尽管立下了人理修复的旷世奇功，藤丸立香仍然逊色于这些人。可见从魔术师的水平来看，立香确实很不咋地，全靠功勋补正到开位。而关于藤丸立香的实际水平和具体情况，请移步本问题下@晨朝的回答。,上面的有些答主真的是连剧情都没细看，立香拯救世界之所以只得到开位，完全是迦勒底的员工为了保护他/她刻意减少其存在感，将大部分功绩都归于从者的结果啊。就单纯拯救世界这一功绩来说，冠位绰绰有余。但是时钟塔得知真相后会这样做吗？并不会，相反他们肯定会进行封印指定。为什么？因为作为与上百英灵结下深厚羁绊的御主，其存在本身就是圣遗物级别的存在，也是唯一能够与如此多从者沟通并驱使的人物，对于时钟塔来说有着绝无仅有的价值。从上述所讲，立香的魔术水平虽然不高，甚至低下。但是其作为魔术使，更准确的说，召唤师的水平是整个型月最高水平的存在，某种程度上可以说是名副其实的grand master。,咕哒只是一个被选中的普通人，没有魔术刻印也不清楚魔术回路的多少，进了迦勒底后立刻遭到变故，也没有什么魔术师教她。但是迦勒底不少英灵都是强大的魔术师，众多名师教导的咕哒，只要天赋不差，也能学到不少东西，但仅仅一年时间里，恐怕也不会成为什么特别强大的魔术师。把魔术礼装技能认为是咕哒自己学会的技能，那么咕哒可以做到回复，加速，阴炁弹等基础，想必卢恩和元素魔术（斯卡哈和豆爸）也不会差，问题在于精通到什么地步。在游戏里咕哒是没有什么战斗剧情的（或许监狱塔暴打伯爵能算？）。也有人说终章剧情相当于咕哒自己冲上去把医生炸过的盖提亚打趴的，但这点我不清楚。猜测咕哒的魔术水平就和二世教室里面那群弟子差不多吧，但发展潜力很大。 @藤丸立香 你也想肉搏？,强答一波魔术水平很差，差到被a组垫底卡多克成天吐槽毫无魔术素养的程度。但战斗力很强，至于为何，请看我慢慢道来：立香成为战斗力最开始是在1.5.3，这章首次提出了藤丸立香可以通过召唤影从者进行战斗，2.5.5剧情中ta通过这一能力多次协助金时等人击退了平安京的怪异，但总体来说还是没有太多表现。2.6剧情中对藤丸立香实力的评价比之前都要高很多，ta被队友认为“可以一人召唤出匹敌一支小队的战斗力”，敌人对ta的评价则是“可以操纵实力接近女王骑士的亡灵”，在攻打妖精国首都卡美洛的时候更是搞出了先召唤一队影从者扔给己方caster，让caster维持影从者进行作战，自己再跑到另一个战场战斗的操作，作为主角团的战力之一ta是不可或缺的。2.6.5的藤丸立香因各种原因不得不假装成专精召唤的caster与从者并肩作战，而ta的作为caster的召唤能力被己方另一位真caster夸奖了一番。ta作为一员强力战将活跃在战场一线做出了无数贡献，敌方将领对ta的评价是“ta会召唤不同的使魔并让他们相互配合攻击，非常棘手”。2.7上半篇，藤丸立香一落地异闻带就被【数据删除】给【数据删除】了，导致小半个篇章里ta都无法召唤从者，战斗力被ban的感觉让ta很难受。随着剧情发展，ta逐渐取回了召唤从者的能力，虽然由于这章迦勒底的攻略阵容过于梦幻（第七兽本尊+第四兽碎片+异星使徒+顶级caster+纺织妖精+学妹+战斗力很强的当地协助者+当地的天才老学者）立香没什么表现的机会，但在ta发现【数据删除】被【数据删除】了以后气得抬手就扬了对面一支小队的表现还是相当亮眼的（虽然后来才知道这是个陷阱）。2.7下半篇，藤丸立香目前的战斗力巅峰。和海量协助者一起干烂【数据删除】以后，ta直接过劳猝死下冥界了。下了冥界的第一件事就是单挑南美主神烟雾镜，自己这边只有孤身一人，对方那边还有戴比特作为御主辅助。然后，ta打了，赢了，复活了。非常的惊人，非常的恐怖。街机联动，藤丸立香在剧情开头一边保护被打成残废的兽尼禄一边单挑极天的流星雨（青春版），在之后的剧情里靠影从者独力挡下印度兄弟的宝具合击，是无可替代的强大战斗力。（顺便吐槽一下藤丸立香的战斗力真是忽高忽低，2.6里都还可以和一支女王骑士小队正面对抗，2.6.5里面就和徐福俩人手拉着手被清姬单刷了，这大概就是多人写作的通病吧）,12.3更新既然不允许我回复了，那我就在我的回答里反驳@阿拉什了：达尼克是靠的政治手段，但是也是因为这里有着政治手段操作的余地：【她在时钟塔取得得成就很多，其中有两项格外引人注目。没错，两项。引人注目说起来轻巧，但实际上在可称为魔术师最高峰的时钟塔里，值得关注的研究十分罕有。基本上所谓魔术就是为过去献身的学问，再加上魔术师大多是重度的个人主义者，所以越是重大的研究藏得就越深。因此，如果有什么研究能让他们甘拜下风，那这研究一定得压倒他们所私藏的研究成果。会在时钟塔久留的大部分魔术师之所以会无论有无主义主张，也要从属于某个派阀的理由也在这里。虽然时钟塔大致上具备了最优越的环境，但如果无法参考派阀所秘藏的成果，那要认真地以奥秘为目标就是痴人说梦。】评价冠位最重要的就是要取得能让人叹服的成果，而最重要的就是要能获得各大派阀的承认，所以有了政治手段掺和的余地。而立香因为拯救人理的功劳成就开位是完全没有问题的。因为立香资质与韦伯差不多，而论积累，韦伯好歹还有一个刻印。【“听说先代，也是在十几岁时就到达了典位（Pride）。”“就这样，先代的神童之名变得再不可动摇。虽然当时埃尔梅罗派中除了阿奇博尔德以外还有其他有力的派阀，但能力排众议决定由他来接受源流刻印，也是因为不管是谁都不得不承认，老师眼中的景色才正是魔术师的理想吧。”】而就是主任这个公认的神童，有着家传辅助下从小学习，都要十几岁才能突破到典位。即一般的天才从小学习，十几岁时还困在开位是很正常的。而资质差，学习时间少，平时练习少的立香怎么可能有接近开位的魔术水平？根据韦伯的说法资质和他差不多，那么就直接参考韦伯即可：【毕竟如果不被评价的话，现在还是开位（Cause）或长子（Count）也不奇怪，我这样说道。顺便一提，就我个人看来我的兄长作为魔术师的能力是处于开位（Cause）相当下方的位置。比起那些刚刚入门的新世代（New Age）来说当然要强得多，但个人的手法没有什么出彩的地方。平凡 of 平凡。】成为了二世的韦伯，纯粹靠魔术水平评级也就介于长子到开位之间。而这还是他辛苦磨练了许多年之后的成就。作为才入门的魔术师，立香就魔术水平而言，估计就算四战雁夜都完全可以碾压……,没记错的话风魔小太郎至少教了咕哒两个魔术在万圣节三期剧情里为了不去参加演唱会使用了礼装替身术。。。还有一个不记得了所以人都是被逼出来的。。。,绝对是魔法师级别的，仅仅是活着就能获得巨大的魔力、亦或者可以通过某种方式来不支付魔力。大家都知道没有魔力的魔术师使役从者是非常困难的，即使是魔术师，平常也让从者消去身型，尤其是资质不足的普通人，杰克通过吃人的心脏、吉尔也应该通过大量杀人获得魔力，大帝开宝具则是用的自己储存的魔力。而咕哒子可以为最多107个从者供给魔力，支持六个从者在一场战斗中现身，同时战斗数量有三名。，而且每盘小战斗都能放几个宝具，打完一整个章节也只是“艾玛，有点累”，普通人魔术回路早就被挤成抹布了。当然，可能是迦勒底从外界给她补充魔力的。但是我是不跳剧情的那种，我是没有这种印象。还有几点：【一】咕哒子的令咒每天都能回复一划，而且使用三划竟然可以复活六个从者并且使用六发宝具！雁夜仅仅是让兰斯洛特改变外表、执行精密的命令就花了两划啊！【二】所有英灵座上的英灵和御主都知道，打英灵先打骂死他，就算英灵没当场消失，宝具也没魔力放了，而剧情中鲜有想直接杀死咕哒子的人，为什么呢，因为他们知道打那个就没胜算了，基本等于自杀。但还是有几个assassin想偷袭咕哒子，这些从者就跟ONE PUNCH里的怪人一样，有几个怪人一眼就能看出琦玉一拳能把们打出一个洞呢。【三】咕哒子可以使用并发挥任何礼装，不需要学习和适应同时，她可以把个技能共享给她的从者，无限制的使用概念礼装，有谁见过李书文使宝石剑吗，她做到了。综上所述，咕哒子的参数基本如下：筋力：D 在迦勒底爆炸时，咕哒子没有搬开马修身上的东西，鉴于马修是官配，应该不是保留实力，不排除咕哒子预测到未来，特意拖延时间的可能性。耐久：A++可以参加完一场巨大的战争、供给并指挥复数的从者战斗，几乎不会疲劳，轻微的伤害也能无视。敏捷：C+躲避偷袭，在从者乃至神级的战斗中不被波及所需要的下限速度，同时有着和从者同行的脚力，而且也有曾经躲避赫拉克勒斯追击程度的事迹，合理考虑应该更高。魔力：EX几乎无限的魔力，媲美第三魔法源的量以及优异的纯度，亦或是像神稚儿一样都是将祈愿化为现实的能力，不过只适用于生产魔力。在让所有从者行动的同时还能支持宝具的发动，有令咒及圣晶石的支持的话令已经战死的从者修复灵基且以最佳状态复活也并非难事。幸运：A身为迦勒底为数不多的幸存者说是人类最后的希望也不为过，以及在无数修罗场中不死乃至不受伤程度的强运，当然，如果运气好的话也不会遭受阳寿已尽之前世界就面临毁灭这种事了。而且从者的召唤并非次次都是神迹一般直接召唤一流从者。职阶技能狂化：D少量的增加筋力参数，但咕哒子不会对自身造成伤害。保有技能加拉哈德的守护B相当于拥有至少C级的对魔力，无效化两节以下的魔术。并且完全免疫毒性，即使经历长期的战斗也不会生病和状态不佳，耐力A++也可能源于这个技能。武装同调：EX可以使用任何礼装的能力，并且可以把这个技能让从者共同使用。召唤：EX即使不使用圣杯，只要消耗名为圣晶石的隐藏着神秘力量的石头或者呼符便能从英灵座召唤从者的能力，同时每天都可以无条件召唤最多十个较弱的从者，其中还包括幼年的吉尔伽美什和背叛的魔女美狄亚。只不过这个召唤不会恢复和追加令咒上限。,严格意义上来说藤丸立香只是从普通人中选出来的适合当master的人，说不定连魔术都不会，参考FZ龙之介，或许只会一点皮毛，参考土狼，人理修复之后时钟塔给予了开位，这对于一个拯救了整个世界的正统魔术师而言是十分不公平的，不说冠位你好歹给个色位或者典位啊，但是对于一个普通人来说，时钟塔开位已经是很厉害了，甚至我觉得时钟塔大概就是给一个开位意思意思，你要是想继续上去，毕竟你拯救了世界，还手撕了盖提亚，时钟塔里没几个敢不收你为徒的,魔术水平很差，不确定是否有土狼水准。但是咕哒子有幸运EX+++，没几个存在能稳赢他。不论什么神、beast、世界、队友都有概率被放倒。,这个问题可以参照saber的六围。如果凛新人中的佼佼者，而士郎则是勉强合格的话，立香大约是高中里的上等水平，大学里入门水准。如图，f/e是系统召唤，三儿得到自身全盛期的实力。如果以此为基准的话，凛在全方位上维持saber的属性并在力量上加强了saber（魔鬼筋肉凛名不虚传），士郎几乎全面弱化了saber，立香只在幸运上有削弱。鉴于凛是公认的天才（掉链子），她的魔力也理所当然地优秀，但能为saber加强的只有力量。士郎的魔术回路很多，上面的面板属于回路还没激活前，不属于士郎全力，所以提供的魔力水平相当于一个菜鸟水平。由此可见凛和士郎可谓是入门级的天花和地板。以他们夫妻来衡量，立香大约离入门级天花差了些许。凛虽然为天才但五战时期还只是个少女，就算才华横溢也不过在后起之秀之列，远远比不上色位，典位的魔术师们，所以凛本人在魔术水平里算是中游水平（可能更低）。立香作为魔术师只会比凛低，但不会逊色太多。附：士郎在ubw线后期进入了时钟塔并获得开位的资格，须知这个士郎一度开启过固有结界。立香拯救人理后时钟塔根据迦勒底报告赋予立香开位资格。两者都做到了超乎寻常的伟业但外力因素极大，他们本人作为魔术师未必有开位水平，但而所作所为超越冠位所及。,很简单，几乎为0自己使用魔术的能力几乎为0，剧情中奔波各处所使用的对马修强化支援，全是依靠达芬奇为其特制的礼装，能够将魔力转化为魔术效果。这其中立香只提供魔力输出。在理论知识方面都也远不如一般的学生。
为什么《fate》中卫宫士郎都没对伊莉雅丝菲尔·冯·爱因兹贝伦动过情？,https://www.zhihu.com/question/423826002,No detailed description.,记得有个漫画剧情，忘了出处了。伊莉雅问士郎感情和采红线问题，问为啥不对她出手。士郎回答是法律问题，不能对未成年人出手。伊莉雅说，原来是这样嘛？你不用担心会被当萝莉控，不要看我这样，我可是姐姐，年龄是成年的。然后士郎回答，是我未成年，姐姐你对我出手，会被抓。伊莉雅O_o,怎么没动过情？当然有过设计。不过经费不足，这条线被砍了。据说原本还构架过学姐线和老虎线……怎么样？是不是知道真相的你眼泪掉下来？,士郎：那个，爸，我把saber上了……切嗣：行啊你，儿子出息啦！士郎：嗯…还有远坂凛…切嗣：两个？！厉害啊！比老爸我强！士郎：呃…还有间桐樱……切嗣：哈哈哈，时臣那个货听到能气死！士郎：嗯…还有卡莲…虽然我是被附身的状态…切嗣：卡莲是谁？士郎：言峰绮礼的女儿。切嗣：干得漂亮！！！不愧是我儿子！！！士郎：呃…其实还有伊莉雅……切嗣：你个逆子！【砰!】,首先说一下，FSN游戏里，伊莉雅的线路本来是有的，但是因为游戏发售时间给砍了。但个人觉得还是单纯亲情比较好。以下来详细说。伊莉雅是士郎的姐姐，虽然长得可爱的白发红眼萝莉，可以说是一个人造魔术天才，天分极高。相对的，性格纯真，也很残忍。士郎在游戏里有好几个结局都是被伊莉雅杀掉，或做成人偶的。作为一个魔术师，她可以说是五战最强。相貌即清纯，又艳丽，又因为其结局凄惨，不管在哪条线路都必死。即便是活下来，寿命也是所剩无几。所以玩家对这个角色大多非常心疼，甚至出了魔法少女伊莉雅这种非常好看的同人动画，比本篇还长哦～听说FHA伊利亚部分剧情就是被砍掉的伊利亚线，我玩了，和士郎还是很暧昧的。个人觉得伊莉雅和士郎虽然没有血缘关系，但是依旧还是姐弟。如果士郎真的对伊莉雅动情，是不是有点背德？虽然蘑菇可能并不在意吧……但是吧，从设定上来说，FSN三位女主各有特色，其中Saber其实就有了平胸萝莉的属性。而伊莉雅更加萝莉，看起来太过幼齿。作为一名女性玩家实在是无法接受男主和这么幼齿的搞暧昧。所以个人希望士郎和伊莉雅单纯的兄妹，姐弟情比较好。,有啊，FSN原本预订不止三条线的，还有伊莉雅线，R姐线，C妈线这些呢，不过因为没钱砍了来着，伊莉雅线部分剧情融入樱线里来着，因为很可惜，魔法少女伊莉雅作为官方同人，已经可以算是伊莉雅线了。当年魔伊作者还说要给伊莉雅一个幸福快乐的世界呢，现在都成伊天帝了。。。。。,因为日本出台了新法规，不允许用“身体是小孩但是头脑是成年人”这种理由来打炼铜擦边球。我隐约记得好像是大概七八年前？还是五年前来着的。,因为士郎未成年伊利雅思菲尔会被判刑的(.﹒︣︿﹒︣.),因为士郎和伊莉雅的结合会导致世界毁灭“士郎无法和伊莉雅结合”是固定事项所以哪怕“士郎开后宫”、“巴洁特隐居”甚至是“远坂凛XX口插入法”都有可能发生但“士郎对伊莉雅动情”是绝对禁止事项手动狗头,没动过情（X）线被砍了（√）士郎可是在fha里说过伊莉雅泳装是最让人安奈不住的,士郎和伊莉雅之间的感情线索原本应该是剧情主线，相比之下呆毛、远坂凛这些前期人物，是本不该占据故事重头戏的。hf本该是后半部分的开端，在后续情节中士郎和伊莉雅这条感情线，恰好是与樱和慎二互相对应的。其中伊莉雅和樱是小圣杯和小圣杯复制品，士郎和慎二是正义的伙伴和恶毒的凡人，同时他们各自是经由不幸而非血缘带来的亲属关系，这两组是身份上的对应。但是情感关系上，性别是颠倒过来的，伊莉雅对应慎二，士郎对应樱。卫宫士郎和间桐樱这两个角色从人物塑造的角度来说非常类似，这两人看上去行为模式不同，但角色核心都是“等待被救赎”的人物。一个是因为童年灭门灾难，一个是因为悲惨的过去，导致封闭了内心，依然渴望重新找回活着的感觉，而让他们找回活着的感觉的关键因素都是爱。伊莉雅和慎二互相的对应关系表现得不那么明显，但在暗线中还是有迹可循的。伊莉雅年龄上是士郎的姐姐，外貌更像妹妹，心中留存着作为姐姐的责任感；慎二年龄上是樱的哥哥，在相处中更像一个时常赌气闹别扭的弟弟，心中留存着作为哥哥的保护欲。士伊和樱慎之间原本彼此无缘，相逢一场既是命运，也是由于老一辈人的疯狂和妄念造成的烂摊子。如果卫宫切嗣不曾抛弃伊莉雅，远坂时臣没有出卖樱，那么两个女孩的生活不会落入地狱，也不会认识士郎和慎二。伊莉雅怨恨士郎，形式上的理由是父爱被夺走了，真实的意图是她祈盼亲情能回到身边。慎二怨恨樱形式上的理由是家族继承人地位被夺走了，真实的意图是害怕自己被抛弃。伊莉雅一开局把士郎打个半死，慎二剧情开始前动辄家暴樱，但无论士郎还是樱都没有怨恨他们的意思。伊莉雅屡次试图把士郎变成人偶，慎二也不停强调樱是他的人偶，实则无论伊莉雅还是慎二都对他们的亲情投射对象极度缺乏安全感，“人偶”是他们心中最能“属于我”这个诉求的意向。最后，还有一条本传现有剧情内容尚未挑明的暗线，慎二之于樱和伊莉雅之于士郎有一个共同点：慎二为了樱可以去死。不管慎二是用什么态度看待他自己的生命和樱之间的关系，他确实可以去死，这是慎二最像伊莉雅的地方。区别仅仅是樱慎这条线还没有挑明，剧情就完结了，伊莉雅抢在最后结局挑明了她可以为士郎去死。hf线的前半段和后半段，恰好也是通过慎二和伊莉雅的死，带来了最关键的转折。正因为剧情腰斩，导致卫宫士郎没有为了伊莉雅承担过他应尽的责任，最后反而伊莉雅要无条件为他牺牲，用自己的生命成就他的GE。考虑到伊莉雅和士郎来自父辈纠缠不清的关系，以这样的结局作为收尾，故事结构成为一个笑话，给卫宫士郎半永久性地打上了“无能”的标签，也让伊莉雅在本传中处于失语的地位。网络空间是一个造谣很容易的地方，通常是不看原作的人跟风嚼烂梗就特别容易病毒式传播，例如我本人单推的间桐樱就是各种谣言的严重受害者，更可笑的是这些造谣往往还打着辟谣的旗号。例如最典型的，说樱不恨慎二是因为所谓的“斯德哥尔摩综合征”（斯德哥尔摩综合征本身就是个伪概念），或者完全无视原作给出的信息，一口咬定慎二不能环境樱因为改造带来的身体需求等等，然后再去指责樱不愿意反抗慎二，诸如此类的荒谬言论层出不穷。说到底多数理解能力不行的人看作品也是天然带着滤镜看，他们不愿意深入思考理解文本，而是只想角色是符合他们需求的样子，自然也对表面上说不通的部分不能给出有效的解释体系，停留在自说自话的层面上。具体到伊莉雅，她也是很多不认真读原作的外围观众制造刻板印象和谣言的集中地，比如说“伊莉雅是个变态”、“伊莉雅造成士郎死亡次数最多”，等等不一而足。这些说法不符合事实，所有老虎道场里伊莉雅从未直接造成过士郎的死亡，全都是作成人偶。当然作成人偶也是很可怕的事情，但这是普通观众看到的东西，伊莉雅看到的世界和我们不一样。在伊莉雅眼中，她把士郎作成人偶是没有恶意的，充其量是恶趣味，她甚至有可能更多的是为了保护士郎才这样做。最能体现伊莉雅真实想法的是BE7，她当时已经抓住了士郎，却很诚恳地询问士郎“愿不愿意成为我的东西”，只有点了头才会下咒动手。这里伊莉雅与其说是骗了士郎，不如说是试图引导士郎同意一件他目前还理解不了的决定，这个决定在伊莉雅看来是对士郎有好处的，所以她那么兴高采烈。fsn本传内容腰斩带来的问题是很多角色的塑造都只凸显了他们其中一面，其他的方面仅仅是有所提及，观众经常会一笔带过。例如hf虎头蛇尾虽说是导致了紫发女路人的问题，但说到底间桐樱身上的真相至少是完整揭开了，观众对她遭受过的苦难是有明确印象的。到了伊莉雅这里，她的童年经历只是作为旁白简单地提及了而已，很难给大多数一知半解者造成深刻印象。于是观众无脑跟着士郎的视角得出各种偏差很大的结论，比如说什么伊莉雅是雌小鬼之类谬之千里的认知。伊莉雅心态足够成熟，她做各种事情都是经过考虑的，她对士郎确实有怨恨，但这个怨恨浮于表面，根植于她想要得到士郎的迫切心情。九岁被抛弃在城堡后，伊莉雅从此过上暗无天日的生活，没有任何人陪伴，她身边全都是冷酷无情的机器人，每天除了维持她的生命就是进行各种惨无人道的肉体改造，以便植入更多魔术回路。这些手术每次都跟凌迟差不多，正常人经受这些早就疯了，伊莉雅是人造人，但她是有真实感受的，即便肉体能扛下来，精神上的摧残也不容忽视。相比间桐樱，伊莉雅更要忍受的是孤独。樱十一年来受尽折磨，但至少虐待她的那些人是活人，因此她是可以仇恨具体对象的，即便无法反抗脏砚也有能力恨他，hf里一找到机会就立即反杀。而所谓爱因兹贝伦家族都是些设定好的人工智能，它们自己是机器人，也把伊莉雅当作机器人来对待。伊莉雅仇恨它们有什么用？如果你被关了黑牢，连关你的人是谁都不知道，你会去仇恨墙壁上的石头吗？樱好歹有慎二整天在她身边各种磨叽，后来还能待在卫宫士郎身边。伊莉雅是完全孤独的，看上去有两个女仆，实际上这两个女仆都是人造人残次品，是家族用来监视伊莉雅以及等伊莉雅完成重建第三法使命后收割胜利果实的傀儡（尽管她们本身是忠诚的）。只有母亲的残存意识回到伊莉雅身边，但太太的残留意识经历过被切嗣杀害，已经只剩下恨了，给伊莉雅灌输的只有被抛弃的怨恨。可以说，在得到b叔以前，樱在卫宫家的那种安全感伊莉雅从来没得到过。在这种环境下生长起来，很容易形成的一个观念是，活着等同于受苦。从这个角度看，伊莉雅执着于把士郎作成人偶的原因很明确，除了占有欲之外，很可能她下意识里断定拥有肉体本身就是一件危险的事情，甚至是活受罪。伊莉雅没受过正常的教育，她对士郎只有两种感情，一是出于天然的亲情爱士郎，这是她内在天生的感情，二是出于被抛弃而仇恨士郎，这是外在强加的感情。后者作为明面上的怨恨反过来加强前者的爱意，因为怨恨的源头既然是爱被夺走了，那么自然更加渴望爱才是真实的感情。搞明白伊莉雅对士郎真实的感情只有爱没有恨，就能理解为什么她可以为士郎做那么多，明明两个人才正式认识一个多星期。她前期想把士郎作成人偶和b叔战败后就乖乖呆在士郎身边，看上去差距极大的行为背后有相同的动机，和序章里提醒士郎尽快开启仪式一样都是担心士郎会死。区别是她在有b叔的情况下相信自己有保护士郎的能力，所以会更主动，例如be1里一旦士郎放弃令咒她会立即出手。只不过这种“保护”不符合常识，但是在伊莉雅的世界里是绝对正确。而只要b叔退场，伊莉雅认为自己没有能力自我保护了，她就会依赖士郎的保护。各种看上去很奇怪的行为都是服务于同一个目的，让士郎留在她身边而已。反过来说，士郎重新认识伊莉雅的过程，将会是他正式接受考验的过程，这个考验的名字叫做“你是否愿意为了所爱的人去死”。讽刺的是，在hf线里极端自我的慎二接受了这项考验，尽管他失败了；习惯于高估自己的远坂凛也接受了，然后也失败了。唯有士郎，在fate线时呆毛免除了他的考验，在ubw线时凛帮他回避了考验，到hf线里得不到任何帮助的他自始至终选择逃避，本质原因恰好是怕死。在怕死和逃避之间反复循环后，直到逃无可逃，果真实现了自证预言式的死亡。这才是春日归来这个结局如此突兀的根本原因，此时的士郎尚未有资格迎来一个HE，hf线作为以压抑情绪进入的中期故事，生搬硬套接上一个事实上什么也没解决的“完美”结局，是非常突兀的。这也是典型的删减痕迹，春日归来不是不能有，而是不应该出现在这里。hf的真正主题，甚至也不是有关间桐樱的真相或者恋爱故事，而是在大火中焚尽残存的卫宫士郎这具空壳彻底破碎的过程，士郎的身体在结局中崩坏，也是经由粉碎而脱胎换骨的隐喻。在经历破碎之后，后半部分要接续的自然是重新生长出人性的过程，后面如我过去所推演，经历了美杜莎、美狄亚、未登场角色立江的故事线之后，这个过程最终必须是经由伊莉雅的引导才能完成。伊莉雅这个身体上的人偶和精神上的人类，士郎这个身体上的人类，两者相结合使彼此重新成为鲜活的人。士郎不再仅作为伊莉雅的玩伴，而作为她的家人和守护者，去抛却切嗣带来的荒谬，修正切嗣犯下的错误，做到切嗣没能做到的事，超越切嗣带来的枷锁，成就一个名叫卫宫士郎的货真价实的英雄。如果让你执笔被砍掉的伊莉雅线，你会怎么写？766 赞同 · 149 评论 回答在fate/stay night中saber，远坂凛，间桐樱，伊莉雅几位女主谁最不能接受卫宫士郎死亡？假如当初fate官方做出了伊莉雅线，樱会变成什么样呢？为什么间桐慎二没有当魔术师的资质，他却对魔术师有非常深的执念？,因为galgame的男主大部分是由女性攻略男主，而非男主攻略女性。是不是突然很震惊?大部分作品男主实际上只会帮助女主，而非爱上女主，而当女主爱上男主的时候，作为男主的你，可以考虑要不要选择这个，还是换一个。而fsn伊莉亚线还没有呈现出来，自然无法看到伊莉亚是如何攻略卫宫士郎，为何攻略你的。,因为型月没钱了，就把伊莉雅线给砍了。现在的HF线是间桐樱线与伊莉雅线的结合体，HF里和伊莉雅的日常部分就是来自于惨遭废弃命运的伊莉雅线。fsn实际上有些问题尚未解答。比如:红茶。在fsn里，红茶对伊莉雅都有一种特别的关照（比如HF剧场版里，对自己重拳出击，直接丢在地上，对姐姐轻拿轻放，温柔的一批），但已知三条线里没有一条线明确告知观众红茶和伊莉雅是如何产生联系的。而这一点很可能在消失的伊莉雅线里说出来。关于伊莉雅线，b站著名fate区up主迷老头 @阿卡林嫁给我吧 曾经出过一个视频，里面有他对伊莉雅线的猜测。在官方说明不会重置伊莉雅线后（万恶的蘑菇，我今天就要喝蘑菇汤），只能通过各大up主的分析管中窥豹伊莉雅线的全貌。视频的bv号我发在回答结尾了。BV1nb411E7EB
FGO中最毁原型人物的英灵是谁？,https://www.zhihu.com/question/496417123,No detailed description.,fgo就像高晓松。只有讲到你熟悉的事物/人物的时候，你才明白他说的有多离谱。而事实上，他一直都很离谱。,可以这么说，你越了解历史，越明白fgo的虚构。所有fgo角色，基本上都在毁原典，fgo塑造角色的方法是:技能组和宝具根据角色历史传说典籍来搞，被动根据职阶。人设根据历史传说，然后抓住一个点作为特点，放大，再放大，好了，角色完成。人设这个你没法理解的话，那就这么说，你小时候学习好，有礼貌，嘴巴甜，曾经跟着小伙伴疯玩，不小心用弹弓把邻居的玻璃打碎过，也跟小伙伴过家家，假扮白事过。你成了英灵，弓阶的你，人来疯，各种嘻嘻哈哈玩闹，贪玩，宝具是 百分百必中邻家玻璃。术阶的你，知书达理，待人温和，与人为善，宝具是 群体增益加防加攻回血。降临者的你，一身白衣，亡魂缠绕，疯言疯语，哭哭啼啼，整个人阴沉得很，宝具是 群体回血，加毅力。这样应该就能明白了吧？,我来跑个题——作为一个多年的fgo玩家，你如果问我“ fgo中毁原型人物的英灵有哪些？”，那我可以给你说出好多好多来。但是你问我的是“fgo中最毁原型人物的英灵是谁”……我思来想去也无法给出解决答案。我只能说，没有最毁，只有更毁……建议不要把fgo中的人物代入原型身上,布狄卡，没有之一。正史中，布狄卡被尼禄麾下的罗马军队搞得国破家亡。她自己和两位女儿被强奸，亲属被当成奴隶卖到罗马，王室财产被劫掠一空。最后，她起义失败而死。此等遭遇，此等血仇，说布狄卡和尼禄不共戴天不为过吧？结果呢？这俩人的剧情互动反过来了，布狄卡居然宠溺尼禄！？？？这TM比里番剧情还离谱。只能说一句，不愧是樱井光。,虽然我也是FGO玩家，但我觉得这个问题你应该反过来问：FGO中最不毁原型人物的英灵是谁……因为我左思右想，发现毁原型的远远比不毁原型的多，想要都列全实在太麻烦了。所以我在玩FGO的时候，也从来没真的把这些英灵代入成历史人物，只是当做一个有点背景参考的原创人物罢了。老实说，最早的FateStayNight，和FateZero，里面出现的英灵还是比较考究的。虽然蘑菇和老虚对人物塑造不一定完美，但至少你能看出来他们基本上是按照真实人物的路线来走的，并且努力让英灵看起来足够还原。包括亚瑟王，尽管他变成了美少女。但到了FGO里就……不同章节写手的水平参差不齐，而且还要兼顾到商业化因素。各种IF线英灵、娘化英灵、泳装英灵、凭依现有角色肉体现界的英灵……比起考究和还原，FGO更注重的是噱头和乐子。Fate系列的英灵其实有一个普遍的问题，那就是作者（包括蘑菇和老虚）很喜欢揪着英灵的某一个要素，将其无限夸张放大，而忽略了其作为一个真实/传说人物，ta的人设其实远没有那么片面。有些时候，作者抓住的要素，对于这个英灵本身来说其实并不重要，甚至可能只是个未被证实的传说或者八卦段子。当然这并不妨碍我玩得很开心。在我的心里，我喜欢阿尔托莉雅，不代表我就一定要喜欢亚瑟王。反之亦然。现实里我觉得武则天很厉害，不代表我就会喜欢游戏里那个双马尾萝莉。毕竟游戏是游戏，现实是现实。历史和各种神话传说也都属于不同位面，不需要太较真。,最毁的永远是下一个。前两个月还在看人喷FGO把君十一整成这样大约是彻底脑瘫了，结果现在就来个丢把弱气受呼延灼和萝莉史进。这么一比显得当初把燕青设定成精分变态神经病都是那么的尊重原设了。所以这个问题的答案其实是“FGO没有任何一个人物毁原设，因为他所有的人物其实根本没有原设，他们都只是同名而已”,推荐一下早期做游戏杂谈的sin的一句评价“卫宫这角色就告诉你，自己原创角色变从者都不像，还指望其他那些死八百年的角色能给你整像了”fate不是完全不考据，而是有野史就上野史，有传说就给你瞎编，只要历史没提到的部分通通给你开个脑洞。历史人物原型？创作素材罢了亚瑟王都能是女人就告诉你，型月历史完全是if线,一天，徒弟问师傅：FGO都瞎编了什么历史人物？ 师父抽了一口烟，敲了敲烟袋，慢慢地回答道： 要说FGO瞎编的历史人物，那可就多了去了。 有轻飘飘的就原谅灭族之仇的————布狄卡咬牙切齿 有杀人放火，奸淫掳掠被洗白白的————德雷克面色惨白，不敢再听下去 有撒谎，杀了亲弟抢位子，被说是为了国家的————罗慕路斯装成一颗大树，权当没听见 有鬼子的祖宗，做了跟鬼子一样的事，不敢落地的————木曾义仲大怒，拔剑四顾 有就做了一件错事，就被编排成贱人的————伊阿宋跑到了阿尔戈号的船舷边缘，想往下跳下去。 有错不在己，却被编排成渣男的————芬恩握紧了手中的长枪，虎口嘎嘎作响有有脑子的，被改成神经病的————上杉谦信举杯一饮而下，哀叹不已 有卖国，被改成爱国的————玛丽安托瓦内特浑身颤抖，手中宝扇当的一声掉到地上没有内涵的禽兽，被改成了热血漫的主角————丰臣秀吉开始猴叫 有点内涵，稍微想干点好事的，被改成唯我独尊，根本就不顾及别人的————尼禄骄傲地抬起了头 有痛改前非的，结果被改成自大狂的————吉尔佳美士挥了挥拳头 有怙恶不悛，死不悔改，却反而被改成傻白甜的————安娜史塔西亚怒目而视 生前人品还过得去的，可能会挨一刀————冲田总司泪眼汪汪 可是挨了一刀有时候也未必会把你当人看————源义经拔刀就要开杀 不要以为只有人会挨那一刀，哪怕是神仙也要挨————加摩叹了口气 就算是不挨那一刀，也有莫名其妙被编排成碧池的————梅芙已经张弓搭箭 生前就制定下侵华战略的，被写成搞笑型角色————织田信长哆哆嗦嗦搞笑的是把这个王八蛋烧烤了的，反而被写成扭曲的爱着她————明智光秀破口大骂 有好人被编排成混蛋的————阿周那勃然大怒，拍案而起，一道雷光就轰了过去 有羞辱好人老婆却被编排成圣人的————迦尔纳心惊肉跳，站立不稳，直接就坐到了地上 跟中国有关的，帅哥被改成变态那还是轻的————韩信蹲在墙角画圈圈 含冤而死的，被说成主动寻死————高长恭无语泪流 英雄盖世的，被说成是喜欢搞事————桃园三兄弟杀气腾腾 女性喜欢把情趣内衣穿在外面那也不算什么————虞姬赶紧披上了外套 最要命的是还来抢我国的历史文化，说典籍是他们的————鬼一法眼脸上冒出热气 喜欢认爹的直接被洗白白编成了机器人，大概是物以类聚吧？————吕布开始咆哮 好不容易塑造的有点意思了，画师和作者又他妈的要给你找事————秦始皇悲愤不已，仰天长啸！中国的也就算了，最离谱的是，直接把强奸变成真爱的————所罗门满脸通红，一句话都说不出来。 你说，这够不够多？这够不够多？ 徒弟默然半晌，终于爆出了一句：“卧槽！”————————————————————————————————————————根据佛洛依德的日本史记，侵华战略在织田信长时期就已经定下，XX,FGO奇妙的地方在于，其剧情内逻辑捋得越顺，相对于原型就越离谱。很多快餐厕纸网文一类的，它的毁原典在于“不顺”，在于“一点儿都不通”“不相似”，但FGO不同，它的毁原典在于，它竟然可以把逻辑在明面上捋顺，但因为南辕北辙，它越顺就越离谱。那些国外的例子不谈，就说中华系的从者，让大家更直观感受——项羽。在FGO里，项羽是类似机器人的存在，技术是复刻的哪吒，但因为“秦”时的技术达不到太乙真人的水平，所以存在较大差距。生产方为秦，是嬴政主导的，称“会稽零式”，核心工作是守护秦朝的太平安宁。理解为一台自主型原型高达就差不多了。在秦始皇千秋万代的的异闻带世界，因为始皇帝一直是皇帝，所以他是一个忠心耿耿的忠臣，直到主角团到来。稍微懂点历史的，在这里估计要气死了吧。而在所谓的“正史”也就是泛人类史里，随着秦始皇的死，他被项氏一族所启动，用于满足自己的野心，因为没有做后续的机能升级，所以外表一直维持着人类的模样，但功能自然远超人类，编剧借此解释了其力能扛鼎等霸道表现。其后，秦二世而亡，机器自动把核心目标改为“维护新王朝的太平”，但找不到新皇帝，所以他找啊找啊，找到了有皇帝资质萌芽的刘邦。但刘邦尚未成长为完成体的皇帝，其可覆盖的管理面积有限，所以机器决定主动缩小统治领域，也就是到处杀戮毁灭，编剧用这种方式解释为什么项羽到处烧杀。并且，这一过程中把刘邦的敌对全干掉，剩下的全支持刘邦，最后自己一死，便换来了太平的新王朝。整个流程是不是非常离谱，但又莫名其妙的顺畅？但越顺畅越感觉离谱？顺便一提，虞姬在FGO里是个吸血鬼，还是个吸血种真祖（也就是原型吸血鬼之一，不是被咬被传染的），所以她是不会死的，她只能在自己永生不死的情况下看着项羽被拆成碎片。编剧用这种方式解答为什么项羽会说“可奈何？”，毕竟如果只是一个舞女那有什么可奈何的……（这一段我是2.3老印象了，其实虞姬并不是吸血种，只是被误会）总结起来，FGO的项羽是不是完美的复合大家心目中武力超群、霸道第一、烧杀无数的霸王形象，时间轴上也满足从会稽出山到垓下之围的线索，还复刻了霸王别姬的经典桥段，有一种蜜汁非常还原的感觉？但看具体内容，是不是又觉得哪儿哪儿都不对？就……离谱，但通，越通越离谱。再看看前面各位的回答——比如爱迪生，狮子头是他的公司和电影元素，直流与交流之争是史实，爱迪生被刻画为没有那么天才，但可以把天才的发明量产化、实用化，因为还有美国历代总统的寄托，所以身披星条旗，成天美利坚美利坚的喊。这些元素是不是很还原？再比如武则天，因为不是天生的皇帝，而是夺权的皇帝，所以任用酷吏、不择手段、精通各种权谋包括美色，比一般皇帝更为残酷凶狠。是不是比某些剧里的白莲花武媚娘好很多？再比如哥伦布，既是鼓舞团队的优秀船长，是星之开拓者，又是奴隶贸易的黑心商人，脑子里都是通过奴隶赚大钱。因为出场少，只展露表面形象，甚至会让人觉得FGO在这人身上还原得非常好。总之，大部分都是这样，看起来顺畅，表面文章做得非常充足，但越了解史实越觉得实际演绎很别扭，可再别扭你又不能否定它这套野史私设的逻辑是真的顺畅，出场多才会觉得浑身不自在，出场少你甚至会觉得编剧对这人的理解很对。拿破仑例外，这个角色不同于大部分角色，大部分角色感觉还是我上面说的那种，各种挖野史然后捋逻辑，让其形象故事和大众心目中的印象去复合，但内里又不对劲。拿破仑盲猜是游戏方为了拓宽市场吸引男同，先设计了这么个爽朗粗野的扛着彩虹大炮的肌肉帅熊，然后再去找人物贴名字，所以“拿破仑”身上没有任何拿破仑要素，连身高都给你干到一米九，络腮胡贴的要多刻板同性恋审美就多同性恋审美，再加上那个同性恋最爱的爽朗笑容，简直了……浑身上下都是同性恋元素，跟拿破仑三个字真的不沾边。,补充一位志度内。其他角色最多魔改到只剩名字，这位就不一样了：阿依努神话里根本就没有这号人，所谓“志度内”的传说就是20世纪日本学者瞎编出来，而后被北海道政府强加给阿依努人的钦定风俗。主要的锅在20世纪和族民俗学者和北海道政府，倒也没法给樱井扣太大的帽子（最多也就一个考据不力）。但考虑到阿依努文化的现状，这种事还是让人难绷。,不如反过来问fgo里最符合人物原型的角色是谁？,来给你瞅一眼：九纹龙史进（不是那个小萝莉，是傍边那条玩具龙）
如果一个英灵的面板全是E-，它能打过普通人吗？,https://www.zhihu.com/question/478205577,拥有所有的技能和宝具，当然等级也是E-。,FATE世界里从者再怎么弱也比普通人强，因为从者这个概念本身就是由人类死后升华而来的。目前面板属性最低的从者是玛塔哈丽。玛塔哈丽她的筋力E、敏捷E、耐久E、幸运D、宝具A+。实际战斗力基本等于零，自己也自嘲没有任何战斗力。但即便如此，玛塔哈丽在魅惑普通人方面堪称一把好手，普通人不分男女老幼只要与她说上一句话就会被她魅惑甚至被她挑拨内讧（技能“背叛者”），并且只要她自己不被猪队友揭发就永远不会被敌人发现（技能“谍报”）。然而这还不是她的宝具.....她的宝具“阳眼之女”能通过舞蹈强制性麻痹对方的神经，造成类似于醉酒的效果，进而像操控人偶那样控制对方行动，最多能魅惑100人，并且魅惑效果消失后对方也不会记得自己被魅惑了，可谓杀人于无形。,首先你得知道啥叫e-。fate里面的评级不是个绝对的数值，和自身潜力、神秘度之类的有关。比如爱迪生破神秘，能力满级只有e（更正：d）；狂兰抓核弹当宝具，核弹没有神秘度，宝具等级也是e（修正：d）。其次你得说啥算普通人。我没明白你是指不会魔术的普通人，还是普通人类。是不会魔术的普通人？那肯定能打得过，安徒生说自己很菜也能写死你，小安单凭反伤也能干掉几乎不能自愈的普通人。从者灵基也比普通肉体更强，肉搏也能捶死普通人。是普通魔术师？那也差不多。是低位阶还是高位阶魔术师？低位阶就说不准了，开位的藤丸立香也有从者之影；高位阶更说不定了，说到底，冠位魔术师、封印指定、君主也都能算普通人类。另外，“拥有所有的技能和宝具”，我没明白这句话。你不会是指他有个比王之宝库还厉害的宝具库吧…这玩意坐地就不可能是e-了。另外还有什么领域外的生命、自我显现之类的被动以及十之王冠、黑豆沙馅之类的主动技能，都拥有…？这是做了个创世神啊…,根据FSN的设定，E就是常人的数倍左右。全E-也能吊打普通人，因为“-”在FATE设定是“特殊时期无法完全发挥”的意思。全E就是身体素质包括运气数倍普通人，综合的效果怕不是能一挑几百普通人，全E-顶多不稳定而已。至于你说的技能和宝具全E-我不是很理解，因为FATE的逻辑不是“所有技能分为EX/A/B/C/D/E等几个等级”，而是类似于“这个技能对比同种类技能分为EX/A/B/C/D/E等几个等级”，技能的等级仅仅是与同类技能做对比时的强度参考，而不是所有技能的通用强度。比如现在有“技能1等级A”和“技能2等级C”，技能1是A的话，那么它比同种类技能1的BCDE级强。但不代表它比等级C的技能2强，因为有些强力技能即使只有C级都比某些A级的弱小技能有用。所以“全技能等级E-”其实没什么意义，某些强力技能就算E-都可能比其它技能等级A的效果好。全宝具E-就更莫名其妙了，因为是宝具的强度决定了等级而不是等级决定了强度。比如誓约胜利剑是不会有E-级的，因为它的火力决定它只能是A++级，不存在“其它等级的誓约胜利剑”。全宝具E-我就当只有E-级的宝具吧，事实上目前最低宝具只有等级E——龙娘的鲜血魔娘，但是这个宝具按设定也是足以破坏人类精神的声音和足以损伤人体的大范围龙息。可以的话吧小次郎的燕返也算上，这货宝具等级无，比E还低。现在，一个从者，身体素质包括运气全方位数倍普通人，有燕返这种高超剑技，还有鲜血魔娘这种大范围杀伤武器。所有E级技能里总有几个变态到离谱的比如“菩提树之悟”和“十之王冠”(我觉得一些变态技能应该和宝具一样，不存在其它等级)，实际上领导力E就足够率领一个小团队了。你问我他能不能打赢普通人？你就光给普通人一个燕返就够了。普通人真像赢可能只能期待病弱E和头痛E发动吧。,全面版E-……筋力E-，耐久E-，敏捷E-魔力E-，幸运E-，宝具E-这……如果不看宝具和技能，基本无了啊。“筋力”代表了肉体的强度，包括静态力和爆发力，也就是纯粹的力量与速度，以及理论上承受冲击的肌肉和骨骼。“耐久”指承受消耗量的多少，体力、耐力、精力、抵抗力，甚至还包括护甲的性能。“敏捷”则是动作的灵活性、反应能力和平衡能力，直观的说就是稳、准、狠，一般运动能力优异则敏捷高。所以一般“筋力”“耐久”“敏捷”是白刃战最重要的三个属性，而“E-”等级……虽然至今不清楚能力值对应的具体数值，但——“筋力E”，包括美狄亚、安徒生、斯忒诺等（其实还有能扛起雷帝的阿纳斯塔西娅）“耐久E”，包括美杜莎、莫扎特、佐佐木小次郎等“敏捷E”，包括玛塔·哈丽、刑部姬、爱迪生等其中玛塔·哈丽、刑部姬、安徒生是三项全“E”。正常情况下人类从者化，三项数值至少为E，稍微优秀的就能上D。而“E-”表示比最低等级还低，只是不确定“-”是代表能力上的缺陷，或单纯的数值过低。如果并非缺陷的话，“筋力E-”至少也是普通人的层次，不会影响正常生活，而“耐久E-”意味着是完全没有肉体外抵抗伤害的能力或体力极差，如果说这两个不够直观的话，那最重要的是“敏捷E-”，这代表着十分迟钝或难以掌控自己的身体做出准确的动作，也就是容易失误。所以，普通人的话，“筋力E-”意味着不至于被一击秒杀，“耐久E-”表示可以打出伤害，而“敏捷E-”则能让自己始终占据先机——前提是这个普通人也必须素质过硬，至少敏捷和胆识要过关，在不接触神秘的情况下，持械的武术家和军人最好。被强化过的葛木老师一击必杀的R姐，和被强化过的凛一击打到吐血的C妈，还有宝具无效后被非巅峰麻婆反杀的咒腕应该心有感触。虽然以上三位都不是常人，但被打的从者也不是菜鸡。如果“筋力”“耐久”“敏捷”三项全“E-”的话，在没有棘手的技能和宝具的情况下，训练过后的普通人应该还是能应付的。“幸运E-”只在进行一些判定时有用，或许会影响部分能力的发挥，但也可能完全没影响，并不会发生厄运缠身的情况。至于“魔力E-”就涉及技能和宝具了，“宝具E-”可能无用但也可能翻盘，这才是变数最大的。,这个E吧主要是针对从者而言是最低一档，但是不代表对人类而言啊，举个例子，三藏，筋力是E，所以一般来讲是以魔力作为主要作战手段的，但有一说一，一个普通人你上去跟妖僧纯体术对抗，你看她能不能拿禅杖呼死你（笑）,JOJO里有句名言：杀人是不需要力量的从者只需要有【灵体化】和【只受神秘伤害】这两基本特性就足以碾压普通人怎么也不会比一般的恶灵弱,英灵总得有一个成为英灵的理由，属性越弱的英灵可能在某方面越突出，比如说小安，最弱的英灵，但是在杀人能力上可以说是顶级水准,fate系列战力还没有膨胀的时候，也就是fsn时期，最弱从者小安就是被评价为与普通人类差不多的战斗力，而且小安还没有惨到六维全是E-，起码敏捷是A。不过战力膨胀后嘛……FA里黑方caster阿维斯布隆量产出来的魔偶被评价为“相当于E级从者”，大概就符合你说的六维全E-，但是小说里对魔偶的另外描述是“相当于主战坦克的强度”……emmm（注：然后被二流从者杰克随手拆，被小莫开魔放直接震碎一大群）。,拥有所有技能和宝具是吧？单独显现：呈现出已然存于所有时空中的性质，时间旅行之类的干涉无效，也不会被即死类能力影响，不会被魅惑。藉由单独显现这个技能，人类恶是不会真正意义上死亡的，只是被驱逐，回到虚数之海。换句话说，只要愿意，可以无数次重开。生命之海：通过循环神代的真以太，得到无限的魔力，被捕获的生命会被随机赋予各种改造并自动成为人类的敌人。凭这个能力，黑泥铺场，你选单挑还是群殴？我不需要别的技能，也不用看什么面板全是E－这种所谓的缺点。普通人能过这俩组合技就足够吹一辈子了。,E级也不低了，假设你是想说假设英灵属性比普通人还弱，还能打得赢普通人吗？不然没啥讨论价值，灵体化还有神秘减伤这些放普通人身上，都是能够吊打其他普通人的超能力。不过即使如此，也有很大可能打败普通人（常规意义上的），毕竟战斗经验什么的都摆这里了，有以弱胜强经历的应该都没问题。,e-月世界有代行者这个强度的多半打得赢，目前月世界登场的代行者没啥实战的貌似就言峰爹，其他几位个顶个的人间怪物一般人洗洗睡吧,实际上这个问题，应该说平行世界的普通人你在成为了从者后(这个英灵面板全是E-完全合理吧)，那么你能不能打嬴他。完全不可能打的嬴好吗。从者灵体化加最低水平的神秘度加成，所以即使是E-的身体素质最少也要比你本体强上一半左右。还有一个即使是最弱的宝具，比如说:炉石卡牌-闪金镇步兵，宝具等级E-召唤1个属性1-2会强制性嘲讽的闪金镇步兵。
苍崎橙子作为魔术师是怎样水准，放在Fate系列能成为一名出色的Master吗？,https://www.zhihu.com/question/287804302,No detailed description.,温馨提示：嫌字数多的话直接看黑粗字就行。多图。手机浏览请注意流量。蘑菇原话：「腿太性感了，这人到底肿么回事啊为毛这么性感啊」苍崎橙子作为魔术师是怎样水准，放在Fate系列能成为一名出色的Master吗？题主这个问题具体分为两个方面。即：苍崎橙子作为魔术师是怎样水准？苍崎橙子放在Fate系列能成为一名出色的Master吗？所以下面我也分成「Q1」「Q2」两个部分回答。Q1：苍崎橙子作为魔术师是怎样水准？魔术师的水准可以理解为「魔术造诣」和「魔术战力」两个方面，「魔术战力」又可以分为「实力设定」和「战绩表现」两个方面。以下就分为三个方面进行解说（可直接点击二级目录跳转）一、苍崎橙子的魔术造诣答案很简单：顶级水准虽然「魔术师的水准」的判断标准有很多，但是综合而言，能够被时钟塔授予「冠位」这一阶位称号，本身就是苍崎橙子魔术造诣水准的最好证明。「冠位」阶位之于魔术世界，就如同诺贝尔奖之于三次元世界，甚至比诺贝尔奖还要光荣千百倍。毕竟诺奖年年都会评选多人，获得诺奖也未必就能被大众记住名字。但在型月世界，数年、数十年都未必能评出一个「冠位」[1][2]。可以说，拥有一个「冠位」阶位，意味着其魔术造诣在整个魔术协会史上也绝对是最顶级的水准。FGO中以礼装的形式登场的橙子二、苍崎橙子的魔术战力之实力设定橙子的实力包括橙子所能支配的战斗单位（人偶、使魔、魔术道具）以及橙子自身的个体实力等多个方面。（一）橙子可支配的战斗单位之「人偶」橙子的人偶的性能是型月最顶级的。虽然人偶本身的战斗力并没有达到型月「最强」的水准，但是论制作人偶的水平，目前已登场的所有型月角色中无人能出橙子之右[3]。有的人私信问我「人偶」和「人造人」的区别是什么。我放一张FGO里的图，可以自己试着体会。[4]（二）橙子可支配的战斗单位之「使魔」除了战斗人偶之外，橙子的战斗力还取决于橙子的使魔的战斗力。考虑到这一点的话，《魔法使之夜》中的橙子的实力可谓是达到了目前已登场的所有魔术师们的巅峰。因为《魔术师之夜》中的橙子的契约使魔是金狼贝奥。魔でもなく幻でもなく、聖なるものにも留まらない。——「非魔非幻，不止于圣。」这是对金狼的评价。这意味着金狼是神兽之域的存在[5]。而且，即便是放在神兽之中，金狼的存在也是极为特殊的。他是「星球所生的神秘」「生命活动历经几千几万年方能罕见地溢出来的奇迹般的一滴」「类似于爱尔奎特的亲戚」。他身披3000年当量的神秘，相性上完克神代以后的魔术师。即便是神代的魔术师们，甚至是从者们的绝大多数，在金狼面前恐怕也都要先掂量掂量自己能算几斤几两。（三）橙子可支配的战斗单位之「箱／匣」（魔术道具）即便是没有了金狼、没有了战斗人偶的情况下，《空之境界》中的橙子仍然留有后手——「匣中魔」[6]。橙子有几个「箱子」形态的战斗道具[7]，其中《空之境界》中登场的「匣中魔」算是已知最强。这个「匣中魔」是宝具级的货物，而且可与圣枪伦戈米尼亚德匹敌[8]。（四）橙子自身的个体实力橙子自身的战斗能力主要包括卢恩符文、她自己改造的魔眼、以及从那些前来挑战她并被她反杀的挑战者们那里夺得的众多魔术刻印等等。橙子的魔眼橙子的魔术刻印作为人偶师的橙子本身的战斗力并未达到型月顶级水准[9]，而她的主要战斗风格也都是依靠人偶、使魔等她所支配的身外的战斗单位来进行的。因为，橙子和阿特拉斯院的炼金术士们信奉着同样的信条——无需身为最强，只需创造最强。三、苍崎橙子的魔术战力之战绩表现橙子的战绩异常彪悍。包括：多次歼灭执行者大队（不是一对一，是一对多反杀，而且不止一次）完胜科尔奈利乌斯·阿鲁巴多次与从者硬刚（包括弗朗索瓦·普雷拉蒂，赫费斯提翁等）与金狼联手，和魔眼收集列车、北海的巨大古代种、通往异界的三角形之海“百慕大”，神代联盟等交战，并且全部胜利。其中与「神代联盟」交战并取得胜利这一点尤其值得注意。因为按照《月姬》重制版的设定[10]，「神代联盟」实际上是一个由「死徒二十七祖」中的五名古参[11]级成员组成的联盟。战胜「神代联盟」也就意味着橙子和金狼的组合战胜了五名古参祖。（除了在异闻带特殊环境下能够使用理想魔术的基什塔利亚，和身为根源接续者能够召唤Beast的纱条爱歌之外，可谓是目前已知魔术师的最高战绩，甚至超过了现魔道元帅巴瑟洛梅。）Q2：苍崎橙子放在Fate系列能成为一名出色的Master吗？看具体情况。题主没有问苍崎橙子「能否成为一流的御主」，而是问「能否成为出色的御主」。那么这个问题就复杂多了。作为御主是否「一流」，看的是作为魔术师的水准。作为御主是否「出色」，看得却是和从者的契合度。所以，橙子能否成为一名「出色」的御主，就得看能否召唤出与她「合得来」的从者了。贝奥的人类形态依我看，如果是放在「什么都能成为从者」的万能的FGO世界中的话，橙子其实直接召唤金狼贝奥出来当使魔就行（反正从者本来就是使魔的一种）。毕竟橙子和贝奥的契合度还是非常高的。参考^从「冠位」称号被称为「幻の称号」这点来推测，恐怕整个时钟塔历史上获得过这个称号的人也是为数稀少。^除了达尼克这个平行世界的特例之外，型月二十年历史中目前只有橙子一人被型月官方设定成了「冠位」阶位的拥有者。^爱因兹贝伦家族的「人造人」和橙子的「人偶」不是一个概念。^当然，这些例子都只是最粗糙的实例，却也恰恰因此才能够在系统层面上明显识别出两者的差别。如果制作技艺提高了的话，「人偶」也好「人造人」也好，都差不多和真实人类一摸一样，也就难以看出两者在系统上的差异了。^月姬世界观中的「圣兽」和Fate世界观中的「神兽」相当。^此非官方名称，纯属是答主为图方便而使用的称呼。^严格来说也算一种使魔。^该设定出自《君主·埃尔梅罗二世事件簿》^起码应该不至于像现任魔导元帅巴瑟梅罗那样能够单挑和封印死徒二十七组成员。^《月姬Remake 设定集》p100>词条「二十七祖」^古参指的是「死徒二十七祖」中从公元前便已存在的成员。公元后成为二十七祖的成员则被称为「新参」。,还是那个问题：参加那一届？东京那两届没戏。有沙条爱歌。冬木四战在1994年，那会儿橙子被封印指定中，这种等级的人物名气太大，来参战的话肯尼斯肯定一眼就能认出来，然后一个电话一帮封印指定执行人就杀过来了。即便肯尼斯不打这个电话，经常去法政科领任务的卫宫切嗣也有她的资料，这位可是不择手段的人，所以他100%会报警摇人。被杀光储备人偶在其他地点复活也是一样的。冬木五战那会儿她应该回三咲市了，也不知道是啥原因。——难道是浪了几年的青子回家，发现草十郎和有珠不仅结了婚，连孩子都会打酱油了，然后第五魔法使大人心态崩了大闹特闹，有珠让橙子赶紧回家救火？如果没有回三咲市，那就是又被封印指定了，继续东躲西藏中。反正这货不是在被封印指定，就是在被封印指定的路上。作为御主，她可能最大的问题是：根本没有想拿圣杯的理由啊！她已经做到了不死，封印指定不过是麻烦一点，对于魔术她看得也很开。她本人也不是什么理想主义者，潇洒得很。根源通道？很稀奇吗？她手下一名员工就自带根源之涡，还附赠一对价值至少十亿美金的魔眼。可橙子除了找各种理由拖欠工资外，动过其他歪脑筋吗？橙子可不屑于玩什么“因抵达而获得”，而是打算正儿八经地凭借自己的魔术研究“因获得而抵达”的。她应该会对爱因兹贝伦感兴趣，毕竟是第三法魔法使留下的人偶技术，属于专业对口。说不定她去大圣杯瞄一眼第三法启动术式后就会心满意足地让从者自己玩，自己则退场离开了。有了第三法的启动术式，说不定她回去研究个十几年，魔法就到手了。没错，苍崎橙子是公认的已知最接近第三法的魔术师。橙子这种性格就不适合当御主，而是作为机械降神或者干脆就是解说员：比如全程陪着士郎打五战，充当专业解说或者气氛组。或者在樱即将成为小安的御主时出手。扔给士郎一发解除魔力联系的礼装。,橙子与fate的交集已经足够多了，问题是，橙子和二世一样，都知晓了圣杯战争的黑幕，又不像二世一样有着为了再见大帝一面的愿望，所以，橙子没有参加圣杯战争的前提，没有作为master的可能。fsf作为特别外传，提到橙子击杀法兰契丝卡，这是什么概念，横飞姬是依然活着的caster，并且实力不容小觑，否则也不会游刃有余地待在天上看戏。也就是说，橙子本身的战斗实力已经是从者级别了，还是中上水准，一般从者在战斗方面甚至不如她。光是一个无限替身，别的人战斗续行办得到吗？所以，橙子要落地也会是作为从者，当master太屈才了，和二世一样被历史上的人偶师或神灵附体。硬要说可能的话，出色的master肯定是谈不上的，和大多数从者相性不会太好。那么出色的master有谁呢？无论是谁，谈出不出色都得看和从者的相性，目前作为master最出色的。没错，就是本咕哒，与英灵的无限亲和力，迦勒底对时钟塔是刻意隐瞒了这一点，不然咕哒肯定是要被封印指定的。还有就是扎比子，型月第一后宫王。那么橙子和他们的差距……很大，可以说完全不是类似的性格。只能和听话的从者处得好。小太阳，阿周那，总司，恩奇都这类不会与御主起冲突的还算可以——但这些从者已经算是无论谁是御主都没关系的程度，也能变相说明橙子作为御主是极差的了。明明自己的使魔都足够强了，为什么还要借用不那么听话的死人的力量，如果是橙子大概会这么想。所以，为啥要屈才当骂死他，自己上去打不就完了，能把你切嗣起源弹都打光,具体可以参考空之境界、魔法师之夜还有二世的小说。1，橙子它已经是死不了，这个人体死后，下个肉体就启动了。不清楚这套路的话一辈子都杀不死橙子。2，人形高达浮游炮大姐，用人偶作为枪支射击然后再在这上面还叠了个直角魔眼buff，从而形成了无限的射击的浮游炮。3，使魔，金狗子，怪物投影仪箱子，还有一堆高强度人偶，甚至还有几个是能做到半永久驱动的。4，卢恩魔术，这里的卢恩魔术并不是原初的卢恩魔术，而是通过流传下来的几个卢恩符文再现出来的魔术基盘，人话就是盗版卢恩魔术。这姐们满满的都是狠活，都能正面去刚从者了。还有必要去当master吗。,时间上 四战封印指定期间，会被肯尼斯（30%）和切嗣（100%）两个时钟塔强相关举报。五战已放出来，不过在代理巴鲁叶雷塔进行冠位决议。,大概就是你每杀一个橙子就会蹦出来一个更强的橙子，除非那种完全的实力碾压或者拥有超高的不死性，你之前使用的套路还容易被大概率破解的程度？,橙子在现代魔术师中算的上是顶尖水平。依靠她的人偶以及使魔，可以在魔术战中起到极大的作用，参考阿鲁巴。魔夜里拥有贝奥的橙子感觉可以横着走，神秘杀手这个bug设定。(魔术师里能搞过他的感觉也就ubw hd结局的凛了吧)master这个还是看相性如何，能召唤的话215和monster大概可以相处很好，幼闪大狗那样。,若问魔术水平，那是现代魔术师里最顶尖的水平——冠位若问战斗力，那么本体没有从者级。早期访谈和平宝从者对战名单上榜上无人。空境时期不如鲜花。事件簿里的表现也是被没用宝具的Faker压着打，也就魔眼五五开，但Faker的魔眼本身也不是什么高级货。橙子战斗主要还是靠使魔。作为Master的话供魔肯定是没问题的。,以苍崎橙子的实力，她自己当从者都可以了吧？考虑到红A这种情况，我琢磨着有没有可能橙子直接召唤出来未来的自己作为术阶？那这样她不但是御主的同时还是从者，也就差不多是C妈的定位吧。,某一次跑团圣杯战争我建的卡就是御主橙子姐，建卡核心就是手操人偶对打从者，魔眼压制御主，挂掉之后远程复活，基本按空境橙子姐的6成实力来建，点数不够了没有办法拿出魔夜版原初卢恩光能大炮的橙子姐。结局是好好活到最后，还剧情杀了胜者组御主，逼迫saber自毁宝具，一个人干了御主、魔术协会封印目标、收拾残局的可靠大姐姐的三人份的角色。最吓人的是自家从者狂战士没活过三场战斗，手拆assassin杀手陷阱结果陷阱爆炸，assassin满心以为干死一个御主，结果下一晚上活蹦乱跳的橙子姐（二号机）给assassin组御主当场吓到自闭。此外还干过魔眼力压saber一回合，然后人偶一拳打穿saber物防给saber干懵了紧急撤退的惊人操作（其实再继续打下去saber稳赢，不过saber的pc不够冷静，以为魔眼还能继续压制下去要被狂战士翻盘，而且人偶那一拳是因为同时兼具魔术和物理伤害，saber以为自己物防无敌没想到还有混乱伤害）。讲道理，空境橙子姐当御主实力是在的，光复活、搜索敌人御主和人偶操作就已经相当致命了，更别提人家是赤之位，从者能直接发挥十成实力。你如果把魔夜里贝奥当成一个A级从者，魔夜橙子姐的御主水准已经强的可怕了，要不是草十郎和青子先后降神后果简直不堪设想。,我不知道我印象里和荒耶宗莲打的那个是不是她了，我就当是吧。水平设定很高，实战很渣。没主角光环当不了马斯塔。进到荒耶宗莲化成的大楼后，在对话中得知这是荒耶宗莲肚子里。我的第一反映是“那墙壁不就是他内脏壁了吗？然后该远离墙壁站在屋子中间了吧，然后该怎么办呢？”苍崎青子第一反应是“我靠着墙然后警戒四周，靠墙最安全惹”然后被墙秒了，秒的瞬间好像她才反应过来这是内脏壁。我看的时候：？？？？？你说这临场反应力判断力用的好令咒么？设定上是论剑五绝，实战就像个里番女骑士，可用任意傻白方式翻车。不是备用身体多就真的挂了。你说她杀了阿什么实战不弱？型月中坚级魔术师以下有几个不是吹的很牛，一实战就菜鸡的。俩实战菜鸡互啄可不就看面板么。代表人物就是事件簿一直吹坟，逼格不断回升但死的依旧逆转不了他羞耻死亡的肯主任。型月里这群魔术师就像朱颜血里的正道一样面板高实战乏力轻易栽跟头。朱颜血的女高手们好歹只失去了四肢做rbq，没丢了命。,实力方面，在魔术战中能和faker打得难分难解（faker的带有对魔力buff的护身符接了橙子的一发卢恩炮后直接报废，拘束魔术被橙子轻易解除，两人用魔眼互怼结果是双方都动不了。而且faker亲口承认，单论对术式的运用，橙子在其之上），和斯芬、莱妮丝联手能够勉强打退faker，投影仪使魔甚至略微伤到了faker的战车宝具。而且战斗中哈特雷斯和faker都害怕橙子放出箱中魔物，也就是说拥有干掉从者的底牌（箱中魔物的逼格极高，设定里是代表着人类原初恐惧的玩意，二世事件簿的剧情里，格蕾认为需要解放圣枪才能对付这种东西）。总结，就算排除掉金狼、箱中魔物，橙子本身的战斗力也是可以和从者、神代魔术师对战的（虽然faker在这里面属于很拉胯的级别）。算上金狼、箱中魔物、以及无数备用替身的话，在常规杯战中估计自身就抵得上一位从者的战力。
战锤40k的人类帝皇放到fate世界观中会被设定成怎样的英灵？,https://www.zhihu.com/question/405866095,假设基于40k的帝皇的经历，功绩全部都是在月球宇宙真实发生的，那么阿赖耶识会如何设定帝皇呢？,好家伙，我直接好家伙！来，我们先捋清楚帝皇干了些啥人类史上第一次谋杀的制造者、不死不灭（真正意义上的）、出现时间先于人类的黄金时代，并在此前以各种贤者、带师的身份默默推动人类文明发展、创造雷霆战士、星际战士等猛男军团并发动大远征席卷了整个银河系、白嫖了亚空间的力量（虽然一定程度上失败了）、创造出来的18个儿子个个能打且大多是一方豪强（星球级别）ps:砍王没成功是因为被帝皇半道截下了以及在降落时被黑暗灵族黑了一把耗尽了力量，想象一下一个小孩大杀四方的场景…至于珞珈…自个儿丢人就是了…在自己最喜爱的儿子发动叛乱后自愿坐在了黄金王座之上，以自己为代价强行让帝国苟了下来、虽然自己不愿承认但其力量已经基本可以等同于神，就算坐在黄金王座被吸成了一副干尸，其灵能力量也能影响到亚空间（普通恶魔被照一下就是死）、甚至在忍受了一万年的痛苦后还能跟来看望自己的蓝爷爷基里曼唠两句家常（并不）、能处理整个帝国的政务（帝国的疆域是整个银河系）帝国的大头、星际战士们打仗时动不动就是“为了帝皇”！“帝皇在上啊”！能将自己的存在镌刻在全银河系的人身上的男人！然后…你说帝皇干的这些事儿都发生在型月宇宙？那结果就很简单了，众所周知神灵级别的人物在被召唤时缩水厉害得很（比如阿尔忒弥丝&俄里翁）并且还必须注意到，跟帝皇比起来，地球的神明简直可以说丢人丢到姥姥家了，会受伤，会死，诸神黄昏这种操作一来直接全灭。而帝皇这种级别…抽干半个地球的魔力不过分吧？就这样，甚至都可能难以召唤帝皇的一个侧面，而就这样的“帝皇”，恐怕刚出来御主就被吸成了干尸，随手捏死那些顶级英灵什么闪闪呆毛小太阳、黑狗海叔伊什塔尔并不比捏死一只小动物难，还手都还不了的那种。召唤是不可能召唤的，这辈子都不可能召唤，除非编剧脑洞大开让人类面对星球级别的敌人，然后一地球的魔术师齐心协力召唤帝皇打一发平A啥的（魔术师命运共同体形成，好耶！）你可能觉得我太夸张，那我再举一个例子“英雄马卡多”人类第二强强灵能者（第一当然是帝皇），被发飙的原体（帝皇创造的儿子）珞珈用一记灵能狠狠打飞后只是小伤，且没一会儿就复原了、在宇宙中创造一个领域（星球）并将其中的时间加速，再把星际战士丢进去训练，以此用极短的时间创造出了专业反灵能部队灰骑士、让原体们亲切地称呼他为马叔（存疑）然后这样的马卡多，在代替帝皇坐上黄金王座一天后，便化为飞灰，临死前马卡多将自己最后的灵能传给了帝皇，让“英雄马卡多”之名长存。现在明白帝皇的能力有多夸张了么？况且在帝皇面前阿赖耶识就是个弟弟好么，不服？不服就张嘴吃旋风鱼雷这种铸造世界要多少有多少的爆星武器，专治不服。最后，帝皇还没死呢！人家只是在黄金王座上干耗着，没死怎么成为英灵？答案是帝皇跳下了黄金马桶并自封了一个（好耶）ps:我瞎吉尔写的，两部作品间的战力差、设定差大的离谱。如有纰漏欢迎指正。,以下厨力放出小心，辣鸡文笔小心Class:Saber真名：⬛⬛⬛⬛⬛⬛⬛⬛(⬛⬛⬛⬛⬛⬛⬛⬛⬛）出典：⬛⬛⬛⬛⬛(⬛⬛⬛⬛⬛⬛⬛⬛⬛⬛⬛⬛）性别：男武装：无名之剑属性：人阵营：守序 善地域：银河系喜好：无厌恶：无基本属性：力量：A敏捷：A魔力：EX耐久：EX幸运：-宝具：A基本属性没有计算技能增强与知名度补正阶职技能单独显现 A：特殊技能。单独行动的究极（Ultra）上位版。以于某个时间点、某个可能存在的过去或未来中抵达了圆满的证明。由于存在业已得到确定之故，拥有对即死，以及时间操纵系攻击的相应耐性。另外，该技能也表现了“自己存在于任何时空中”，因此不仅运用时间旅行造成时间悖论等攻击对祂无效，连各种即死系攻击也能被取消。烈士之圣坛 D → E-：以自身取代通往「   」的轮回管道，收纳一切与其享有共同悲望的同族之魂于当下“时间点”，本可依靠收纳的英魂，为saber提供接近一般神代caster的施法能力但本技能被saber为适应灵基规模而主动返还对魔力 EX：将几乎一切有害魔术的效果无效化，此为在技能影响下增强后的表现神性D+++：融合了人类认知范围内的一切神性，超复合拟似神性因外界的信仰所附加的伪物，于某个残酷未来穿透时空的回响乘骑 EX：驾驭坐骑的能力，EX级可以乘骑包括龙种在内的全部幻想种saber的情况，在“乘骑”人造物时可以额外发挥出不可思议的神技固有技能领袖气质 A+++：指挥军团的天性才能领导力是稀少的才能，据说就算是一国之王只要有等级B就很足够了达到A+++的水平，诅咒一般的Chrisma（魅力）足以将其触角探出太阳系只是存在于敌人面前面前，就可依照敌对者耐久高低对其进行士气衰减判定，耐久低于D的敌人将会追加进行重压与眩晕判定完成者（Ultimate One）B→E：阿赖耶识的UO，灵长目人科顶点的结晶全属性判定时上升一阶，依照场合追加增益补强，否定星球赋予的神性与权能，为自身赋予对肃正防御，只是存在本身即可抵消他者对于物理概念的干涉B级是当下“时间点”的级别，假如再跨越数十个千年，终将会提升至超越任何单一星体UO的EX级本技能因灵基规模限制，出力被极大限制心眼（真） EX：从修行、锻炼中培养出的洞察力。能够在劣势中冷静地把握自身状况与敌人能力，并找出活路的“战斗理论”。达到EX级的情况下，可由现在已知的情报进行前后推演，达成接近未来视/过去视的技能效果，只要获胜的可能性存在于概率之海中，就能将其抓住并以战术实行。换句话说，在当下地球（Terra），可以在遭遇战中依靠自身技艺击败这名从者的个体，不存在魔力放出（光） EX：通过让武器甚至自己的肉体带着魔力，并且瞬间释放出来，使能力得到提升。化为光之洪流奔涌而出的魔力，在极大增强自身外，还可以治疗与增强友军，并将敌对者焚为焦炭。宝具无名之剑（Sword of Nobody）B两米长的欧式长剑，来自抑制力的支援，为祂能适应本阶职提供的兵装除去身为兵器本身的优异质量之外，并没有额外性能本人似乎并不喜欢，更倾向使用召唤出时代的人造武器于此地歌颂人之睿智（Age of Humanity）    EX（对军宝具）无法使用，Saber为了适应灵基规模主动返还的宝具展示人类的可能性，召唤出现在/过去/未来任何时代的人类造物，与权能似是而非的宝具无论是生物演算的超级电脑、起死回生的纳米灵药、徘徊在灵能迷宫中的禁忌智械、足以击杀神明的黑色铳枪，只要存在于人类造物的可能性中，就在祂的召唤范围之内呼唤出40个千年后远胜赛法卢的超级飞天教堂，也不无可能因为召唤行为本身接近第二法与第四法的联合施放，在灵基规模被限制的情况下，没有抑制力作为后盾绝难提供足够的魔力万物灵长（Omnisiah）   EX→A（对人宝具）Saber为了适应灵基规模主动删减的宝具，宝具等级及规模已大幅下降原本是昭示“建立属于人类的世界”这一伟业，如恒星般闪耀的全身甲，给予saber完全复写所处环境物理法则的空想具现化（Marble Phantom）能力，展示人类守护者的威能如今是纤细的荆环状金色头冠，原本足以复写一个世界（Planet）的空想具现化能力，现在被局限在saber自身的小寰宇中，为saber的身躯覆盖A级宝具的神秘度，赋予强大的对外界抗性此宝具的防御性质与具备固定性能的神造兵装不同，乃是与人类一同处于进化之路的可适应性防御，对来犯攻击的性质越为了解就会形成越为强大的概念防御在本职介的情况下，可以追加魔力将其覆盖至被saber视为手足延伸的长剑类武器上愿彼方永记人之凯歌（Conquer of Humanity）   EX（概念宝具）灭绝凶兽、抹平山脉、斩断河川、斥退海洋，以单一个体再现人类“星辰征服”的宝具永久发动型宝具，依靠层层累加在saber身上的扩张权能，在几乎不增加saber魔力消耗的同时，可以将saber的任何行动造成的“效果”以十为倍数扩增，对于本就武力惊人的saber来说尤其适合迈步冲锋即是十倍马赫，抬手一拳如同重炮齐射，提剑一挥足以开山裂石真名解放的情况下足以将saber的一个单一攻击动作，以千倍规模进行放大，达成超越神灵级魔术的毁灭效果,1.论事迹：型月世界所有的英灵，所做的事，都远远不如帝皇来得影响力大。帝皇几乎参与了整个人类史，可谓是比闪闪梅林所罗门三人合起来做过的、见过的事都要多。2.论知名度：人类帝国百亿个世界共主，国教唯一真神，型月任何一个神灵都无法企及，更不要说是普通的英灵了。3.论神秘度：人类最强的灵能者。型月世界中有很多超越人类的变态存在，但蘑菇自始至终都是相信人类皆强大的，比如五大法的创造者都是人类。所以帝皇的人类最强在型月世界中只怕也是最顶级的神秘持有者。然后再谈谈盖亚和阿赖耶识，在40k世界中，盖亚就是个渣渣，哪怕它是神圣泰拉的意志体现，它也仅仅只是全银河百亿个世界中小小的一个而已。阿赖耶识是灵长的集体无意识，这在40k世界中实际上可以与人类的集体无意识等同，人类即是灵长。当然在这里我们得把异形排除在外。而如今的帝皇是实质上就是人类的全体意识在亚空间的投影，与阿赖耶识只差了那部分不信仰帝皇的混沌信徒们。你要问阿赖耶识怎么看待帝皇？40k世界的阿赖耶识一体两面，一面就是帝皇，一面就是混沌，这就将是阿赖耶识与帝皇的关系。,英灵？就抑制力它也配让帝皇上座？一个诞生区区两万年的弱化阉割版阿卡西记录？一个在太阳系内斗的低科中魔世界里都不算第一梯队强者的角色，要一个中科高魔世界的天花板角色签卖身契？你可能对战锤的世界观不了解（虽然我个云锤也不太懂），那么就直接用型月世界的来比较。月世界目前的3个战力天花板：卡俄斯一个已经毁灭的宇宙的高等文明，计划开拓异宇宙逃难，派遣一支AI领导的舰队到本宇宙踩点，母舰卡俄斯为了保护舰队穿越宇宙，陷入虚弱大残状态，舰队则降临地球融入当地土著，祂在太阳上开了个虚数空间缩进去睡觉，光质量就有太阳3%（地、日质量比例为1：333400），随手捏个小黑洞几十分钟就能吞噬回收地球三成物质为已用。觉者、“佛”不是古印度的那个乔达摩悉达多，是一个漫游宇宙的未知高等生命，高维形态未知，与低维现实的“人形交互界面”刚好长的像释迦国那个王子。仅凭自己的道德观判断，便随意裁切、锚定了整个太阳系所有祂认为“生命没有可能性”的未来，仅留下了“三千世界”的“泛人类史”平行宇宙。宙之泪祂投放了3艘巡逻星舟，其中一艘“捕食游星威尔帕”，对地球投放的生物武器“白色巨人赛法卢”，毁灭了神代的九成九的神明、神域，要不是阿赖耶盖亚两个联合，锻造星之圣剑击杀赛法卢，地球就会被赛法卢物理上掘地三尺变成“水球”。锻造星之圣剑的代价呢，神代是空气魔力浓度超高，神明遍地走，幻想种不如狗，凡人一点就通各种魔法随便学，根源随意探。到现代，魔术天才练个十年都要消耗宝石才能搓个火球，啧……那一剑直接给地球的大源给榨干了，要不是第一法重新证明“以太”，月世界的“神秘”就算是断绝了。以上这三位，随便哪一个都能把阿赖耶、盖亚两个随意捏圆搓扁把玩而帝皇，锤世界银河系几大列强里最强的扛把子，就算不带帝国势力，凭自己的灵能都可以把以上三位干挺。除非你要是把从者宇宙的那群随意碎星、爆河系、半个宇宙作身体但被编剧剥夺了影响主线剧情资格的搞笑角色拉出来。太空伊什塔尔9.3，补了几张图，评论区补了些设定。,英灵座:泰拉行星上的一个历史数据库，存储的信息不超过两万年帝皇:广袤银河的所有者，4万年的守望者，拥有的星球不可计数英灵座怕是存不下帝皇的信息,帝皇并不会成为英灵。因为帝皇其本身就是相类于阿赖耶识，而又超越阿赖耶识的存在。又或者说阿赖耶识便是帝皇神性的一个侧影。而即使是这个侧影，也是远超型月原作与盖亚相对应的阿赖耶识，而应是银河级的阿赖耶识。而英灵，也不会再称作英灵，从此，他们便是帝皇神选。进一步讨论的话，我认为如果说阿赖耶识是沉睡的人类的集体无意识的话，帝皇便是觉醒的人类的集体意志。前者是为了保护人类免于破灭，而后者确是要领导人类统治寰宇。然而有趣的是帝皇自己本身最初似乎并不想让这种集体意志觉醒，也并不想成神，这也是他想要推行帝国真理而非帝国宗教的原因。我对其的一个理解便是，在帝皇看来集体意志的诞生固然会让人类帝国变得团结而强大，但同时这种集体意志也会压迫甚至消灭个体的自由意志，长远来讲会让帝国失去活力与创造力。（另外你不觉得40k里的诅咒军团，对就是费鲁斯马努斯死后参加的那个，就挺有英灵味道的么）,“这就是他们的君王——正是这个男人，命令整个银河向人类屈膝……”——《焚尘之狼》然后让我们扭头看看某个被一无名小异形整得鸡飞狗跳的“泰拉”……,帝皇上英灵座这种事大概就是相当于把弗利萨大王放到梁山好汉里问宋江哥哥能给他个什么座次,功绩真的存在的话泛人类史就得易主了人类都已经冲出地球，建立属于自己的黄金时代，在黄金时代，时间为人类的掌中玩物，恒星，星球随手可灭，人类以自己的科技成就当时两大银河巨头之一就算到了人类帝国时代，科技十不存一，人类也还是占据银河的霸主什么叫泛人类史？这才叫泛人类史,帝皇的实力超过这些英灵的总和，帝皇的功绩超过这些英灵的总和，很多英灵甚至可能就是帝皇过去的马甲之一。帝皇已经很累了，请月球人别再到处碰瓷了。,三王会谈，帝皇出现。“你也是皇帝？来来来，一起喝一杯？”帝皇脸色突然阴沉了起来，恶狠狠的喊道“你们这群....”四个字刚说完，已经从远处欺身到了金闪闪面前，一勾拳打在金闪闪脸上。金闪闪就像被十八轮大卡车撞了一样，腾空而起，向后飞去。“酒囊” 亚历山大正在反应为什么金闪闪在飞，自己就如同挨了一记全垒打的棒球，向另一个方向飞去。“饭袋”saber向前欠身，想站起来，随即下巴挨了一记上勾拳，整个人像火箭一样朝天上飞去。“看见了吗？这叫做狼孩子修正拳，凡是不挣气只知道喝酒的，用这招，那是药到病除。”,随便一编就是一堆破格技能外带一个debuff（迫真）神性c：被万年崇拜的人，否决自己的神性（黑暗之王什么的，还没成呢）钢铁的决意：黄金王座那个连血伶人都颤抖的东西坐了一万年，不过分吧人道大世：带领人类踏平无数异形的伟大者，对非人特攻，对非人特防，对阵非人类全属性压制崇高之人：那是……冰冷的太阳！所在之处盖亚不得干涉，对星球精灵特攻，即死免疫，异常状态免疫，全属性上升，魔力额外上升，敌方对魔力削弱领袖气质：百亿个世界的统治者（gw数学不好，算了）力挽狂澜：绝境必然存在希望，情况越危急全属性提升幅度越大，必死绝境可召唤忠诚战团，敌人为非人时可召唤所有战团
Fate 中，在同等魔力供给下，呆毛和 R 姐谁更厉害？,https://www.zhihu.com/question/481290181,No detailed description.,呆毛。在HF线，黑无毛和R姐对波，此时两人都是有无限魔力的樱供魔。在有士郎开盾的加成下也是两边都半死不活。如果没有士郎，美杜莎就直接被saber冲死了。如果士郎不捅saber一刀的话，saber很快就站起来了。而R姐没站起来。这说明saber恢复也比R姐快。当然，这个是黑呆，说回蓝呆。这是立香主美杜莎筋力 B耐久 D敏捷 A魔力 B幸运 E宝具 A+这是立香主蓝呆筋力 B耐久 B敏捷 B魔力 A幸运 A+宝具 A++如果是凛主的话，saber的数值还能往上，所以说立香的魔术造诣还是不太够啊……R姐只有敏捷略胜一筹，而耐久，魔力，宝具都在saber之下。再者，在凛跟士郎谈话中，也反复说过，冬木圣杯战争最好的英灵就是saber。凛也一直在生气“为啥是你不是我啊，我手里有saber就赢了。”当然，闪闪是蘑菇亲爹，忽略。不过美杜莎想要赢过阿尔托莉雅，还是有些可能的。阿尔托莉雅alter耗魔比原型号要多。要是俩人都有一个魔力量较少的御主，估计黑呆舞了几下就萎了。这样R姐就赢了（雾）,fsn时代的呆毛王是耗魔大户，实力与魔力直接挂钩，魔力越多越厉害，没魔力就有力使不出。美杜莎的最强形态在fsn里召唤不出来。骑阶的美杜莎最大的优势是可以替御主分担魔力负担，也就是她能自行解决一部分魔力供给问题而不用从御主身上获取。所以说如果御主都是菜鸡，那么美杜莎比呆毛王有用。如果御主都是正统魔术师，那么呆毛比美杜莎有用。,master是合格正统魔术世家继承人的话，那就是呆毛，满血的呆毛上下限都是双高，参考凛主呆毛面板或者切嗣呆毛面板，要么是一B三A或者双B双A，这就是非狂化的普通从者的顶尖面板了，对魔力A让现代魔术体系对她束手无策，神代魔术中的短咏唱和中段咏唱对她也不好使，她自己本身是带有龙种属性，因此她自己持有高等级魔放，身为魔力“水龙头”的性能傲视群雄（而且魔放是个很万能的技能），宝具就不说了，一般圣杯战争时A++对城已经可以说是一个输出过剩的宝具了，而且要是面临灭世危机还可以解放咖喱棒封印变星之圣剑，或者持有阿瓦隆，搏上限。最重要的是，正常情况下的呆毛是个性格正经，不搞事情，不易失控，讲分寸，有涵养，有节制，无不良癖好，情商智商均在线的从者，这意味着什么，这是个宝藏搭档啊，意味着哪怕master和呆毛相性差到切嗣那种情况，哪怕master不做人到切嗣那种（用了两发令咒让她亲手把她心心念念的圣杯一刀两半而不做任何解释），呆毛也不会说仗着她的对魔力A硬抗契约束缚爆种把master一刀劈了，看看fate的相关作品，因为出主从相性差/master不做人/从者性格嗜好奇葩，而导致的悲剧还少吗?（所以说我一直坚持，系统分配的就是最好的，系统分配一般是按相性来，主从电波一致哪怕就是战死也都是“只求同年同月同日死”的惺惺相惜）如果master不太行，那就是r姐，r姐持有独立行动，而且持有可以持续吸收魔力的场地型宝具，可以在人流量大又流动快的地方放个宝具持续魔力收租（每只羊都薅一把但都不薅死），缓解对master的魔力需求，如果master没菜到慎二那程度的话，起码r姐的A敏捷是可以保住的，筋力和耐久哪怕弱一些，也可以靠着怪力来补足，使她的白刃战强度依旧有保证，而且不容易像fate线呆毛那样差点因为master魔力不足而消逝，石化魔眼是控场技，但因为魔力消耗可观，低配时候除了殊死一搏基本就不考虑了，宝具也就是常规对军，没什么特别的地方性格上来说，表面上是冷峻冰山美人，但因为本身女神成分（安娜）占比更大，骨子里基本上是很亲master的淳良性格，而且依赖性强，只要master不整些狠活，她的忠诚度是可以保证的，且r姐相比呆毛会更注重维护master的方方面面，对master更生活起居上心，会做很多家务（相比某位不打架就是往那腿一盘混吃等伺候的爷），但她依旧有身为怪物的一面，如果master过于不做人，她要么会开摆要么会爆种…,肯定saberfate线里，完全没有魔力供给基本可以算是无御主状态的saber对上二爷靠伪臣之书控制的r姐，saber一发excalibur直接秒杀开天马的r姐之后同样是樱供魔的情况下r姐天马+菊花盾勉强和saber打个平手，之后r姐直接废掉，saber有个几分钟就能恢复全盛实力这还是没有阿瓦隆的saber。要比最强实力可以试试完全体格尔贡v.s.阿瓦隆+星之圣剑的阿尔托莉雅，还是没得打。。。当然了，在游泳馆的r姐实力碾压全场,当然是呆毛，无限魔力战HF线黑呆对R姐，靠士郎拼命投影菊花盾挡了咖喱棒才赢，并且没拿到人头，最后一击是士郎拿下的。而黑呆面板属性全面落后蓝呆，唯一的优势是很暧昧的用魔力更不节约，基础面板里对魔力低了一级，应对魔眼相性不够好，即便如此单挑还是应该黑呆赢。缺魔战fate线蓝呆对R姐，呆毛回路没连上，供魔基本靠龙心，以藤丸立香御主面板做参考，士郎主呆毛面板下降的惨不忍睹，慎二主R姐面板下降了一些，鲜血结界获取了一定魔力，面板降幅不算很高，楼顶宝具对拼蓝呆胜。,从黑化樱处得到膨大魔力供给的漆黑的阿尔托利亚，能够无限制地放出“誓约胜利之剑(Excalibur Morgan)”。因此能与赫拉克勒斯正面交锋并将其压倒。解开了枷锁、某意义上得到了超越生前的力量的她，才是毋庸置疑的【最强Servant】吧。(Fate/complete material Ⅱ Character material)无限供给魔力的黑无毛得到过FSN设定本唯二的两个“最强”之一，美杜莎无。,互为白字，R姐怎么可能打得过呆毛？？？你看看，同百级数值差了多少啊！R姐能赢呆毛的估计就只有身高了。,呆毛……毕竟能吃就代表能干（架）……同等魔力供给，呆毛输出是r姐数倍都不止。并且呆毛骑乘不低。
