title,link
庄子能做到自己描述的境界吗？,https://www.zhihu.com/question/515283212/answer/2345562119
有哪些你想发明却已经被人发明了的东西？,https://www.zhihu.com/question/31937124/answer/3318675796
为什么高中语文教科书收录了庄子的《逍遥游》而不是《齐物论》?,https://www.zhihu.com/question/272068197/answer/17263738140
你抑郁的时候，是谁将你拉出了深渊？,https://www.zhihu.com/question/367150784/answer/3112887729
老子、孔子、庄子，你更喜欢谁？,https://www.zhihu.com/question/500239150/answer/2337111086
《庄子》值得一读吗？,https://www.zhihu.com/question/580379300/answer/29546647473
庄子和老子谁的境界更高些？,https://www.zhihu.com/question/390740960/answer/3318536704
感觉很多「牛逼」的人喜欢看庄子，这是为什么？,https://www.zhihu.com/question/31811556/answer/1822738847
当代西方哲学如何看待《庄子》？,https://www.zhihu.com/question/60318559/answer/358979243
庄子天天怼惠子，为什么他们还能是好基友？,https://www.zhihu.com/question/463048244/answer/1925635123
庄子的思想对中国人来说是有益还是有害？,https://www.zhihu.com/question/53007897/answer/1521158680
如何评价庄子的生死观？,https://www.zhihu.com/question/23146465/answer/995077763
庄子对于孔子是什么态度？,https://www.zhihu.com/question/28738644/answer/2755073344
庄子思想的危害有什么？,https://www.zhihu.com/question/22823941/answer/59745852
庄子是个无情的人还是一个有情的人?,https://www.zhihu.com/question/352484387/answer/958571799
如何理解庄子《逍遥游》的思想？,https://www.zhihu.com/question/20596156/answer/70671952
至今为止你看的什么书让你震撼最大？,https://www.zhihu.com/question/266030969/answer/3152237372
有哪些学过的课文是在你长大以后才真正读懂的？,https://www.zhihu.com/question/656811070/answer/3510089126
道家把老子作为祖师爷，庄子的地位并不高，是什么原因？,https://www.zhihu.com/question/6347304877/answer/65010644348
庄子为什么能与老子并称「道家之祖」？,https://www.zhihu.com/question/500252489/answer/2772279762
我特别喜欢道家思想，感觉与现实社会格格不入怎么办？,https://www.zhihu.com/question/569830322/answer/2794397935
如果和庄子辩论「子非鱼」的是诸葛孔明，会发生什么？,https://www.zhihu.com/question/37365778/answer/72011137
庄子和老子的主要区别是什么？,https://www.zhihu.com/question/20189346/answer/22512872
《庄子》与《理想国》单就文学性上谁更出色？,https://www.zhihu.com/question/615410969/answer/3215224985
为什么要读《庄子》？,https://www.zhihu.com/question/656623083/answer/3508616063
为什么老婆死了庄子也那么高兴？,https://www.zhihu.com/question/286026109/answer/447053062
如何正确的理解庄子的思想？,https://www.zhihu.com/question/38654074/answer/77577923
年轻人应该推崇庄子吗？,https://www.zhihu.com/question/461037255/answer/1902244262
《庄子》中有哪些比较有哲理性的句子？,https://www.zhihu.com/question/61922819/answer/192516335
庄子是自由主义者的鼻祖吗？,https://www.zhihu.com/question/22335387/answer/1253500176
墨家在中国为什么消失得这么彻底？,https://www.zhihu.com/question/330306599/answer/2452126142
庄子这么穷，为什么不为了老婆孩子去当官挣钱呢？,https://www.zhihu.com/question/346510087/answer/838915997
为什么老子在后来的民间传说中被神化了，而庄子没有？,https://www.zhihu.com/question/586763548/answer/3078924787
大彻大悟的人，都看透了什么？,https://www.zhihu.com/question/628012128/answer/11035198515
孔子和庄子谁的境界高？,https://www.zhihu.com/question/351587371/answer/3454968180
intp典型人物都有谁？,https://www.zhihu.com/question/467833359/answer/18306551912
由于对庄子很是欢喜，却找不到一本比较好的全文注解，还请推荐?,https://www.zhihu.com/question/392573969/answer/1222926683
当苏格拉底遇上庄子会发生什么？,https://www.zhihu.com/question/30765946/answer/51221943
庄子放到现代会饿死吗?,https://www.zhihu.com/question/3974440312/answer/63828336112
庄子活着不为名利，他活着到底是为了什么呢？,https://www.zhihu.com/question/21378450/answer/67988226
庄子的思想对现代人有什么启示？,https://www.zhihu.com/question/36706883/answer/68654681
庄子与屈原的浪漫主义有何异同？,https://www.zhihu.com/question/56396570/answer/149045956
如何评价庄子的一生？,https://www.zhihu.com/question/272977572/answer/372593925
《庄子》中，你最喜欢的寓言是哪一个？,https://www.zhihu.com/question/24454917/answer/2678476108
《庄子・养生主》里「为善无近名，为恶无近刑」如何理解？,https://www.zhihu.com/question/22153568/answer/107147500
为什么一说哲学，很多人都说外国哲学家。而庄周庄子却很少人提起呢？,https://www.zhihu.com/question/284343533/answer/437218608
如果庄子和苏格拉底辩论会怎样？,https://www.zhihu.com/question/309470864/answer/576635014
如何理解庄子的“道在屎溺”？,https://www.zhihu.com/question/266676766/answer/3542089609
为什么我觉得庄子并不逍遥，反而很痛苦？,https://www.zhihu.com/question/433226615/answer/63187093843
如何评价庄子？,https://www.zhihu.com/question/28234984/answer/3010193088
庄子能够逍遥的基础是?,https://www.zhihu.com/question/27427886/answer/36613112
你最喜欢庄子哪一句话？,https://www.zhihu.com/question/282192996/answer/464885930
有哪些第一次读到就震撼的句子?,https://www.zhihu.com/question/328988589/answer/2902101077
你为什么不喜欢庄子?,https://www.zhihu.com/question/309390565/answer/577357700
