问题名,问题具体内容,回答信息
拼多多疑似回应「员工猝死」后秒删，是真的吗？拼多多又称截图系谣言，你相信吗？,"知乎官方回应：
「拼多多」系知乎注册用户，其身份真实无误。知乎有严格的身份认证流程和机制。
4 日 8 时 19 分 49 秒，「拼多多」创建回答「你们看看底层的人民，哪一个不是用命换钱，我一直不以为是资本的问题，而是这个社会的问题，这是一个用命拼的时代，你可以选择安逸的日子，但你就要选择安逸带来的后果，人是可以控制自己的努力的，我们都可以」。
4 日 8 时 20 分 17 秒，「拼多多」自行删除了上述回答。
拼多多最新回应：此前「员工猝死」的发文截图不实，你相信吗？",【回答1】: 「」系知乎注册用户，其身份真实无误。知乎有严格的身份认证流程和机制。 4 日 8 时 19 分 49 秒，「拼多多」创建回答「你们看看底层的人民，哪一个不是用命换钱，我一直不以为是资本的问题，而是这个社会的问题，这是一个用命拼的时代，你可以选择安逸的日子，但你就要选择安逸带来的后果，人是可以控制自己的努力的，我们都可以」。 4 日 8 时 20 分 17 秒，「拼多多」自行删除了上述回答。... || 【回答2】: 仔细想想，官媒的运营，再怎么说也应该有个双人复核机制，账号在运营主管手里，小编写好稿子，由主管发出去，这样可以保证pr内容和公司口径一致。 这个事情出来，要么是这套机制失效了，要么，是PDD员工故意放出来的，观点代表了公司内部的价值观，但是本人不一定认同，通过放出来留下证据然后删掉这种做法，可以激发全行业，甚至全社会对这种价值观的声讨，从而有机会改变内部员工的生存状态。 同志们，这不是一篇失误的通... || 【回答3】: 一家满嘴谎言的公司，毫不奇怪。 2019年11月10号，我在公众号发表了一篇关于拼多多的文章，现在阅读已接近500万： 发文第二天，拼多多公关便通过微信联系我，希望删文，并提出“商业合作”：  我拒绝了拼多多请求，第二天他们又反复打我电话，迫切希望登门拜访（我也不晓得他们是怎么知道我在上海的）。 当时我正好在健身，便和他们约在健身房，拼多多那边来了两个人，一位男公关带了个美女（那位美女全程只是点头... || 【回答4】: 19：28 更新最新回应 —————————————— 我愿称之为2021年的开年大戏—— 企业公关案例里，极其少见的，甚至是理论上不可能发生的 完完全全不给自己留后路的公关方式 求锤得锤，得到实锤后将被直接锤烂到地里去，永世不得翻身的公关方式 基本不寻求任何“共情”和共鸣群体的公关方式 最新更新一条，由于是发表在第三方社区内的言论，将所谓的“证伪”的主动性交给第三方来处理。换句话说，把自己的头摆... || 【回答5】: 经查证，本截图内容为运营部临时工xx发布，系重大工作失误，传播广泛、影响甚劣，运营部全体人员为此表示抱歉。 经过上层领导的商讨，本次事件的全部处理结果为： 终止临时工xx在我司的一切工作事务，解除派遣合同（更正）。 关于网传事件，希望大家不信谣不传谣，我司将保留追究传播者法律责任的权利。 未来也欢迎广大网友，能够监督我司社交平台发布的各类信息，谢谢大家！... || 【回答6】: 有几个问题想问一下： 1.什么时候价值观变成了正常的上下班已经等于安逸了？ 2.安逸的生活，哪里错了？ 3.安逸什么时候变成了贬义词？ 4.还记得马原里说的吗？资本家不断榨取工人剩余价值，并把他美化成利润，但并不承认利润是由工人带来的，而是由资本家投资带来的。马克思诚不欺我。 5.我不觉得一个这样的企业，会允许这样漏洞百出的回答出现，那就剩一种解释了，这个小编，应该是不想干了，想离开了。 6.其实... || 【回答7】: 刚知乎硬刚，谁看了不说一句知乎牛逼，谁看了不说一句拼多多垃圾。 在知乎回应之后，拼多多终于认怂了，改了个借口，说确实是自己员工写的，但是是误写，公司也勒令该员工道歉。选择拉出一个员工出来背锅。 但事已至此，拼多多那种丑恶嘴脸着实暴露无遗，也多亏了知乎这波爆料。 有关注我的朋友问我，阳痿多年的知乎为何会突然刚起资本家来了。 我说，原因很清晰。 本身拼多多回应不涉及拉踩知乎，知乎也根本没必要趟这趟浑水... || 【回答8】: 水平太差，如果是我，就这么写： 该名员工入职时隐瞒自己的病情，还未完成自己的工作就猝死，为公司带来了不可弥补的损失。我们公司已向法院提起诉讼。鉴于该员工已经身亡，我们将及时追究其父母的责任。 （PS：永远不要怀疑资本家的下限，员工工作猝死给公司造成损失的，可以找员工父母追讨么？- 知乎） 如果是 P 图，早就出来说话了。而且问题里面的贴图是一个版本，也是流传最多的版本，是在 App 里面截的图。其... || 【回答9】: 从微博上很多独立来源的截图看，可能性更大。 从对公关行业最近几年的套路来看，基本没跑了。 从对资本「死个人无所谓赔偿金请开票」的基操来看，这就是的心中所想。 这些年，主要是互联网公司，觉得自己有影响力了，自己有些渠道可以撤热搜、买热榜、删帖子了，公关就可以完全掌握主动。 其实公关并不能把黑的说成白的。 所有教材里面讲的，公关5S法则，承担责任原则(Shoulder)；真诚沟通原则(Sincerit... || 【回答10】: 别动，让我来洗。 【建议pdd给我打钱】 尊敬的同事，亲爱的网友们，你们好。在这个举多悲痛的日子里。我由衷的哀悼我们的同事xxx永远离开了人世。再次我代表平台向遇难者家属致以深切的慰问。 事情发生后，一时间引起了广大网友的悲愤。骂我们资本家，骂我们不人道。我们对此表示强烈的遗憾和理解。 众所周知，我们企业家是一心一意为公司，为员工们服务的。在国内，每年为了工作和公司发展而猝死，暴毙的合伙人，高管，...
最让你震惊的网站有哪些？,无详细描述,"【回答1】: 更新10.1： 1、酸柠檬自定义导航（https://somelemon.com） 以前用过“好123”的朋友应该对于导航网站不太陌生，不过这个网站可以自定义加入网站，比如我每天都会看知乎网站，那就可以点击“+”，粘贴上“知乎+网址”，就可以把知乎加入首页了，下次直接点开就行。 除此之外，这个网站还可以实现“定向搜索”，在搜索框右侧选择对应平台，就可以只显示这个平台的搜索结果，以后可以不打开知乎网... || 【回答2】: 压箱底的震惊来了， 来波大的，一百个网站！ 这些都是我平时辛辛苦苦收集的，是真的牛逼，居然还有这种网站。 1、实时地球 网址：https://zoom.earth/ 实时图像每 10 分钟更新一次，提供风暴、天气预报、降水、火警等数据 2、陕西博物馆 360 度实景浏览 网址：https://www.sxhm.com/online.html 线上参观陕西博物馆，360度展示，共有五个展厅100多个... || 【回答3】: 「USEUM」 这个网站联合了世界上六所著名的博物馆，开放了共计 21,578 幅艺术作品的高清扫描大图，全部可以免费下载。这六所博物馆分别是：荷兰国立博物馆、洛杉矶艺术博物馆、丹麦国家美术馆、保罗·盖蒂博物馆、印第安纳波利斯艺术博物馆、华盛顿国家美术馆。 进入网站的下载页面后[1]，点击相应的博物馆，即可看到对应的馆藏。 选择一张图之后，点击下面的「Download」按钮即可下载： 下载前需要先... || 【回答4】: 1、PhET，该网站是由诺贝尔奖获得者卡尔·威曼于2002年创立，PhET 的互动仿真程序计划由科罗拉多大学的团队专项运营，旨在创建免费的数学和科学互动程序。 PhET 是基于拓展型教育的相关研究并且激励学生在直观的、游戏化的环境中进行探索和发现。目前提供物理、数学、化学、地球科学和生物这些课程知识的学习，网站不仅设计精致，而且内容丰富，互动非常直观。 网站地址： 物理实验 网站内具体内容展示 2... || 【回答5】: 何止震惊，这些网站自从进了我的收藏夹，我每天熬夜到凌晨三点，都和女朋友分手了，原因就是这个网站的比女朋友还精彩。 我从我收集的网站当中，筛选出十个性价比最高的，尤其是第三个和第七个，很多人看完之后完全无法自拔，你一定要克制好！！！ 1、虫部落： https://www.chongbuluo.com/ 一个超级好用、超级全的搜索网站。   其中的学术搜索已经被很多写论文的学长学姐们吹爆了，一定要码住... || 【回答6】: 做为一名拥有5年PPT设计经验的男人，看到这个网站后，不仅是震惊，更多的是慌了，彻底的慌了！ 这个网站可能使像我一样的PPT设计师失业！！最可怕的是它还免费！ 回答后面有更新的答案，一定要看 下面还有超过干货哦！ 这两年，有一个词语，相信咱们每一个人都不会陌生，它就是「人工智能」。而且，一夜间，好像很多行业都开始进军人工智能。比如像： 人工智能设计平台 人工智能物流系统 人工智能研发平台 ....... || 【回答7】: 我来推荐几个意想不到的，让我惊掉下巴的神奇网站。看了会“心动的”。 如果你也喜欢，记得点个赞哦。 进入正文~  第一个网站 remove.bg  你还在用PS抠图嘛，推荐一个抠图神器，这也是一个在线抠图的网站，而且是自动抠图，无需手动点击操作了。   我们点击绿色按钮，就可以添加图片。有时候会跳出验证机制，需要我们验证一下，才可以继续。   验证之后，立马就可以将人物从背景中进行扣除了，真的是一键... || 【回答8】: 分享30个鲜为人知的的小众网站，每一个都是堪称神器，每一个都可以帮助你打开新世界的大门，让你震惊。 1：Product Hunt https://www.producthunt.com/ Product Hunt 是一个让你发现各种新产品的实用网站，你可以利用这个网站发现很多实用有趣的手机 App，电脑软件，网站，硬件产品，游戏，书籍等等。 它提供产品推荐合辑功能，比如：管理会议的最佳工具是什么，... || 【回答9】: 分享一波奇奇怪怪的“生成器”，请谨慎扶好下巴！有的还能给你省下不少钱！ 01 一个可以生成各种各样举牌小人的网站，非常有创意！利用这个生成器，一定能帮你剩下不少钱！ 比如这是我生成的： 那天临时直播，用这个生成器生成的 利用这个网站可以轻松实现。给大家举个例子操作一下。 在页面上输入简单的参数： 继而便可以生成举牌小人的图片： 你还能给小人跟换颜色背景，还有图片的尺寸等哦： 超喜欢，无论是发朋友圈... || 【回答10】: 这些网站看起来像青铜，仔细看才发现每个都是霸者中的神器，每个都是各个领域王者级别的存在，让你相见恨晚。我相信好好利用好这些网站一定是可以对你的生活、工作和学习带来巨大的帮助。 （1）Maspeak（https://maspeak.com/） 这是一个趣味学习外语的网站，它只是学习：法语、英语、意大利语、西班牙语、日语、韩语、俄语、德语、阿拉伯语。 （2）5118营销大数据 直达入口：https:/..."
有没有一个 PPT 技巧让自己觉得人生都亮了？,"本题已被「 你电脑里的软件该换换了 」专题收录 » ，更多宝藏软件技巧推荐欢迎点击查看。
可以是一个快捷键，或是某一个功能，某一个教程，某一个操作。",【回答1】: 帮助无数大厂做过PPT的我，这几个PPT小技巧，一直都是我的制胜法宝！轻松搞定客户! 跑路的锤子发布会中也用了这些PPT技巧！高段位设计师厉害的秘密都告诉你了！总之，看了不后悔，不看损失钱！ 不废话，开弄！  1.遮罩动画 先来看一个案例，TED 演讲的开头动画： 有没有很震撼？是不是很熟悉，很多超级高大上的PPT是不是都有这个页面！据说收费死贵死贵的哦！ 当然，遮罩动画制作起来并没有你想象的那么... || 【回答2】: 我做了5年PPT，来分享几个让我惊叹的PPT技巧。这些技巧，可以为你打开了新世界的大门。 如果觉得写的不错的，各位知友们一定要点个赞哈，我还会再来补充的。 11月20日更新~ 创意图表 它的效果图，如下方所示：  其实它的数据原本是下图这样的。   我们选中数据系列，右键，编辑数据，在数据表格里面，添加一组100%的参照数据。   我们可以看到在图表里面多了一列黄色的柱状图。 我们选中图表，右键，... || 【回答3】: wps也可以用布尔运算啦！！！ 写下回答的这段时间以来，评论和私信里有不少同学问wps能不能用布尔运算，其实吧，在一年前我写这个回答的时候，wps是不支持这个功能的，可是人家也在更新和迭代的呀，现在的wps2019及以上的版本都支持添加布尔运算功能了，步骤和我下面写的微软版本的差不多，就不赘述啦，下拉查看吧，别忘了再给我点个赞~ 有任何问题也可以私信我，一起探讨~ ————以下是原回答——— 说说... || 【回答4】: 有一个技巧是远远不够的，要有系统性的方法。以下就是打造高颜值PPT的素材与方法。 关注公-众-号，让时间慢下来，后台回复，模板赠送我精选的200套模板哦 1、素材： 1.1 图标 1 阿里巴巴矢量图标库 ：Iconfont-阿里巴巴矢量图标库 2 easyicon：图标下载，ICON(PNG/ICO/ICNS)图标搜索下载 3 扁平图标：flaticon.com.cn 4 findicons:Ic... || 【回答5】: 作为一位PPT发烧友，分享一个颠覆你认知的PPT基础功能！国内所有炫酷发布会都用到了这个功能！绝对震撼哦！  插播一个福利！我自己做了84页的职场PPT模板，直接可以套用，每一个页面都超级细节，帮助你搞定PPT设计： 如果你有需要，直接返现给你！关注我的公众号：旁门左道PPT，发送【PPT模板】无套路获取！  其实PPT的强大功能有很多，大部分都是依据一个功能进行变换的——布尔运算  如果你经常留...
最让你震惊的网站有哪些？,无详细描述,"【回答1】: 更新10.1： 1、酸柠檬自定义导航（https://somelemon.com） 以前用过“好123”的朋友应该对于导航网站不太陌生，不过这个网站可以自定义加入网站，比如我每天都会看知乎网站，那就可以点击“+”，粘贴上“知乎+网址”，就可以把知乎加入首页了，下次直接点开就行。 除此之外，这个网站还可以实现“定向搜索”，在搜索框右侧选择对应平台，就可以只显示这个平台的搜索结果，以后可以不打开知乎网... || 【回答2】: 压箱底的震惊来了， 来波大的，一百个网站！ 这些都是我平时辛辛苦苦收集的，是真的牛逼，居然还有这种网站。 1、实时地球 网址：https://zoom.earth/ 实时图像每 10 分钟更新一次，提供风暴、天气预报、降水、火警等数据 2、陕西博物馆 360 度实景浏览 网址：https://www.sxhm.com/online.html 线上参观陕西博物馆，360度展示，共有五个展厅100多个... || 【回答3】: 「USEUM」 这个网站联合了世界上六所著名的博物馆，开放了共计 21,578 幅艺术作品的高清扫描大图，全部可以免费下载。这六所博物馆分别是：荷兰国立博物馆、洛杉矶艺术博物馆、丹麦国家美术馆、保罗·盖蒂博物馆、印第安纳波利斯艺术博物馆、华盛顿国家美术馆。 进入网站的下载页面后[1]，点击相应的博物馆，即可看到对应的馆藏。 选择一张图之后，点击下面的「Download」按钮即可下载： 下载前需要先... || 【回答4】: 1、PhET，该网站是由诺贝尔奖获得者卡尔·威曼于2002年创立，PhET 的互动仿真程序计划由科罗拉多大学的团队专项运营，旨在创建免费的数学和科学互动程序。 PhET 是基于拓展型教育的相关研究并且激励学生在直观的、游戏化的环境中进行探索和发现。目前提供物理、数学、化学、地球科学和生物这些课程知识的学习，网站不仅设计精致，而且内容丰富，互动非常直观。 网站地址： 物理实验 网站内具体内容展示 2... || 【回答5】: 何止震惊，这些网站自从进了我的收藏夹，我每天熬夜到凌晨三点，都和女朋友分手了，原因就是这个网站的比女朋友还精彩。 我从我收集的网站当中，筛选出十个性价比最高的，尤其是第三个和第七个，很多人看完之后完全无法自拔，你一定要克制好！！！ 1、虫部落： https://www.chongbuluo.com/ 一个超级好用、超级全的搜索网站。   其中的学术搜索已经被很多写论文的学长学姐们吹爆了，一定要码住... || 【回答6】: 做为一名拥有5年PPT设计经验的男人，看到这个网站后，不仅是震惊，更多的是慌了，彻底的慌了！ 这个网站可能使像我一样的PPT设计师失业！！最可怕的是它还免费！ 回答后面有更新的答案，一定要看 下面还有超过干货哦！ 这两年，有一个词语，相信咱们每一个人都不会陌生，它就是「人工智能」。而且，一夜间，好像很多行业都开始进军人工智能。比如像： 人工智能设计平台 人工智能物流系统 人工智能研发平台 ....... || 【回答7】: 我来推荐几个意想不到的，让我惊掉下巴的神奇网站。看了会“心动的”。 如果你也喜欢，记得点个赞哦。 进入正文~  第一个网站 remove.bg  你还在用PS抠图嘛，推荐一个抠图神器，这也是一个在线抠图的网站，而且是自动抠图，无需手动点击操作了。   我们点击绿色按钮，就可以添加图片。有时候会跳出验证机制，需要我们验证一下，才可以继续。   验证之后，立马就可以将人物从背景中进行扣除了，真的是一键... || 【回答8】: 分享30个鲜为人知的的小众网站，每一个都是堪称神器，每一个都可以帮助你打开新世界的大门，让你震惊。 1：Product Hunt https://www.producthunt.com/ Product Hunt 是一个让你发现各种新产品的实用网站，你可以利用这个网站发现很多实用有趣的手机 App，电脑软件，网站，硬件产品，游戏，书籍等等。 它提供产品推荐合辑功能，比如：管理会议的最佳工具是什么，... || 【回答9】: 分享一波奇奇怪怪的“生成器”，请谨慎扶好下巴！有的还能给你省下不少钱！ 01 创意举牌小人 一个可以生成各种各样举牌小人的网站，非常有创意！利用这个生成器，一定能帮你剩下不少钱！ 比如这是我生成的： 那天临时直播，用这个生成器生成的 利用这个网站可以轻松实现。给大家举个例子操作一下。 在页面上输入简单的参数： 继而便可以生成举牌小人的图片： 你还能给小人跟换颜色背景，还有图片的尺寸等哦： 超喜欢，... || 【回答10】: 这些网站看起来像青铜，仔细看才发现每个都是霸者中的神器，每个都是各个领域王者级别的存在，让你相见恨晚。我相信好好利用好这些网站一定是可以对你的生活、工作和学习带来巨大的帮助。 （1）Maspeak（https://maspeak.com/） 这是一个趣味学习外语的网站，它只是学习：法语、英语、意大利语、西班牙语、日语、韩语、俄语、德语、阿拉伯语。 （2）5118营销大数据 直达入口：https:/..."
饿了么凌晨发文将推出新功能，用户可选择是否愿意多等外卖员 5 分钟，你愿意多等这 5 分钟吗？,"9月9日凌晨，饿了么表示将上线新功能：在结算付款的时候增加一个 “我愿意多等5分钟/10分钟”的小按钮。
全文：
系统是死的，人是活的。将心比心，饿了么在保障订单准时的基础上，希望做得更好一点。

1、饿了么会尽快发布新功能：在结算付款的时候增加一个 “我愿意多等5分钟/10分钟”的小按钮。如果你不是很着急，可以点一下，多给蓝骑士一点点时间。饿了么也会为你的善解人意一些回馈，可能是一个小红包或者吃货豆。

2、饿了么会对历史信用好、服务好的优秀蓝骑士，提供鼓励机制，即使个别订单超时，他/她也不用承担责任。

每个努力生活的人都值得被尊重。",【回答1】: 这不就是现代版的『石崇斩美人劝酒』吗？ 石崇每次开宴席，就让美人行酒，客人不把酒喝完，石崇就让人把美人斩了。 你看不下去？那你就把酒给我喝了！ 表面上喝酒的客人决定美人生死，其实真正的决定权在石崇这个主人手里。  外卖骑手就是『美人』，饿了么就是『石崇』，用户就是貌似有决定大权实则被架在火上烤的『客人』 现在『石崇』说我也没办法，就是这么个『规矩』。规矩是死的，人是活的，想救美人你就把酒喝完。还有... || 【回答2】: 不愿意。 让外卖员被压榨的不是下单的用户，是被设定的算法。 饿了么这么做是将矛盾转移，“是用户太着急，所以时间才会这么紧张，你们别着急，外卖员就不用那么赶了。” 资本是逐利的，人也是逐利的。如果这样用下来的结果会更差： 长期勾选等待的用户会被标注不着急，被延迟派送更久； 长期不勾选等待的用户，会被算法认为是“饥渴用户”，会被加价； 外卖员会认为勾选的用户“善良”，更晚配送。 饿了么自己清楚，问题的... || 【回答3】: 系统预计配送时间增加5分钟不就好了 本来是平台和骑手的矛盾 凭什么转移给用户和骑手 发展到最后骑手超时都怪用户不点多等... || 【回答4】: 饿了么在大半夜1:20发微博，问大家愿不愿意晚五分钟十分钟收外卖，让快递小哥休息一下。 我愿意支持饿了么首先做到不要让员工半夜加班，凌晨还要发通稿。 领导们愿不愿意等几个小时发通稿，遵守《劳动法》，让你们员工休息一下。... || 【回答5】: 这是商业大数据和AI深度学习的一部分：点了这个按钮的顾客会被标记为“更容易被情感文案或蝇头小利打动从而放弃自己原有权益”，以后各种杀熟坑爹割韭菜都能优先享受。...
为什么百度贴吧还不凉？,"①帖子无法删除，反应不给解决
②广告满天飞，有些贴吧真的全是垃圾信息，反馈没人管
③质量劣质，设计还有使用体验，界面从我刚开始使用到现在都没变过
（快手都更新得比它勤）
④部分用户素质低

百度贴吧你怎么还不凉？？？

镜像问题为什么知乎还不凉？

-------------------2019-5-17
百度贴吧真好用啊哎呀！真香！

-------------------2019-5-20
贴吧有好处也有坏处
好处是各小众群体有一个地方去讨论
梗很多也是出自贴吧这点没错
坏处是贴吧的用户体验非常差
人均素质不高，经过我的计算
平均五分钟被问候家庭
经常发帖无缘无故被删
管理员不做事
还有你们说的随便问个问题就有人回
根本没这种回事，我发帖几乎没人回过就沉了
正经回答的没几个，水b倒是不少",【回答1】: 吹一下自己吧，我以前在贴吧发过一个分享小说txt文件的帖子，有个老哥时隔7年在我的帖子里留了个邮箱，然后我也真的发给他了... || 【回答2】: 说个比较小众的吧，钢笔吧。可惜现在都是笔商，乌烟瘴气了不少。 我有一只钢笔，爷爷送给我的。笔舌短了，四处寻不到替代品，也找了不少修钢笔的师傅，不是对不上型号就是丑得出奇。 可是这支笔对我很重要。 无奈，怀着最后一丝希望，上钢笔吧发帖。 伟大的互联网精神呀，一堆老哥老妹帮我找型号。一味牛逼的大哥准确地说出了我这只笔模仿那只大厂的产品，在某处做了什么更改，应该去哪里找那个厂的产品来替换。 当然，我听的... || 【回答3】: 看到一个贴纸 说自己显示器黑屏了 贵州的IP 下面一串回复 有查询显示器背光组件的 有指路显示器背光驱动的 有建议更换背光模组的并附上淘宝截图的 楼主一一回复 试过之后无效 我想了想 回复了下 ：你拿吹风机吹背面吹二十分钟估计就可以了，受潮老毛病。 三小时后收到回复：谢谢哥，吹风机吹真的有效，复活了。  我看了一眼发红的显示器，没错，接近回南天我也要开始吹显示器了。... || 【回答4】: 鼠标左键突然无规则连点。 很闹心。 贴吧老哥让我对鼠标那个缝隙里吹口气。 我这爆脾气。 拿我当巴啦啦小魔仙嘛。 当然还是忍不住，吹了一下。 然后我就确信了我是会魔法的。... || 【回答5】: 我老公的奶奶之前诊断为慢粒，后来他去贴吧联系了一个老哥，人肉从印度背药回来，后来药价降了，老哥还便宜了好多。正版国内一个月3.4万，那个背回来的药一开始4000+，后来3000左右... || 【回答6】: 因为有人问问题他是真的有人解答，而不是给你写小说，还不给钱只让你看一半。... || 【回答7】: 以前在贴吧指导人写地理作业。也就一个大题目。回了10多楼 大哥给我发了一箱山东樱桃感谢我。。。... || 【回答8】: 我老婆 下巴一直长痘痘 涂了药膏 什么痘痘贴 看了中医 完全没效果 8年了 她都已经放弃了 我就随便贴吧拍张照片发上去问一下 一天时间 中午12点46分回复1.把你牙膏成分表拍照发上来 1点34分回复（高露洁） 6点17分再次回复 2.是不是刷牙经常泡沫流到下巴 7点01分回复（是的） 11点50分再次回复 有可能氟接触皮肤过敏 更换不含氟的牙膏试试 半年了 没有复发过！... || 【回答9】: 考研的的时候考外校，目标学校的吧友，帮我看了成绩排名，还告诉了我总共招生的人数，入学后他住我斜对面寝室。... || 【回答10】: 有事不靠贴吧英雄难道靠你逼乎严选？...
你在B站关注了哪些「惊为天人」的UP主？,"bilibili的推荐功能，让人难以找到关注点
但是却有很多有趣的up主，让你有一种『为什么没有早点发现这个up主』的感觉
(此处『惊为天人』为夸张说法)
详细描述一下你关注的up主的视频都是怎么样的，你为什么关注他？",【回答1】: 前方高能！没在B站学习过，人生只道是枉然！推荐一波「惊为天人」的B站UP主，难怪之前央视点名表扬B站，实在是太秀了！影视解说、学习达人、语言学习、纪录片、软件学习、美食等无所不包！总有你喜欢的~  因为内容较多，如果大家是在电脑端查看，可以直接按快捷键：Ctrl + F，调出搜索框，输入相应关键词，即可快速定位内容。  目录 软件技能 影视解说（木鱼水心等） 学习达人（蜡笔和小勋等） 美食达人 精... || 【回答2】: 1.狼爸爸的工作室~狼爸爸的工作室 这位up主要是通过讲一个个小金融故事来讲明一些经济原理，我个人还挺喜欢这种的，有兴趣的可以看看~ 话说经常被推荐的一些非常有名的up大家肯定也都知道，这个答案下我就挑一些我觉得大家可能还不知道，但我觉得还不错的up吧~ 2.三酱最爱喝奶茶，美妆up主~三酱最爱喝奶茶 是个小仙女哦~长得很漂亮，化妆技术也挺厉害的。 她的每一支视频都是很日常的妆，最后的妆面也很自然... || 【回答3】: 2023/01/24 更新 看大家这么热情，我又特意整理了B站上非常值得一看的学习资源，相比于很多教育机构推出的那些动辄成千上万、质量参差不齐的课程，B站的这些课程不仅完全免费，而且内容严谨、专业，质量都是过硬的，共20大类，涉及数学、英语、心理学、化学、绘画、音乐、设计、编程、计算机等，需要的同学可以看一下：  收藏已经是点赞的5倍了！花费很长时间整理的，如果真的有帮助就点赞支持一下吧！只需要动... || 【回答4】: 来点你想不到的！这些B站UP主称不上「惊为天人」，但能让你一眼爱上！ 科普学习、游戏解说、科技、美食、影视、鬼畜……涵盖多种类型，大颖带你三分钟看完B站！ 目录： 一、「惊为天人」的UP主 二、「用流量也要看」的B站视频 一、「惊为天人」的UP主 一共16个，前6个是科普学习，后面还有科技，游戏解说，电影、漫威解说，美食、鬼畜、搞笑等10位B站大佬。 最后一位，真的是“恶贯满盈”！如果你有喜欢的U... || 【回答5】: 知乎小透明收到了这么多赞和收藏，受宠若惊。参考了评论区小伙伴的意见，继续更新几位历史与知识领域的小众up。也欢迎各位小伙伴补充其他优质up哦。 1. 小众历史领域up：哈布斯堡Habsburg球、导演AD蓝莓、瑞克Zero、河畔的伯爵、瑞士卫队、强风Suzuya、新雨_Paul、晚星Herodotus、向前奔跑的动力、猫泥、吾妻纪伊 （1）哈布斯堡Habsburg球：由名字可知，这位up主哈布斯堡...
哔哩哔哩上有哪些值得反复观看的视频？,"无论鬼畜什么的，放马过来吧。

———————————2016年6月3日编辑问题——————
不知不觉这个问题都将近20k人关注了，当初提这个问题只是因为自己在b站胡乱逛不知道该看些什么而着急，没想到这个问题的反响竟然这么的大，而我现在闲暇之余看到了好多各位推荐的有用的东西，至此谢谢各位尽心推荐的答主们，万分感谢！",【回答1】: 前方高能！你看过变态的心理学吗？反正我是反复观看了不下10遍。众所周知，B站是个学习网站，今天我就认真跟大家分享，B站里有哪些干货满满又不枯燥的视频。 如果你要问我在B站里学习是什么感觉？一个字“爽”。因为B站里就是拥有超级多的方法教学，什么软件和技能，都能轻松学到。 下面我就把这三门最爱的B站公开课，推荐给大家： 1、北京大学《变态心理学》 大家听名字会觉得奇怪吧，干嘛给我推荐这个！ 别急，不要... || 【回答2】: 来，最最硬核的干货来了，保证这个问题下你只需要看这一个答案就够了 我花了了两天时间，爬取了B站上到2020年2月份呢为止几百万个视频，最终选取每一类播放量最高的视频，共计109465 个视频，并分类整理成了六个大类，所有视频分类整理成了excel表格，先看一个gif给你们感受一下 可以看到，视频分为六个大类，分别是:鬼畜、生活、时尚、数码、舞蹈、学习。 每个大类下面都有几个小类，每一个小类的视频全... || 【回答3】: 就我一个人在bilibili上看纪录片吗？单单冲着高清的画质和无广告这两点，我就已经爱上了bilibili了。 这是我在bilibili上看过的纪录片，有些纪录片还不止看过一遍。 BBC良心之作 【BBC纪录片】生命的故事 Life Story（六集全）【豆瓣9.8】【高清】 【BBC】猎捕/The.Hunt.S01E01.中英字幕【ZiMuZu】 【BBC】冰冻星球 Frozen Planet【... || 【回答4】: 更新啦！这次新增了一波学习UP主资源以及一些B站纪录片推荐~  前方高能！没在B站学习过，人生只道是枉然！推荐一波超赞的B站视频，难怪央视点名表扬B站，实在是太秀了！不夸张的说，B站可能是目前国内体验最好的学习平台。 因为内容较多，如果大家是在电脑端查看，可以直接按快捷键：Ctrl + F，调出搜索框，输入相应关键词，即可快速定位内容。  —— 2019.9.16 更新内容 —— 考虑到内容较多，... || 【回答5】: 我在B站发现了宝藏。 对很多人来说，B站是用来消磨时间的，实际上，B站是一座金矿，被网友称为「bilibili矿业无限公司」。 上面有很多学习资源，几乎都是免费的，值得反复观看。 一、专业课相关 我知道很多同学还在上大学，目前由于疫情原因不能返校，那么就好好利用这段时间学习以下的专业课吧。 1、10分钟速成课 这个系列的课程包含心理、生物、物理、历史、经济、人文、哲学等内容，相当丰富。课程很短，单...
你手机里有哪些不想卸载的良心 App？,真正让你心甘情愿任其占用手机内存的app,【回答1】: 这道题，我，一个弱弱的小官方真的很想毛遂自荐一下。 我曲库很全的，周杰伦、陈奕迅、林俊杰、五月天、Taylor Swift、Alan Walker、滨崎步都有。 我良心很好的，大多数都不收费，还免费下载到本地，绝对不会删除用户手机里的本地音乐。 我音质很好的，HQ/SQ不说了，我还有从音源就是3D的真·3D歌曲（它不是效果器吖不是）。 我广告很少的，不会打扰你只会不停地想办法送会员给你。 我还有别... || 【回答2】: 我来终结这个问题！ 长文预警，这篇答案大概是知乎最全面的良心推荐了，5000多字干货，从100多款App里对比挑选出22款小众精致、又非常好用、有趣的App，这里的每款App都是精品，装了保证你不忍心卸载，卸载我给你打钱。 不建议跳读哦，特别是第1款、第2款和最后一款，很少人用过但大家都很需要。 不忍心卸载，实在太好用了 一、帮你提升幸福指数和工作效率的App。 1.「小睡眠」 （比女朋友更懂你的... || 【回答3】: 分享10个超赞的APP，每一款都让你爱不释手，不忍卸载！忍不住发出：怎么能这么优秀呢？ 01 减压神器——BEAKER 一款超有趣，巨解压，超涨知识的化学APP。你可以添加试剂查看对应的化学反应。画面超级唯美。 这款软件可以帮助我们更好的了解一些化学小知识，知道一些奇妙的反应，就像这样： 另外，这个小软件，是有重力感应的，可以跟随你的手机而产生变化，超奇妙，而且如果两个手机同时有这个软件，还可以进... || 【回答4】: 分享十个精品神仙App，每一个都是我的神器，不仅可以用它来找你的女神，还能交到很多志同道合的朋友。平时朋友拿刀架在我的脖子上我都不告诉他。 （1）、物布空间 一款AR社交通讯软件，带来虚拟与现实交融的体验感。 物布空间像是一个时间胶囊，它以LBS定位技术+AR科技的方式在发布地点的真实空间中记录、分享你生活的感受与创作，这个分享可以是图片、视频、音频甚至是AR涂鸦，其他人打开APP就可以看到。 如... || 【回答5】: 1 溺于安宁，独伴时光丨小独 痛心！好的APP都被一星保护起来了！！！！！ 极偶然地发现了这款APP，页面简洁文艺，内容有深度，又有趣，简直是心头大爱。正打算要花样吹捧，看见竟然有几百号人给了差评，可打开差评，清一色的都是这样： 忍痛割爱，还是分享给你们吧。真的太太太喜欢了，几乎每天都要打开的。  小独只有三个版块，每天一首音乐，一句短句，一篇文章。页面干净清爽，没有广告，也没有花里胡哨的东西。并...
你手机里有哪些不想卸载的良心 App？,真正让你心甘情愿任其占用手机内存的app,【回答1】: 这道题，我，一个弱弱的小官方真的很想毛遂自荐一下。 我曲库很全的，周杰伦、陈奕迅、林俊杰、五月天、Taylor Swift、Alan Walker、滨崎步都有。 我良心很好的，大多数都不收费，还免费下载到本地，绝对不会删除用户手机里的本地音乐。 我音质很好的，HQ/SQ不说了，我还有从音源就是3D的真·3D歌曲（它不是效果器吖不是）。 我广告很少的，不会打扰你只会不停地想办法送会员给你。 我还有别... || 【回答2】: 我来终结这个问题！ 长文预警，这篇答案大概是知乎最全面的良心推荐了，5000多字干货，从100多款App里对比挑选出22款小众精致、又非常好用、有趣的App，这里的每款App都是精品，装了保证你不忍心卸载，卸载我给你打钱。 不建议跳读哦，特别是第1款、第2款和最后一款，很少人用过但大家都很需要。 不忍心卸载，实在太好用了 一、帮你提升幸福指数和工作效率的App。 1.「小睡眠」 （比女朋友更懂你的... || 【回答3】: 分享10个超赞的APP，每一款都让你爱不释手，不忍卸载！忍不住发出：怎么能这么优秀呢？ 01 减压神器——BEAKER 一款超有趣，巨解压，超涨知识的化学APP。你可以添加试剂查看对应的化学反应。画面超级唯美。 这款软件可以帮助我们更好的了解一些化学小知识，知道一些奇妙的反应，就像这样： 另外，这个小软件，是有重力感应的，可以跟随你的手机而产生变化，超奇妙，而且如果两个手机同时有这个软件，还可以进... || 【回答4】: 分享十个精品神仙App，每一个都是我的神器，不仅可以用它来找你的女神，还能交到很多志同道合的朋友。平时朋友拿刀架在我的脖子上我都不告诉他。 （1）、物布空间 一款AR社交通讯软件，带来虚拟与现实交融的体验感。 物布空间像是一个时间胶囊，它以LBS定位技术+AR科技的方式在发布地点的真实空间中记录、分享你生活的感受与创作，这个分享可以是图片、视频、音频甚至是AR涂鸦，其他人打开APP就可以看到。 如... || 【回答5】: 1 溺于安宁，独伴时光丨小独 痛心！好的APP都被一星保护起来了！！！！！ 极偶然地发现了这款APP，页面简洁文艺，内容有深度，又有趣，简直是心头大爱。正打算要花样吹捧，看见竟然有几百号人给了差评，可打开差评，清一色的都是这样： 忍痛割爱，还是分享给你们吧。真的太太太喜欢了，几乎每天都要打开的。  小独只有三个版块，每天一首音乐，一句短句，一篇文章。页面干净清爽，没有广告，也没有花里胡哨的东西。并...
饿了么凌晨发文将推出新功能，用户可选择是否愿意多等外卖员 5 分钟，你愿意多等这 5 分钟吗？,"9月9日凌晨，饿了么表示将上线新功能：在结算付款的时候增加一个 “我愿意多等5分钟/10分钟”的小按钮。
全文：
系统是死的，人是活的。将心比心，饿了么在保障订单准时的基础上，希望做得更好一点。

1、饿了么会尽快发布新功能：在结算付款的时候增加一个 “我愿意多等5分钟/10分钟”的小按钮。如果你不是很着急，可以点一下，多给蓝骑士一点点时间。饿了么也会为你的善解人意一些回馈，可能是一个小红包或者吃货豆。

2、饿了么会对历史信用好、服务好的优秀蓝骑士，提供鼓励机制，即使个别订单超时，他/她也不用承担责任。

每个努力生活的人都值得被尊重。",【回答1】: 这不就是现代版的『石崇斩美人劝酒』吗？ 石崇每次开宴席，就让美人行酒，客人不把酒喝完，石崇就让人把美人斩了。 你看不下去？那你就把酒给我喝了！ 表面上喝酒的客人决定美人生死，其实真正的决定权在石崇这个主人手里。  外卖骑手就是『美人』，饿了么就是『石崇』，用户就是貌似有决定大权实则被架在火上烤的『客人』 现在『石崇』说我也没办法，就是这么个『规矩』。规矩是死的，人是活的，想救美人你就把酒喝完。还有... || 【回答2】: 不愿意。 让外卖员被压榨的不是下单的用户，是被设定的算法。 饿了么这么做是将矛盾转移，“是用户太着急，所以时间才会这么紧张，你们别着急，外卖员就不用那么赶了。” 资本是逐利的，人也是逐利的。如果这样用下来的结果会更差： 长期勾选等待的用户会被标注不着急，被延迟派送更久； 长期不勾选等待的用户，会被算法认为是“饥渴用户”，会被加价； 外卖员会认为勾选的用户“善良”，更晚配送。 饿了么自己清楚，问题的... || 【回答3】: 系统预计配送时间增加5分钟不就好了 本来是平台和骑手的矛盾 凭什么转移给用户和骑手 发展到最后骑手超时都怪用户不点多等... || 【回答4】: 饿了么在大半夜1:20发微博，问大家愿不愿意晚五分钟十分钟收外卖，让快递小哥休息一下。 我愿意支持饿了么首先做到不要让员工半夜加班，凌晨还要发通稿。 领导们愿不愿意等几个小时发通稿，遵守《劳动法》，让你们员工休息一下。... || 【回答5】: 这是商业大数据和AI深度学习的一部分：点了这个按钮的顾客会被标记为“更容易被情感文案或蝇头小利打动从而放弃自己原有权益”，以后各种杀熟坑爹割韭菜都能优先享受。...
哔哩哔哩上有哪些值得反复观看的视频？,"无论鬼畜什么的，放马过来吧。

———————————2016年6月3日编辑问题——————
不知不觉这个问题都将近20k人关注了，当初提这个问题只是因为自己在b站胡乱逛不知道该看些什么而着急，没想到这个问题的反响竟然这么的大，而我现在闲暇之余看到了好多各位推荐的有用的东西，至此谢谢各位尽心推荐的答主们，万分感谢！",【回答1】: 前方高能！你看过变态的心理学吗？反正我是反复观看了不下10遍。众所周知，B站是个学习网站，今天我就认真跟大家分享，B站里有哪些干货满满又不枯燥的视频。 如果你要问我在B站里学习是什么感觉？一个字“爽”。因为B站里就是拥有超级多的方法教学，什么软件和技能，都能轻松学到。 下面我就把这三门最爱的B站公开课，推荐给大家： 1、北京大学《变态心理学》 大家听名字会觉得奇怪吧，干嘛给我推荐这个！ 别急，不要... || 【回答2】: 来，最最硬核的干货来了，保证这个问题下你只需要看这一个答案就够了 我花了了两天时间，爬取了B站上到2020年2月份呢为止几百万个视频，最终选取每一类播放量最高的视频，共计109465 个视频，并分类整理成了六个大类，所有视频分类整理成了excel表格，先看一个gif给你们感受一下 可以看到，视频分为六个大类，分别是:鬼畜、生活、时尚、数码、舞蹈、学习。 每个大类下面都有几个小类，每一个小类的视频全... || 【回答3】: 就我一个人在bilibili上看纪录片吗？单单冲着高清的画质和无广告这两点，我就已经爱上了bilibili了。 这是我在bilibili上看过的纪录片，有些纪录片还不止看过一遍。 BBC良心之作 【BBC纪录片】生命的故事 Life Story（六集全）【豆瓣9.8】【高清】 【BBC】猎捕/The.Hunt.S01E01.中英字幕【ZiMuZu】 【BBC】冰冻星球 Frozen Planet【... || 【回答4】: 更新啦！这次新增了一波学习UP主资源以及一些B站纪录片推荐~  前方高能！没在B站学习过，人生只道是枉然！推荐一波超赞的B站视频，难怪央视点名表扬B站，实在是太秀了！不夸张的说，B站可能是目前国内体验最好的学习平台。 因为内容较多，如果大家是在电脑端查看，可以直接按快捷键：Ctrl + F，调出搜索框，输入相应关键词，即可快速定位内容。  —— 2019.9.16 更新内容 —— 考虑到内容较多，... || 【回答5】: 我在B站发现了宝藏。 对很多人来说，B站是用来消磨时间的，实际上，B站是一座金矿，被网友称为「bilibili矿业无限公司」。 上面有很多学习资源，几乎都是免费的，值得反复观看。 一、专业课相关 我知道很多同学还在上大学，目前由于疫情原因不能返校，那么就好好利用这段时间学习以下的专业课吧。 1、10分钟速成课 这个系列的课程包含心理、生物、物理、历史、经济、人文、哲学等内容，相当丰富。课程很短，单...
如何看待斗鱼游戏主播乔碧萝殿下直播不小心露脸这一直播事故？,"最新相关：
如何看待乔碧萝被全网封杀后，去海外直播，嘲讽Mix 晴子和众网友？
416 关注 · 109 回答 问题

这位女主播是斗鱼APEX英雄区的，ID为乔碧萝殿下，平常直播如果开了摄像头都是用一张动图挡住自己的头部，可是因失误图片不显示，露出了脸

相关问题如何看待男子直播吃蜈蚣、壁虎最后中毒身亡事件？",【回答1】: 我叫乔碧萝殿下 是一名斗鱼女主播 我每天的工作 就是骗土豪们打赏 顺便和他们一起打游戏 我工作的日常 是晒晒双马尾 或者问问大家 长发和短发到底哪个好看 直播间的男粉们都为我发狂 我除了拥有98分的颜值 还拥有一副甜甜哒嗓子 很多粉丝，都要听着我的直播才能入睡 我是他们心目中的女神 平日里开直播时 我并不会露脸 一个可爱的表情包遮住自己 有人说我摆谱装X 是，也不是 都露沟给你们看了 你们还想怎么... || 【回答2】: 斗鱼直播夜会客， 枫叶荻花秋瑟瑟。 主播在线客在谈 疑是仙子早下凡。 抖胸激萌人有趣， 还有声音能治愈， 如若真人相邀见， 必须打赏超十万。 千呼万唤始出来， 头顶大图全遮面。 萝莉音动两三声， 评论区里盼芳容。 五陵少年刷礼物 一曲红绡不知数。 自言本是颜值女， 名属斗鱼第一部。 五十学得滤镜成。 谁想直播出事故。 朝暮盼见春江花， 眼前竟是老大妈。 日日夜夜刷女神， 露脸疑似清朝人。 今日闻君... || 【回答3】: 我被晴子圈粉了！！ 金句频出。 “你这个头像是怎么弄的？” “啊那你的嘴巴说话它也会跟着变嘴型吗？” “我还以为你就是这个样子的，我还在想，怎么也不化妆。” 化妆这句，真的，就差没拎着殿下告诉她“奶奶，你没开挡脸。” 殿下居然还在讲如何挡脸，我感觉她险些就把晴子洗脑了，晴子几乎信了这种操作。 紧接着殿下被弹幕提醒了可以看见脸以后，两个尴尬的人开始疯狂的往回圆。 那些年没下的台阶，刚才没听懂的言外之... || 【回答4】: 奶奶别慌，我有一计，可平天下。  反正现在斗鱼鱼龙混杂，性癖众多，奶奶粉也不少，倒不如就此转行反差萌主播，童音奶颜，萝声坦体，照样能混的风生水起！君不见抖音快手中，无数令人喷饭作呕的视频照样火遍全网。想那抖音阿纯，打着教导网友防骗的旗号，公然丑化自己，大玩反差牌。奶奶可依计效仿之，再借助这一波大流量，到那时，何必屈居10w粉小主播之位，斗鱼一奶，指日可成也！  万望奶奶看到我这答案！！！事成之日！... || 【回答5】: 维基百科了一下恐怖袭击的定义： 恐怖活动（英语：terror）是指恐怖份子制造的危害社会稳定、危及平民的生命与财产安全的一切形式的活动，通常表现为针对平民的大规模伤害、袭击公共交通工具和绑架等形式，与恐怖活动相关的事件通常称为“恐怖事件”、“恐怖袭击”等。是一种较极端的非对称作战方式。 重点标记【针对平民的大规模伤害】。 这他娘的就是针对舔狗的恐怖袭击。要是有人存过之前给主播打赏的名单公布出来造成...
最让你震惊的网站有哪些？,无详细描述,"【回答1】: 更新10.1： 1、酸柠檬自定义导航（https://somelemon.com） 以前用过“好123”的朋友应该对于导航网站不太陌生，不过这个网站可以自定义加入网站，比如我每天都会看知乎网站，那就可以点击“+”，粘贴上“知乎+网址”，就可以把知乎加入首页了，下次直接点开就行。 除此之外，这个网站还可以实现“定向搜索”，在搜索框右侧选择对应平台，就可以只显示这个平台的搜索结果，以后可以不打开知乎网... || 【回答2】: 压箱底的震惊来了， 来波大的，一百个网站！ 这些都是我平时辛辛苦苦收集的，是真的牛逼，居然还有这种网站。 1、实时地球 网址：https://zoom.earth/ 实时图像每 10 分钟更新一次，提供风暴、天气预报、降水、火警等数据 2、陕西博物馆 360 度实景浏览 网址：https://www.sxhm.com/online.html 线上参观陕西博物馆，360度展示，共有五个展厅100多个... || 【回答3】: 「USEUM」 这个网站联合了世界上六所著名的博物馆，开放了共计 21,578 幅艺术作品的高清扫描大图，全部可以免费下载。这六所博物馆分别是：荷兰国立博物馆、洛杉矶艺术博物馆、丹麦国家美术馆、保罗·盖蒂博物馆、印第安纳波利斯艺术博物馆、华盛顿国家美术馆。 进入网站的下载页面后[1]，点击相应的博物馆，即可看到对应的馆藏。 选择一张图之后，点击下面的「Download」按钮即可下载： 下载前需要先... || 【回答4】: 1、PhET，该网站是由诺贝尔奖获得者卡尔·威曼于2002年创立，PhET 的互动仿真程序计划由科罗拉多大学的团队专项运营，旨在创建免费的数学和科学互动程序。 PhET 是基于拓展型教育的相关研究并且激励学生在直观的、游戏化的环境中进行探索和发现。目前提供物理、数学、化学、地球科学和生物这些课程知识的学习，网站不仅设计精致，而且内容丰富，互动非常直观。 网站地址： 物理实验 网站内具体内容展示 2... || 【回答5】: 何止震惊，这些网站自从进了我的收藏夹，我每天熬夜到凌晨三点，都和女朋友分手了，原因就是这个网站的比女朋友还精彩。 我从我收集的网站当中，筛选出十个性价比最高的，尤其是第三个和第七个，很多人看完之后完全无法自拔，你一定要克制好！！！ 1、虫部落： https://www.chongbuluo.com/ 一个超级好用、超级全的搜索网站。   其中的学术搜索已经被很多写论文的学长学姐们吹爆了，一定要码住... || 【回答6】: 做为一名拥有5年PPT设计经验的男人，看到这个网站后，不仅是震惊，更多的是慌了，彻底的慌了！ 这个网站可能使像我一样的PPT设计师失业！！最可怕的是它还免费！ 回答后面有更新的答案，一定要看 下面还有超过干货哦！ 这两年，有一个词语，相信咱们每一个人都不会陌生，它就是「人工智能」。而且，一夜间，好像很多行业都开始进军人工智能。比如像： 人工智能设计平台 人工智能物流系统 人工智能研发平台 ....... || 【回答7】: 我来推荐几个意想不到的，让我惊掉下巴的神奇网站。看了会“心动的”。 如果你也喜欢，记得点个赞哦。 进入正文~  第一个网站 remove.bg  你还在用PS抠图嘛，推荐一个抠图神器，这也是一个在线抠图的网站，而且是自动抠图，无需手动点击操作了。   我们点击绿色按钮，就可以添加图片。有时候会跳出验证机制，需要我们验证一下，才可以继续。   验证之后，立马就可以将人物从背景中进行扣除了，真的是一键... || 【回答8】: 分享30个鲜为人知的的小众网站，每一个都是堪称神器，每一个都可以帮助你打开新世界的大门，让你震惊。 1：Product Hunt https://www.producthunt.com/ Product Hunt 是一个让你发现各种新产品的实用网站，你可以利用这个网站发现很多实用有趣的手机 App，电脑软件，网站，硬件产品，游戏，书籍等等。 它提供产品推荐合辑功能，比如：管理会议的最佳工具是什么，... || 【回答9】: 分享一波奇奇怪怪的“生成器”，请谨慎扶好下巴！有的还能给你省下不少钱！ 01 一个可以生成各种各样举牌小人的网站，非常有创意！利用这个生成器，一定能帮你剩下不少钱！ 比如这是我生成的： 那天临时直播，用这个生成器生成的 利用这个网站可以轻松实现。给大家举个例子操作一下。 在页面上输入简单的参数： 继而便可以生成举牌小人的图片： 你还能给小人跟换颜色背景，还有图片的尺寸等哦： 超喜欢，无论是发朋友圈... || 【回答10】: 这些网站看起来像青铜，仔细看才发现每个都是霸者中的神器，每个都是各个领域王者级别的存在，让你相见恨晚。我相信好好利用好这些网站一定是可以对你的生活、工作和学习带来巨大的帮助。 （1）Maspeak（https://maspeak.com/） 这是一个趣味学习外语的网站，它只是学习：法语、英语、意大利语、西班牙语、日语、韩语、俄语、德语、阿拉伯语。 （2）5118营销大数据 直达入口：https:/..."
「宁愿花 11K 重新招人，也不愿意花 9K 留住老员工」的现象是否属实？为什么会出现该现象？,"问题来源于看到这篇文章：
为什么宁可花11k的月薪重新招人，也不愿意花9k的月薪留住老员工？

职场上确实存在「越跳越高」的现象，内部调薪永远都赶不上外部加薪来的快。
那么，这种现象是真实的吗？从人力资源管理和经济学的角度来看，为什么会出现这样的现象呢？

注：老员工要求涨薪到9k，低于别的公司开的10k，但老板答应就愿意留下来。
然而老板依然不同意，造成了目前薪资低于9k的老员工离职，老板因此只能以11k的价格招一个新员工来顶替。
老员工的离职以及新人的薪资也带给别的老员工一些冲击。",【回答1】: 给大家讲个笑话，我现在就是这个状态 坐标武汉，目前薪资到手6K多，这么低薪的程序员应该不多见 18年进公司到现在三年了，一分钱没涨过 最搞笑的是什么呢 是我同事离职之后，公司不招人交接工作，然后把工作全丢到我头上 我现在又要搞PHP开发，又要维护同事离职留下的python和.net的项目 三方都在催，从最开始完全不会搞到硬着头皮学 现在已经能勉强维持项目正常运转并且不拖延手头的开发项目 最近才跟上... || 【回答2】: 上家公司一个做内勤的女孩，要求老板加薪无果后，便把自己的朋友介绍到我们公司，她也成功被介绍到了对方的公司，工作还是原来的工作，两人交换了下老板，底薪就各涨了30%，我们都被这种操作震惊到了，于是大家纷纷效仿，以至于同行业的几家公司，老板之间斗得你死我活，底下的员工却都成了亲密的战友。... || 【回答3】: 毕业后，那年7月份，第一份工作，税前3500元，旷工一天扣200元，事假一天扣100元，病假（有医院假条）一天扣50元，迟到一分钟扣一元，迟到超过30分钟，算事假半天扣50元…… 作为一家IT公司，各种条条框框的规定，真是少有的奇葩，其中薪资保密是公司高压线，一旦有人提及，一律开除。 公司所有人的合同签两个版本，所谓阴阳合同，其中一个版本签的都是2000元，上交公司，而且公司名称也是在国外虚假注册... || 【回答4】: 正好上半年我前公司也出了这事。每年的2月和7月是升职或者加薪的，但是去年7月的时候集体都没涨薪，公司说会体现在年终奖，可是发了年终奖并没有增加多少，公司说等到2月，然而到了2月只给了几个升职的人加薪，两百号人只加薪了七八个吧，并且最高才加了600块而已，那个时候大家已经很有怨言了。 没想到3月的时候公司招了一批实习生，实习员工的实习工资竟然比在公司三年的老员工还要多，这下大家都坐不住了，联想到这个... || 【回答5】: 说一个之前公司发生的事，有一天公司的一个干了6年的技术大牛突然提出辞职，原因是一起闲聊的时候发现他手下的一个工作经验只有2年的小弟竟然工资跟他差不多，他当时就怒了，直接撂挑子不干了，最后老板出面挽留，提出可以把工资再提4K，没用，直接走了，丢下一大摊子老板都来不及找人顶替，还有一个项目因为过了deadline被甲方起诉，最后赔了五六十万。所以愚蠢短视的老板贪起小便宜来是不可理喻的。... || 【回答6】: 1，是真的。 2，为什么会出现这个现象，因为老员工调薪是个系统工程，很多公司并没有能力构建这样的体系。而开高价招新人是个一锤子买卖，对HR来说实际上代价更小。 老员工要想持续保持符合市场行情的薪水，就需要有个持续的，普及的，调薪方案。换句话说，绝大多数员工都会调，只是表现差的调得少，表现好的调得多。而如此大量的，广泛的调薪，就需要有更加精细的职级制定，更加精细的职级制定又意味着更完备的晋升机制与考... || 【回答7】: 本人亲身经历，前东家，干了7年多，基本工资工资从入职的4600到最后的10500，每年算下来应该有18个月基本工资，中间也没有主动提加薪，期间做了不少重大项目，老婆孩子家都在公司附近，没有过走的想法，忽然有一天，某500强HR找到我，报着试试看的想法去去谈了一下，狮子大开口直接要了40K一个月，对方居然很爽快的同意了，回来后就直接请辞职，老板约吃饭，说直接在现有工资上面翻一倍。。。没有同意，还是走... || 【回答8】: 怒答一发，我以前的公司就是这样。 我2007年毕业之后就进了那家公司，一直干到今年3月，总时间9年半。 刚进公司的时候月薪3900，坐标北京。 中间陆续升职加薪，但每次加得都不多。到去年第一次提离职的时候，我的底薪是7500+提成。 因为一直没有跳过槽，而且每年工资都涨那么一点，所以麻痹了我，搞得我根本不知道外面是什么行情。  直到去年，我才知道，公司挖过来一个H经理，狂吹牛逼说一年能做1000万... || 【回答9】: 其实也有可能是老员工对公司彻底寒了心，就算给他12K的工资他也未必愿意留下来。 我的上一家就是这样，别说涨工资，平时各种想办法克扣。 桌面不整洁，罚50。 下班后没有关显示器，罚50。 办公室吃东西，罚50。 这些还算是能自己控制避免的。下面这个才是重点。 我们操作人员是按单子的数量算提成的，比如一单10块钱。正常每个月每人50单，就是500的提成。因为种种原因(比如总是罚款，还有不给加工资)，有... || 【回答10】: 我之前在一家公司上班，一个月2800（2010年）。这个薪水在当时的重庆也算低了。做了一年半之后，我给总经理说希望涨薪水，总经理同意了，并且建议我写涨到4000。然后高能来了，我拿去给我的部门经理签字的时候，那个人叽叽歪歪不肯签字，最后终于签字了，却在后面加了一句建议加到3500。我当时真的是心中万千草泥马崩腾而过。结果，交到老板那里时被拒绝了。又过了一个月我就辞职了。 但是我辞职不到一个月，之前...
为什么很多网友反感IP公开?,你要是说保护隐私，即使没有IP显示，貌似也没啥隐私。关于地域歧视，更是无稽之谈。,【回答1】: 本来打工人就已经很不容易了，大多数时候网上带着面具骂骂公司解解压就是唯一的乐趣。 结果，好么，我们公司外派到菲律宾的就一个人。... || 【回答2】: 公开ip后，又多了一个快乐的源泉... || 【回答3】: 因为有些人是三国杀的 托... || 【回答4】: 我一个江苏的小做题家，因为在百京打工，网友们都让我V他50。... || 【回答5】: 大家隨便說，分扣我們河南的。... || 【回答6】: 你说我一个江苏人，只不过在北京打工，一发言，就会收到阴阳怪气： 哟，百京爷！ 北京都是地道吧？ 百京爷就是牛逼！ 北京人各种福利我是没享受到，骂名倒是共担了。... || 【回答7】: 还好吧，我只是觉得有点搞笑【手动狗头】... || 【回答8】: 自从公开了ip地址之后 今天有人跟我说村儿里发魅魔了 明天有人跟我说村儿里发金条了 后天又有人跟我说村里儿开银趴了 死气白咧的让我回去 不胜其扰... || 【回答9】: 有一说一我是真烦，总有人说什么“京爷V50”。 有病吧？我河北的！！！！... || 【回答10】: 教育很公平的...
美国宣布进入紧急状态对华为下手，华为海思回应「极限生存的假设成为现实」，科技自立、芯片转正意味着什么？,"事件背景
日前，华为被美国商务部列入管制“实体名单”，华为海思总裁何庭波今天凌晨发致员工的一封信，信中称，公司曾经做出了极限生存的假设，总有一天所有美国的先进芯片和技术将不可获得，而华为为了这个以为永远不会发生的假设为公司生存打造了很多“备胎”。
何庭波称，“今天，命运的年轮转到这个极限而黑暗的时刻，超级大国毫不留情地中断全球合作的技术与产业体系，做出了最疯狂的决定，在毫无依据的条件下，把华为放入了（管制）实体名单。”
面对美国的这一举措，华为海思将会把所有曾经打造的备胎转正，今后还将保持开放创新，并实现科技自立。“今后的路，不会再有另一个十年来打造备胎然后再换胎了，缓冲区已经消失，每一个新产品一出生，将必须同步‘科技自立’的方案。”何庭波在信中说道。
相关讨论：",【回答1】: 老板的采访出来了，看这个好了... || 【回答2】: 补充： 抽空看了点评论，说几句。 有些“机智boy”的思路就是：你不要说话，否认就是以退则进。好吧，那我不说话。你不说话就是默认。mb，合着理全让你占了，你咋不上天呢。 试问华为的这个困难只是华为的么？有些人真是后知后觉，对目前的中美经济战毫不关心。华为的困难不过是我们这个民族在复兴前夕受到的打压的大幕一角而已，明天困难就会落在你的头上，支持国产企业，何尝不是在支持你自己。放弃可怜的幻想，最终斗争... || 【回答3】: 5月18日更新； 谢谢大家的支持与点赞，坏消息一个接着一个。霸权国家的华为贸易遏制政策正在以小时的速度扩散。很多美国半导体公司都收到美国政府停止供货的命令，和华为的沟通不能涉及任何技术问题。我们国家半导体产业链正在承受有史以来最大的海啸冲击。 我们敬仰华为，我们支持华为。这是我们国家不沦为发达国家代工厂，中华民族重新屹立世界民族之林的上甘岭战役。此战只能胜不能败，因为后面涉及的公司、家庭、个人不计... || 【回答4】: 我之前在华为那个备用系统说过，华为不可能不准备，因为备用系统这个东西，三星做过，bada，华为也有挺正常。 华为这次据说是备用了很多东西，甚至可能备用到一年甚至更久。 其实我觉得华为从起诉时，应该心里有想法，有准备了。只不过这一刻是一切变成事实，所以才会用备胎转正这个词。 讲真的，世界第一大国针对一家公司，世界权力榜第一人签署针对一家公司的命令。刹那间，我有些难以想象，华为的5g到底是多重要的杀器... || 【回答5】: 看了何总的信有点泪目，作为华为研发人员的家属内心升起一股自豪感，去年家属为公司拿到两项研发专利。家属三十几的年纪每天还在不断学习，阅读最新的行业论文，更新知识，马上还要去国外大学合作研发项目；做为家属的后勤只想说，lg放心去奋斗吧，我会把我们小家我们孩子照顾好的～  谢谢所有的点赞评论～做好自己的本职工作，让我们为自己国家民族的强大尽自己的一份力吧^_^ 看了下评论把战斗修改成了奋斗，有些人不习惯... || 【回答6】: 衷心谢谢支持我们的人们，最后一次更新。 我个人以为，不论结果如何，华为此次事件势必会成为中国科技成长史浓墨重彩的一笔，他是中国科技在未来二三十年究竟突出重围走向世界还是铩羽而归沦落为国内自嗨的分水岭。作为华为员工，此刻能成为这场战斗中的一员（虽然职位卑微），深卷其中见证这波澜壮阔的时刻，我深感荣幸和自豪，哪怕最后成为烈士重新在街头找工作，也毫不后悔。以后等我的孩子们长大了，我会跟他们述说这段往事，... || 【回答7】: 华为的冬天来了，考验他们过冬的能力的时候到了，这种冬天华为是国内第一个以一个企业的身份来过，以前这种冬天都是国家层次的来过的。如果能过去华为自身脱胎换骨不说，更重要的是会给其它企业很大的信心，它们会有这种潜意识，冬天不可怕，我们也能过。 那时候肯定会有越来越多过冬的人，虽然不是每一个都能度过，甚至刚开始会冻死很多，但是只要敢尝试，加上经验越来越丰富，度过冬天的企业会越来越多，到时候冬天就不会是一种... || 【回答8】: 卧槽随手答一下这么多赞。。感谢各位支持！ 同事们提醒welink的图可能违规了所以删掉了，公司还是希望大家因为产品而粉我们，消费情怀是不健康不可持续滴～ ———————————— 海思小兵一枚，其实何总发的文是海思内部保密信息，不过感觉现在已经不可控了。。 （信息安全自我规制） 影响肯定是有，一大批东西要换，但是还在可控范围内，不要担心太多嗯。 罗森给我们准备了出征宴，恰饭去了。... || 【回答9】: 7月份即将入职 看完感觉没有选错，工作还是要有一点情怀的  —— 天呐第一次回答问题，只是想写个小透明的回答支持一下，没想到会这么多赞，不太习惯还是匿名了。 感谢大家对我的支持，有些评论看得我很感动。不过我就是个小透明，也不是大牛，之前的工作我也都没参与，之后可能也做不出啥......看到大家的评论感觉受之有愧。 可能入职后的境况并没有想象的好，但是起码我现在觉得即将做的是一份有意义的工作，能做出... || 【回答10】: 作为一个曾留美八年，本科和研究生学习电气电子工程，也在美国工作过的前留学生，我很高兴去年作出了回国的决定。 和平年代追求物质或安逸无可厚非，我也曾计划拿绿卡，过955，一猫一狗，买车买房都没压力的生活。然而川普上台后种种决定逐步撕开了表面和平的伪装，让我越来越体会到：作为一个个体，祖国的强大才是立身之本；实业和科技的发展，才能真正推动民族复兴。 回国后不满一年的工作中，工作强度和压力是在美国时的2...
你是如何转行的？转行容易吗？,"本题已加入知乎圆桌 >>职业情报局，更多「职业」讨论欢迎关注。
非艺术类科班出身，机械模具专业毕业2年后参加平面设计培训班，跨行做平面设计三年，期间断断续续都是在小公司漂着，有的就我一个设计，有的招几个毕业生接一些小单子，好多公司招平面设计都是工资低，不急着用人，挂在网上面试人玩，所以在这类的小公司狗苟蝇营干了近三年，水平也一直没怎么提高，青黄不接的时候借朋友钱，到现在设计水平不高，工作也不好找，工资还低，对平面设计这一行彻底绝望了，感觉5年时间浪费在一条不适合自己的道路上了，该怎么改行？",【回答1】: 本人94年的妹子，家里穷，没上高中，初中毕业听从父母安排上了中专。 中专专业-服装设计与工艺，学历低知识浅薄，毕业后只能从基层做起，车间里剪线头的工人，到后来车间流水线制作。 工厂蛮累的，流水线机械式工作，日复一日，没有正规的规章制度，容易加班加点、压榨工人， 小厂圈子学历很低，大妈占数比较多，其它是一些初中生、辍学、或是像我一样服装设计专业（中专服装设计毕业后作用不是很大，毕业后还是流水线做起）... || 【回答2】: 360行，行行转IT，没错我就是其中之一。 2016年普通本科（材料专业，无985、211光环）毕业，毕业后来北京做过40天销售感觉是在荒废青春，本来一直对计算机感兴趣，于是乎辞职回家从零，真的是从零（hello world）自学python，我是下了决心要入行IT的。 买了台MacBookPro，代理挂好能随时Google，加上我四级随缘英语水平（429），买了基础入门书    大概理解数据类型... || 【回答3】: 本人女，初中毕业就出来工作了，做过洗碗工、服务员等，现在是招聘经理，自考大专学历，自考本科在读，把这些年的经历写出来给自己做个小总结，也给大家参考吧，有点长，请大家不要介意：） 背景： 我生长在单亲家庭，有一弟一妹，父亲在我们很小的时候就去世了。 我从事过的职业可大致分为两个行业： 1、服务行业，2002年6月2008年5月 2、公司人事行政，2008年7月至今 第一个行业，服务行业，6年 ①小卖... || 【回答4】: 1977年生人，转行次数超过身边所有人。其实很长一段时间非常羡慕那些一辈子没有换过工作日的朋友，数十年如一日，两点一线，家庭——公司，公司——家庭。按部就班的工作，逐步升迁，人到中年，小康生活。这种生活也是我年轻时候的梦想，可是天不与我，时势逼人。 小时候学习一般，初中毕业上了中专，1992年计划经济，中专毕业还能做技术员，过两年能提拔成中层管理。从前途上看，比技校生强，比大学生差。上的是无机化学... || 【回答5】: 一年前，我深受转行的问题困扰，整宿整宿的睡不着觉。当时我翻遍了这个问题下的所有回答，仍然一筹莫展。 如今，转行成功，做自己喜欢的事情已经大半年了，前段时间婉拒了上家Boss的挽留，离职准备人生的第一次跳槽。 我想大多数人在面临转行时，是迷茫无助的，『我要转行去哪儿？』、『这个行业不错，可是我不会啊，怎么入行？』『这个职位看上去不错，可是我又没什么经验，人家凭什么要我？』……这些问题无时无刻都在折磨...
大学什么专业最好？,无详细描述,【回答1】: 作为在我清呆了9年的，我说点简短又有用的。 真是气死了有那么多误人子弟又长又没重点的回答。 选择一个合适的专业比高考多拿几十分重要多了。 写这篇我压力挺大的，首先这不能给我带来什么收益，还耽误了我自己吃喝玩乐的时间，而且要是透露出了一些不利于学校的内幕，我可能还会被请喝茶。所以，写这个真的是吃力不讨好的良心活！ 但我还是想写，为什么呢？因为看到那么多人因为选了坑爹的专业，毁了人生，我于心不忍，确实... || 【回答2】: 中国大学共有13个学科，92个大学专业类，506种大学专业。13个学科分别是：哲学、经济学、法学、教育学、文学、历史学、理学、工学、农学、医学、管理学、艺术学、军事学。 ——百度百科 这十三门学科为你罗列了大致的方向 不是每个人都清楚自己以后想干什么 而经过大致罗列之后 或许可以帮助许多人区分自己的方向  对自己专业有明晰规划的 很好，对症下药 报一个自己喜欢的专业  不知道自己想干嘛的 也不要苦... || 【回答3】: 1、家里没有一个小目标，生化环材别去碰 生物，环境，化学，材料知乎四大劝退专业。就业差，工资低，需求少，还辛苦。别说什么一般985，清北复交的四大劝退专业我认识多少。我高中好友世界生物奥林匹克竞赛金牌得主，北大生科，现在还在宾夕法尼亚大学搬砖呢。同年龄同层次的同学学的计算机，金融专业就业谷歌阿里，大摩高盛中金了。 2、如果不是受虐狂，地海农也不要学 地质专业，海洋专业，农学专业。被誉为三大最“接地... || 【回答4】: 本文将提供给你一套自主选择专业的方法论。 什么是好专业？ 那要看从什么角度来评判，不同的角度会得出不同的结论。 现在又到了高考季，许多来看这个问题的都是面临着选专业问题的准大学生，抱有的目的都是想要拥有一套选专业的指导思想。 我相信一直都有自己想法的同学早就知道自己要选什么专业了，也没必要来看，而更多来看这个回答的，都是不知道自己喜欢什么，或者不敢确定自己要不要将喜欢的事物作为自己大学的专业。 那... || 【回答5】: 答案：数学专业，理由如下  无知时诋毁数学，懂事时理解数学，选专业追随数学，毕业了诋毁数学！信仰数学会把自己的智商当作一个开集，再怎么努力逼近也触碰不到数学真理的边界，数门！  我语文不好，但我会写“天地有正气，杂然赋流形”；我英语不好，但我会读“LaTex”（拉泰赫）；我物理不好，但我知道1+2+3+...=-1/12；我历史不好，但我知道牛顿和莱布尼茨在十七世纪发明了微积分；我流体力学不好，但...
如何看待腾讯公关总监张军称「当我们忙着做各种致敬青年的策划时，青年们正在睡觉」？,无详细描述,【回答1】: 在单位、企业靠裙带关系而非实力上去的人，又被安排了重要职位，最好的明哲保身且不被穿帮的办法就是： 闭嘴。 一句话就暴露了这个公关经理水平。 古文有一字千金，我为爱发电，免费帮你一个字，学着点！ “睡”改成“补”。 把“青年们正在睡觉”改“青年们正在补觉”。 是不是感觉瞬间就好了？把你的团队也夸了，还获得了一些青年人的好感，企业形象也高大上了，一箭三雕！ 当然如果你原来目的就是想diss青年人而抬高... || 【回答2】: 1.商业行为上升到社会是很无趣的。  2.工作上的自我感动请不要带上不分享工作成果的他人。  3.可以不爱，请别伤害。... || 【回答3】: 知道什么叫致敬吗？ 致敬就是尊重！ 你对青年连最起码的尊重都没有，还扯什么致敬青年？ 青年们连最正常的休息都被你指责上了，你这算是哪门子的致敬？ 你这是连青年们的休息权也想剥夺一遍吗？ 你不能因为别人没有牺牲休息时间去配合你弄的形式，你就这样不尊重别人； 你这样做根本就是违背了致敬青年的初衷，把致敬青年彻底变成了一种虚假的形式； 青年们不需要你们这种虚假的致敬，需要的是真正的尊重！... || 【回答4】: 就这还公关总监？ 当我们忙着做各种致敬青年的策划时，青年们正在睡觉。 当公关总监做完策划想要睡觉时，发现这句话成为公关灾难，青年们都在看热闹。 五四紧跟在五一国际劳动节后，现在连在一起放假，它是有某种效果的。 你应该庆幸青年只是在睡觉，而不是觉醒了五四跟五一精神。 当腾讯等垄断企业想要继续薅青年羊毛时，发现青年没钱了。 当腾讯想要继续压榨青年搞996、007时，发现青年不跟它们玩了。 黄鼠狼给鸡拜... || 【回答5】: 谢邀。 他们不是在忙着“致敬青年”，他们是在忙着致敬青年们的钱包。 青年们不给你的游戏充值、不给你的应用贡献活跃用户、不给你的内容送上点击，你特么会大半夜在那“致敬青年”？ 这年头青年不仅是腾讯们的客户，更是腾讯们的资产。因为青年们被腾讯们的免费内容和服务所吸引，然后大把时间沉淀在腾讯的圈里，被腾讯打包卖给别人。 或卖给广告主，或卖给金融市场。 腾讯们用垃圾草料吸引了青年们，青年们金子般的注意力、... || 【回答6】: 为什么他们这几年屡发暴论？仅仅因为他们是奇葩吗？ 当然不。 这说明两件事。 第一，他们在思维方式与价值观上已经和普罗大众脱节，大众在他们眼中只有商业价值，没有作为人的价值。 第二，他们即使这样，也稳如泰山。所以他们完全不care了。 这一波叫“图穷匕见”：都赛博2077了，年轻人在网上唧唧歪歪，能耐他何？ 以后会越来越如此。... || 【回答7】: 鹅厂张军的这次闹剧反应了一个事实：当今中国的资产阶级（及其圈养的资本代理人、高级经理人、舆论打手）已经不满足于经济和政治两个层面的事实高位，同时他们还始终在谋求着第三种层面的高位：伦理层面。 他们永远是以“爹”而自居，他们在青年人面前说话办事、投手投足尽是“语重心长”、“垂首长叹”的姿态。 恰如某位主编一天到晚最爱挂在嘴边的“我们报社里的孩子……” 这种老人姿态的本质，既是对自己阶级高位的一种涂抹... || 【回答8】: 张军的话，至少体现了两种傲慢。 一种是资本家对工人的傲慢。 张军错误的以为，自己的成就来自于自己的努力，于是看到年轻人睡觉愤愤不平：几乎每一个资本家都会有这样的错觉，特别是那些爱谈自己奋斗史的资本家。 可是，快递员辛苦吗，警察辛苦吗，清洁工辛苦吗，农民工辛苦吗？他们哪一个不比你张军辛苦？ 你不过是吃到了时代的红利，获得了良好的教育，加一点遗传的天赋，站在了风口上，努力只是你成功诸多因素中最普通的一... || 【回答9】: 这几天放假没注意热榜。居然发现这个问题，也是目瞪口呆。高赞回答都很全面了，我还是有几句，忍不住想说说！ 这是最新围脖截图  第一个，这是腾讯公关总监！在一个举国欢庆青年节的时候，你以一个企业从业人员的身份，代表企业，给全国添堵！ 第二个，你口口声声要“致敬青年”，做策划。这种批评的口气，是致敬？青年在哪都不知道吧？ 第三个，你为什么做“致敬青年”的策划？做了什么策划？明显感觉你动机不良！商业嘴脸上... || 【回答10】: 微博热评说的好啊 当黄鼠狼忙着给鸡拜年的时候，鸡正在睡觉。 这位网友要想想为什么到他这里就不回复了。 张军最大的问题就在于，生意就是生意，谈什么社会教育啊？ 少点自我感动，就不会显得那么矫情了。 不过仔细想想也对，做了那么多策划，瞎忙活了罢！这群青年太机灵，宁要睡觉也不肯赏我个光！...
