通知人,标题,日期,详情链接,附件下载总次数,附件名(以空格作为间隔)
"综合科
             ",关于2024-2025学年第一学期再次开放本科生学生证补办及火车票优惠区间更改的通知,2024-11-15,https://jwch.fzu.edu.cn/info/1035/13759.htm,0,
"质量办
             ",关于举办福州大学第五十九场“教学有道” 研讨活动的通知,2024-11-14,https://jwch.fzu.edu.cn/info/1040/13758.htm,0,
"实践科
             ",关于公布2024年福州大学第十八届本科生数学建模竞赛获奖名单的通知,2024-11-13,https://jwch.fzu.edu.cn/info/1039/13754.htm,1132,附件1：2024年福州大学第十八届本科生数学建模竞赛获奖名单.xlsx
"教学运行
             ",关于2024-2025学年第一学期《习近平新时代中国特色社会主义思想概论》课程期末考试安排的通知,2024-11-12,https://jwch.fzu.edu.cn/info/1036/13752.htm,119,2401习概随堂考.xlsx
"计划科
             ",关于组织申报2024-2025学年第二学期通识教育选修课的通知,2024-11-11,https://jwch.fzu.edu.cn/info/1038/13750.htm,0,
"教材中心
             ",关于举办福州大学第五十八场“教学有道”研讨活动暨数字教材建设专题研讨会的通知,2024-11-11,https://jwch.fzu.edu.cn/info/1042/13749.htm,0,
"教学运行
             ",关于公布2024学年各学院转专业实施细则的通知,2024-11-08,https://jwch.fzu.edu.cn/info/1036/13748.htm,2562,2024各学院转专业细则.pdf
"教学运行
             ",关于2024-2025学年第一学期《线性代数》和《线性代数与解析几何》课程半期考试安排的通知,2024-11-07,https://jwch.fzu.edu.cn/info/1036/13746.htm,180,2401线性代数、线性代数与解析几何半期考11.24上午.xlsx
"教研教改
             ",关于开展2024年度教育部产学合作协同育人项目结题验收工作的通知,2024-11-05,https://jwch.fzu.edu.cn/info/1037/13743.htm,0,
"计划科
             ",关于2024-2025学年第一学期在校学生申请辅修专业的通知,2024-11-01,https://jwch.fzu.edu.cn/info/1038/13741.htm,0,
"教学运行
             ",关于2024-2025学年第一学期《高等数学A（上）》、《高等数学B（上）》、《高等数学C（上）》、《高等数学D》课程半期考试安排的通知,2024-10-29,https://jwch.fzu.edu.cn/info/1036/13739.htm,1041,2401高等数学A（上）、B（上）、C（上）、D半期考11.17上午.xlsx
"质量办
             ",关于期中党政领导集中听课的通知,2024-10-28,https://jwch.fzu.edu.cn/info/1040/13738.htm,248,附件1：福州大学课堂教学质量评估表.doc附件1：福州大学课堂教学质量评估表.doc附件1：福州大学课堂教学质量评估表.doc附件1：福州大学课堂教学质量评估表.doc
"教学运行
             ",关于做好2024学年本科生转专业工作的通知,2024-10-23,https://jwch.fzu.edu.cn/info/1036/13733.htm,0,
"教材中心
             ",关于进一步加强马克思主义理论研究和建设工程重点教材选用工作的通知,2024-10-21,https://jwch.fzu.edu.cn/content.jsp?urltype=news.NewsContentUrl&wbtreeid=1042&wbnewsid=13729,27,附件1：已出版马克思主义理论研究和建设工程重点教材目录（截至2024年05月）.xlsx
"质量办
             ",关于举办2024年教师教学创新大赛培训会暨第五十七场“教学有道”研讨活动的通知,2024-10-21,https://jwch.fzu.edu.cn/info/1040/13728.htm,0,
"教学运行
             ",关于做好2025届预计毕业生电子注册图像采集工作的通知,2024-10-21,https://jwch.fzu.edu.cn/info/1036/13727.htm,2016,附件3：获得图像采集码途径.pdf附件3：获得图像采集码途径.pdf附件3：获得图像采集码途径.pdf
"教学运行
             ",关于2024-2025学年第一学期《大学物理A（下）》、《大学物理B（下）》课程半期考试安排的通知,2024-10-18,https://jwch.fzu.edu.cn/info/1036/13725.htm,341,2401大物A（下）、B（下）半期考11.2上午.xlsx
"质量办
             ",关于2024年新上岗教师教学达标培训班教师配备导师的通知,2024-10-16,https://jwch.fzu.edu.cn/info/1040/13723.htm,354,附件：2024年福州大学新上岗教师达标培训班名单（配导师）.xlsx
"质量办
             ",诚邀2019届毕业生参与培养目标达成和职业发展问卷调研,2024-10-15,https://jwch.fzu.edu.cn/info/1040/13721.htm,0,
"实践科
             ",关于举办第十六届蓝桥杯全国软件和信息技术专业人才大赛福州大学选拔赛的通知,2024-10-15,https://jwch.fzu.edu.cn/info/1039/13720.htm,0,
"质量办
             ",关于举办福州大学第五十六场“教学有道”研讨活动的通知,2024-10-15,https://jwch.fzu.edu.cn/../info/1040/13719.htm,0,
"计划科
             ",关于全校性通识教育选修课《爱课程：管理沟通》学习的重要提示,2024-10-14,https://jwch.fzu.edu.cn/../info/1038/13717.htm,0,
"教学运行
             ",关于2024-2025学年第一学期《概率论与数理统计》课程半期考试安排的通知,2024-10-12,https://jwch.fzu.edu.cn/../info/1036/13716.htm,203,2401概率论半期考10.27下午.xlsx
"教学运行
             ",关于填报课程学生出勤率信息的通知,2024-10-11,https://jwch.fzu.edu.cn/../info/1036/13715.htm,0,
"教学运行
             ",关于2024-2025学年第一学期《高等数学A（下）》课程半期考试安排的通知,2024-09-30,https://jwch.fzu.edu.cn/../info/1036/13705.htm,309,2401高等数学A（下）半期考10.13上午.xlsx
"实践科
             ",关于2024年高校教学基本状态数据库教学相关数据报送的通知,2024-09-29,https://jwch.fzu.edu.cn/../info/1039/13704.htm,296,2024年本科教学相关数据报送表格.zip
"质量办
             ",关于开展福州大学2024年教师教学创新大赛的通知,2024-09-29,https://jwch.fzu.edu.cn/../info/1040/13703.htm,209,附件.rar
"教学运行
             ",关于组织2024级新生开展学籍信息自查工作的通知,2024-09-27,https://jwch.fzu.edu.cn/../info/1036/13701.htm,0,
"实践科
             ",关于举办2024年福州大学大学生工程实践与创新能力大赛暨2024年福建省大学生工程实践与创新能力大赛福州大学分区赛的通知,2024-09-27,https://jwch.fzu.edu.cn/../info/1039/13700.htm,1152,附件1：组委会成员名单.docx附件1：组委会成员名单.docx附件1：组委会成员名单.docx
"教材中心
             ",关于举办福州大学第五十五场“教学有道”研讨活动的通知,2024-09-25,https://jwch.fzu.edu.cn/../info/1042/13697.htm,0,
"教学运行
             ",关于2024年国庆节放假课程调整的通知,2024-09-24,https://jwch.fzu.edu.cn/../info/1036/13696.htm,0,
"计划科
             ",关于通识教育选修课《国际化拔尖创新人才科研训练》宣讲会及选课的通知,2024-09-23,https://jwch.fzu.edu.cn/../info/1038/13695.htm,695,2024年秋季国际化拔尖创新人才科研训练具体课程清单.xlsx
"计划科
             ",关于组织2024级学生参加《大学生国家安全教育》课程学习的通知,2024-09-23,https://jwch.fzu.edu.cn/../info/1038/13693.htm,3718,超星尔雅使用手册（学生版）.pdf
"计划科
             ",关于公布《大学生国家安全教育》课程实施方案的通知,2024-09-23,https://jwch.fzu.edu.cn/../info/1038/13692.htm,0,
"质量办
             ",关于开展思政课教学专项检查的通知,2024-09-20,https://jwch.fzu.edu.cn/../info/1040/13689.htm,0,
"教学运行
             ",关于2024-2025学年第一学期2024级体育理论教室安排的通知,2024-09-20,https://jwch.fzu.edu.cn/../info/1036/13688.htm,0,
"质量办
             ",福州大学关于成立思政课教学指导组的通知,2024-09-20,https://jwch.fzu.edu.cn/../info/1040/13687.htm,0,
"教学运行
             ",关于做好2024-2025学年第二学期排课准备工作的通知,2024-09-19,https://jwch.fzu.edu.cn/../info/1036/13686.htm,0,
"质量办
             ",关于举办福州大学第五十四场“教学有道”研讨活动的通知,2024-09-14,https://jwch.fzu.edu.cn/../info/1040/13683.htm,0,
"质量办
             ",关于每学期开展常态化课程考核教学档案检查的通知,2024-09-14,https://jwch.fzu.edu.cn/../info/1040/13682.htm,348,附件1：福州大学本科课程考核教学档案检查要点.docx附件1：福州大学本科课程考核教学档案检查要点.docx
"计划科
             ",关于2024-2025学年第一学期爱课程平台参加通识教育选修课学习的重要提示,2024-09-13,https://jwch.fzu.edu.cn/../info/1038/13681.htm,0,
"教材中心
             ",关于申请试用高等教育出版社“云创”数字教材创作编写平台的通知,2024-09-13,https://jwch.fzu.edu.cn/../content.jsp?urltype=news.NewsContentUrl&wbtreeid=1042&wbnewsid=13680,165,数字平台介绍-7.pdf数字平台介绍-7.pdf数字平台介绍-7.pdf
"实践科
             ",关于公布第二十八、二十九期本科生科研训练计划项目结题成绩的通知,2024-09-11,https://jwch.fzu.edu.cn/../info/1039/13677.htm,2060,附件2：福州大学第二十九期本科生科研训练计划项目结题成绩汇总表.doc附件2：福州大学第二十九期本科生科研训练计划项目结题成绩汇总表.doc
"实践科
             ",关于公布省级以上大学生创新创业训练计划项目结题成绩的通知,2024-09-11,https://jwch.fzu.edu.cn/../info/1039/13676.htm,1422,附件1：福州大学2022年国家、省级大学生创新创业训练计划项目结题成绩汇总表.xls附件1：福州大学2022年国家、省级大学生创新创业训练计划项目结题成绩汇总表.xls
"教学运行
             ",关于2024年中秋节放假课程调整的通知,2024-09-11,https://jwch.fzu.edu.cn/../info/1036/13675.htm,0,
"教学运行
             ",关于2024-2025学年第一学期重新学习选课、缴费的通知,2024-09-09,https://jwch.fzu.edu.cn/../info/1036/13671.htm,0,
"综合科
             ",关于召开2024-2025学年秋季学期期初本科教育教学工作会议的通知,2024-09-06,https://jwch.fzu.edu.cn/../info/1035/13666.htm,0,
"教学运行
             ",关于2024-2025-01体育理论教室安排（2023级）的通知,2024-09-06,https://jwch.fzu.edu.cn/../info/1036/13665.htm,0,
"实践科
             ",关于做好2023-2024学年度本科毕业论文（设计）抽检工作的通知,2024-09-05,https://jwch.fzu.edu.cn/../info/1039/13662.htm,240,附件1：专家信息汇总表.xlsx
"质量办
             ",关于开展申请类督导听课工作的通知,2024-09-05,https://jwch.fzu.edu.cn/../info/1040/13661.htm,113,附件：2024年秋季学期申请类督导听课汇总表.docx
"教材中心
             ",关于2024级新生领取课程教材的通知,2024-09-04,https://jwch.fzu.edu.cn/../info/1042/13658.htm,0,
"综合科
             ",关于2024-2025学年第一学期本科生学生证和火车票优惠区间更改的通知,2024-09-04,https://jwch.fzu.edu.cn/../info/1035/13654.htm,0,
"综合科
             ",关于召开2024年宁夏大学、银川能源学院本科生赴福州大学访学见面交流会的通知,2024-09-02,https://jwch.fzu.edu.cn/../info/1035/13651.htm,0,
"计划科
             ",关于公布2024-2025学年第一学期通选课取消开课名单的通知,2024-09-02,https://jwch.fzu.edu.cn/../info/1038/13650.htm,0,
"教学运行
             ",关于做好2024年9月退役复学学生转专业的通知,2024-09-02,https://jwch.fzu.edu.cn/../info/1036/13649.htm,458,福州大学本科生转专业管理实施办法.doc福州大学本科生转专业管理实施办法.doc
"综合科
             ",关于2024级本科生（含访学学生）学生证信息采集的通知,2024-09-02,https://jwch.fzu.edu.cn/../info/1035/13648.htm,0,
"教研教改
             ",福州大学关于开展2024级“数智实验班” 招生工作的通知,2024-08-30,https://jwch.fzu.edu.cn/../info/1037/13647.htm,3717,附件2：福州大学2024级“数智实验班”选拔方案.docx附件2：福州大学2024级“数智实验班”选拔方案.docx附件2：福州大学2024级“数智实验班”选拔方案.docx
"综合科
             ",关于购买优惠火车票相关事宜的通知,2024-08-30,https://jwch.fzu.edu.cn/../info/1035/13646.htm,0,
"教研教改
             ",福州大学关于开展2024级“嘉锡化学拔尖班”招生工作的通知,2024-08-30,https://jwch.fzu.edu.cn/../info/1037/13643.htm,0,
"教研教改
             ",福州大学关于开展2024级“数理综合班”招生工作的通知,2024-08-30,https://jwch.fzu.edu.cn/../info/1037/13642.htm,3176,附件1：福州大学2024级“数理综合班”招生简章.doc附件1：福州大学2024级“数理综合班”招生简章.doc
"教研教改
             ",福州大学关于开展2024级“数理金融实验班”招生工作的通知,2024-08-30,https://jwch.fzu.edu.cn/../info/1037/13641.htm,3844,附件2：福州大学2024级“数理金融实验班”选拔方案.doc附件2：福州大学2024级“数理金融实验班”选拔方案.doc附件2：福州大学2024级“数理金融实验班”选拔方案.doc附件2：福州大学2024级“数理金融实验班”选拔方案.doc
"教学运行
             ",关于2024-2025学年第一学期辅修专业补退选、缴费的通知,2024-08-26,https://jwch.fzu.edu.cn/../info/1036/13639.htm,0,
"计划科
             ",关于2024-2025学年第一学期港澳台侨学生思政课和军事课程退选替代的通知,2024-08-25,https://jwch.fzu.edu.cn/../info/1038/13637.htm,1084,2024-2025学年第一学期国情课列表.docx2024-2025学年第一学期国情课列表.docx
"计划科
             ",关于2024-2025学年第一学期通识教育选修课选课的通知,2024-08-25,https://jwch.fzu.edu.cn/../info/1038/13636.htm,4899,超星尔雅使用手册（学生版）.pdf超星尔雅使用手册（学生版）.pdf超星尔雅使用手册（学生版）.pdf
"质量办
             ",关于开学第一周集中听课的通知,2024-08-25,https://jwch.fzu.edu.cn/../info/1040/13635.htm,572,附件1：福州大学课堂教学质量评估表.doc附件1：福州大学课堂教学质量评估表.doc附件1：福州大学课堂教学质量评估表.doc附件1：福州大学课堂教学质量评估表.doc
"教学运行
             ",关于2024-2025学年第一学期学期选课补退选的通知,2024-08-25,https://jwch.fzu.edu.cn/../info/1036/13634.htm,0,
"质量办
             ",关于开展2024年工程教育认证研讨培训的通知,2024-08-02,https://jwch.fzu.edu.cn/../info/1040/13630.htm,596,附件1：关于组织2024年工程教育认证研讨培训的通告.docx附件1：关于组织2024年工程教育认证研讨培训的通告.docx
"教学运行
             ",福州大学关于印发《福州大学本科生转专业管理实施办法》的通知,2024-08-01,https://jwch.fzu.edu.cn/../info/1036/13629.htm,0,
"实践科
             ",关于转发《关于举办2024年福建省大学生人工智能创意赛暨昇腾AI创新大赛的通知》的通知,2024-07-10,https://jwch.fzu.edu.cn/../info/1039/13628.htm,954,附件：关于举办2024年福建省大学生人工智能创意赛暨昇腾AI创新大赛的通知.pdf
"实践科
             ",关于公布第十三届大学生软件设计与服务外包创新创业竞赛获奖名单的通知,2024-07-06,https://jwch.fzu.edu.cn/../info/1039/13617.htm,0,
"综合科
             ",教务处关于2024年暑假用印安排的通知,2024-07-06,https://jwch.fzu.edu.cn/../info/1035/13626.htm,0,
"实践科
             ",关于公布福州大学2024届本科生优秀毕业设计（论文）名单的通知,2024-07-06,https://jwch.fzu.edu.cn/../info/1039/13616.htm,2061,附件：福州大学2024届优秀本科生毕业设计（论文）名单.doc
"教研教改
             ",福州大学关于公布第八届 远志创业实验班学生名单的通知,2024-07-01,https://jwch.fzu.edu.cn/../info/1037/13602.htm,0,
"教学运行
             ",关于2024-2025学年第一学期辅修专业选课的通知,2024-07-01,https://jwch.fzu.edu.cn/../info/1036/13601.htm,0,
"综合科
             ",友情提示,2024-06-29,https://jwch.fzu.edu.cn/../info/1035/13592.htm,0,
"教学运行
             ",关于做好期末复习考试及下学期开学等工作的通知,2024-06-26,https://jwch.fzu.edu.cn/../info/1036/13585.htm,0,
"实践科
             ",关于公布2024年第二十四届数学竞赛获奖名单的通知,2024-06-26,https://jwch.fzu.edu.cn/../info/1039/13584.htm,0,
"实践科
             ",关于公布第十五届企业经营模拟沙盘对抗赛获奖名单的通知,2024-06-26,https://jwch.fzu.edu.cn/../info/1039/13583.htm,0,
"教材中心
             ",关于召开数字教材建设研讨会的通知,2024-06-25,https://jwch.fzu.edu.cn/../info/1042/13582.htm,0,
"计划科
             ",关于核对2024-2025学年第一学期通识教育选修课开课信息的有关通知,2024-06-25,https://jwch.fzu.edu.cn/../info/1038/13581.htm,0,
"教研教改
             ",关于转发福建省教育厅办公室《关于举办2024年本科高校课程思政骨干教师、研究生导师培训班的通知》的通知,2024-06-21,https://jwch.fzu.edu.cn/../info/1037/13580.htm,0,
"教研教改
             ",关于组织教师和学生参加人工智能赋能高等教育调查报告全国抽样调查问卷的通知,2024-06-21,https://jwch.fzu.edu.cn/../info/1037/13579.htm,0,
"教学运行
             ",关于2023-2024学年第二学期《大学物理A（上）》、《大学物理B（上）》、《大学物理C》课程期末考试安排的通知,2024-06-21,https://jwch.fzu.edu.cn/../info/1036/13578.htm,387,2302 大学物理A（上）、B（上）、C课期末考7.4.xlsx
"教学运行
             ",关于2023-2024学年第二学期《大学英语（二）》、《大学英语（四）》课程期末考试安排的通知,2024-06-20,https://jwch.fzu.edu.cn/../info/1036/13577.htm,309,2302 大学英语（二）、大学英语（四）课程期末考6.22上午.xlsx
"教学运行
             ",关于2023-2024学年第二学期《英语专题》课程期末考试安排的通知,2024-06-20,https://jwch.fzu.edu.cn/../info/1036/13576.htm,362,2302 英语专题课期末考6.29.xlsx
"教学运行
             ",关于2023-2024学年第二学期《工程制图A（下）》、《工程制图D》、《工程制图F》课程期末考试安排的通知,2024-06-19,https://jwch.fzu.edu.cn/../info/1036/13574.htm,275,2302 工程制图A（下）、D、F期末考6.30上午.xlsx
"教学运行
             ",关于2024-2025学年第一学期本科生学期选课的通知,2024-06-17,https://jwch.fzu.edu.cn/../info/1036/13569.htm,0,
"教学运行
             ",关于2023-2024学年第二学期《大学英语（三）》课程期末考试安排的通知,2024-06-17,https://jwch.fzu.edu.cn/../info/1036/13568.htm,369,2302 大学英语（三）期末考 6.23上午.xlsx
"实践科
             ",关于转发组织申报福建省高等教育学会2024年度高等教育科学研究实验室研究专项课题的通知,2024-06-14,https://jwch.fzu.edu.cn/../info/1039/13565.htm,692,附件1：关于组织申报福建高等教育学会2024年度高等教育科学研究实验室研究专项课题的通知（闽高会[2024]1号）.pdf附件1：关于组织申报福建高等教育学会2024年度高等教育科学研究实验室研究专项课题的通知（闽高会[2024]1号）.pdf
"教学运行
             ",关于2023-2024学年第二学期《高等数学A（中）》、《高等数学B（下）》、《高等数学C（下）》课程期末考试安排的通知,2024-06-12,https://jwch.fzu.edu.cn/../info/1036/13563.htm,954,2302 高等数学A（中）期末考 6.23下午.xlsx2302 高等数学A（中）期末考 6.23下午.xlsx2302 高等数学A（中）期末考 6.23下午.xlsx
"实践科
             ",关于转发《关于举办第十四届海峡两岸信息服务创新大赛暨福建省第十八届计算机软件设计大赛的通知》的通知,2024-06-11,https://jwch.fzu.edu.cn/../info/1039/13560.htm,559,闽工信联软件〔2024〕41号福建省工业和信息化厅等八部门关于举办第十四届海峡两岸信息服务创新大赛暨福建省第十八届计算机软件设计大赛的通知.pdf
"实践科
             ",关于公布第三十期本科生科研训练计划立项项目的通知,2024-06-07,https://jwch.fzu.edu.cn/../info/1039/13559.htm,2976,附件1：福州大学2024年国家级、省级大学生创新创业训练计划推荐立项项目汇总表 .doc附件1：福州大学2024年国家级、省级大学生创新创业训练计划推荐立项项目汇总表 .doc
"教研教改
             ",关于组织申报福建省新文科教育研究中心第二批高校新文科建设优秀案例的通知,2024-06-05,https://jwch.fzu.edu.cn/../info/1037/13555.htm,0,
"教研教改
             ",福州大学关于公布2022级数理综合班 专业分流学生名单及学科导师名单的通知,2024-06-05,https://jwch.fzu.edu.cn/../info/1037/13554.htm,0,
"教研教改
             ",福州大学关于公布2022级数理金融 实验班学生主辅修专业及导师名单的通知,2024-06-05,https://jwch.fzu.edu.cn/../info/1037/13553.htm,0,
"计划科
             ",关于2024-2025学年第一学期修读辅修专业学生名单的公示,2024-06-05,https://jwch.fzu.edu.cn/../info/1038/13548.htm,0,
"质量办
             ",关于举办福州大学第五十三场“教学有道” 研讨活动的通知,2024-06-05,https://jwch.fzu.edu.cn/../info/1040/13547.htm,0,
"教材中心
             ",关于做好2024-2025学年第一学期教材选用及征订工作的通知（更新）,2024-06-04,https://jwch.fzu.edu.cn/../info/1042/13546.htm,652,附件1：已出版马克思主义理论研究和建设工程重点教材目录（截至2024年05月，共计116种）.xlsx附件1：已出版马克思主义理论研究和建设工程重点教材目录（截至2024年05月，共计116种）.xlsx
"教学运行
             ",关于2023-2024学年第二学期《马克思主义基本原理》课程期末考试安排的通知,2024-06-04,https://jwch.fzu.edu.cn/../info/1036/13545.htm,349,2302  马克思主义基本原理 期末考试.xlsx
"教学运行
             ",关于2023-2024学年第二学期《毛泽东思想和中国特色社会主义理论体系概论》课程期末考试安排的通知,2024-06-04,https://jwch.fzu.edu.cn/../info/1036/13544.htm,290,2302 毛泽东思想和中国特色社会主义理论体系概论  期末考.xlsx
"教学通知
             ",福州大学关于推荐新一届教育部高等学校教学指导委员会专家的通知,2024-05-30,https://jwch.fzu.edu.cn/../info/1012/13538.htm,740,附件4：推荐委员信息一览表.xlsx附件4：推荐委员信息一览表.xlsx附件4：推荐委员信息一览表.xlsx附件4：推荐委员信息一览表.xlsx
"教学运行
             ",关于2024年端午放假课程调整的通知,2024-05-30,https://jwch.fzu.edu.cn/../info/1036/13536.htm,0,
"教学运行
             ",关于2023-2024学年第二学期《工程制图（C）》课程期末考试安排的通知,2024-05-29,https://jwch.fzu.edu.cn/../info/1036/13533.htm,250,2302 工程制图C（下）期末考试 6.16下午.xlsx
"教学运行
             ",关于2023-2024学年第二学期《思想道德与法治》课程期末考试安排的通知,2024-05-29,https://jwch.fzu.edu.cn/../info/1036/13532.htm,322,2302 德法 期末考.xlsx
"教学运行
             ",关于2023-2024学年第二学期《概率论与数理统计》课程期末考试安排的通知,2024-05-27,https://jwch.fzu.edu.cn/../info/1036/13531.htm,365,2302 概率期末考 6.2下午.xlsx
"教学运行
             ",关于2023-2024学年第二学期《中国近现代史纲要》课程期末考试安排的通知,2024-05-24,https://jwch.fzu.edu.cn/../info/1036/13530.htm,478,2302 近现代 期末考试.xlsx
"教学运行
             ",关于2023-2024学年第二学期《线性代数》课程期末考试安排的通知,2024-05-24,https://jwch.fzu.edu.cn/../info/1036/13529.htm,327,2302 线性代数期末考 6.2下午.xlsx
"实践科
             ",关于公布2024年本科生创新创业实践与素质拓展学分认定结果的通知,2024-05-22,https://jwch.fzu.edu.cn/../info/1039/13525.htm,1651,附件：福州大学本科生创新创业实践与素质拓展学分认定汇总表.doc
"教研教改
             ",福州大学关于开展优秀拔尖创新人才培养案例征集的通知,2024-05-22,https://jwch.fzu.edu.cn/../info/1037/13524.htm,940,附件2：案例撰写格式.docx附件2：案例撰写格式.docx附件2：案例撰写格式.docx附件2：案例撰写格式.docx
"教研教改
             ",福州大学关于开展第八届远志创业实验班招生工作的通知,2024-05-17,https://jwch.fzu.edu.cn/../info/1037/13513.htm,1766,附件1：福州大学第八届远志创业实验班招生简章.docx附件1：福州大学第八届远志创业实验班招生简章.docx
"教学运行
             ",关于2023-2024学年第二学期《习近平新时代中国特色社会主义思想概论》课程期末考试安排的通知,2024-05-15,https://jwch.fzu.edu.cn/../info/1036/13501.htm,397,2302习概论期末考试.xlsx
"教学运行
             ",关于2025届预计毕业生核对电子注册学历信息的通知,2024-05-15,https://jwch.fzu.edu.cn/../info/1036/13497.htm,0,
"教学运行
             ",关于2023-2024学年第二学期计算机语言类课程期末考试安排的通知,2024-05-15,https://jwch.fzu.edu.cn/../info/1036/13491.htm,513,2302计算机语言课期末考试6.1.xlsx
"实践科
             ",关于公布第十届桥梁设计大赛获奖名单的通知,2024-05-11,https://jwch.fzu.edu.cn/../info/1039/13481.htm,0,
"实践科
             ",关于做好国家、省级大学生创新创业训练计划项目结题工作的通知,2024-05-10,https://jwch.fzu.edu.cn/../info/1039/13479.htm,813,国创省创结题附件.zip
"实践科
             ",关于做好第二十八期、二十九期本科生科研训练计划项目结题工作的通知,2024-05-10,https://jwch.fzu.edu.cn/../info/1039/13478.htm,0,
"教材中心
             ",关于举办福州大学第五十二场“教学有道” 研讨活动的通知,2024-05-09,https://jwch.fzu.edu.cn/../info/1042/13477.htm,0,
"综合科
             ",关于2023-2024学年第二学期再次开放本科生学生证和火车票优惠卡补办及火车票优惠卡更改区间的通知,2024-05-08,https://jwch.fzu.edu.cn/../info/1035/13475.htm,0,
"计划科
             ",2023-2024学年第二学期在校学生申请辅修专业的通知,2024-05-07,https://jwch.fzu.edu.cn/../info/1038/13473.htm,0,
"计划科
             ",关于组织申报2024-2025学年第一学期通识教育选修课的通知,2024-05-06,https://jwch.fzu.edu.cn/../info/1038/13472.htm,0,
"实践科
             ",关于公布第四届福州大学大学生先进成图技术与产品信息建模创新大赛获奖名单的通知,2024-04-30,https://jwch.fzu.edu.cn/../info/1039/13470.htm,0,
"实践科
             ",福州大学关于公布第二十一届程序设计竞赛获奖名单的通知,2024-04-30,https://jwch.fzu.edu.cn/../info/1039/13469.htm,0,
"教材中心
             ",关于开展2024年拟出版本科教材审核工作的通知,2024-04-29,https://jwch.fzu.edu.cn/../info/1042/13417.htm,1140,附件1：福州大学教材管理实施细则（试行）.pdf附件1：福州大学教材管理实施细则（试行）.pdf附件1：福州大学教材管理实施细则（试行）.pdf附件1：福州大学教材管理实施细则（试行）.pdf附件1：福州大学教材管理实施细则（试行）.pdf附件1：福州大学教材管理实施细则（试行）.pdf
"实践科
             ",关于对2024届本科毕业设计（论文）试行AIGC检测的通知,2024-04-28,https://jwch.fzu.edu.cn/../info/1039/13415.htm,0,
"教学运行
             ",关于2023-2024学年第二学期《工程制图E》课程期末考试安排的通知,2024-04-28,https://jwch.fzu.edu.cn/../info/1036/13414.htm,372,2302 工程制图E期末考试 5.12上午.xlsx
"实践科
             ",关于公布福州大学第十四届大学生节能减排社会实践与科技竞赛暨第十届材料创新、设计及应用竞赛获奖名单的通知,2024-04-26,https://jwch.fzu.edu.cn/../info/1039/13413.htm,0,
"实践科
             ",关于开展2024届本科毕业设计（论文）抽检送审工作的通知,2024-04-26,https://jwch.fzu.edu.cn/../info/1039/13411.htm,4140,附件1：福建省本科毕业论文（设计）抽检评议要素（试行）.docx附件1：福建省本科毕业论文（设计）抽检评议要素（试行）.docx
"质量办
             ",关于举办福州大学第五十一场“教学有道”  研讨活动的通知,2024-04-26,https://jwch.fzu.edu.cn/../info/1040/13410.htm,0,
"教学运行
             ",关于2024年五一劳动节放假课程调整的通知,2024-04-26,https://jwch.fzu.edu.cn/../info/1036/13409.htm,0,
"质量办
             ",关于举办福州大学第五十场“教学有道”  研讨活动的通知,2024-04-24,https://jwch.fzu.edu.cn/../info/1040/13408.htm,0,
"教学运行
             ",关于2023-2024-02学期体育理论课安排的通知,2024-04-24,https://jwch.fzu.edu.cn/../info/1036/13406.htm,0,
"实践科
             ",关于举办2024年福州大学第二十四届数学竞赛的通知,2024-04-23,https://jwch.fzu.edu.cn/../info/1039/13405.htm,1321,附件3：福州大学第二十四届数学竞赛大纲.pdf
"实践科
             ",福州大学关于公布第八届网络信息安全竞赛获奖名单的通知,2024-04-22,https://jwch.fzu.edu.cn/../info/1039/13403.htm,0,
"实践科
             ",关于举办福州大学第六届大学生机器人竞赛的通知,2024-04-19,https://jwch.fzu.edu.cn/../info/1039/13397.htm,403,附件.zip
"实践科
             ",关于举办福州大学第十八届数学建模竞赛的通知,2024-04-19,https://jwch.fzu.edu.cn/../info/1039/13396.htm,0,
"实践科
             ",关于举办福州大学第二十一届程序设计竞赛暨校ACM/ICPC集训队选拔赛的通知,2024-04-17,https://jwch.fzu.edu.cn/../info/1039/13391.htm,0,
"质量办
             ",关于举办福州大学第四十九场“教学有道”研讨活动的通知,2024-04-17,https://jwch.fzu.edu.cn/../info/1040/13390.htm,0,
"综合科
             ",关于第61届中国高等教育博览会的参会指南,2024-04-12,https://jwch.fzu.edu.cn/../info/1035/13378.htm,0,
"计划科
             ",关于召开2024版本科人才培养方案修订工作专题会议的通知,2024-04-11,https://jwch.fzu.edu.cn/../info/1038/13379.htm,0,
"实践科
             ",关于对2024届本科毕业设计（论文）进行查重检测的通知,2024-04-10,https://jwch.fzu.edu.cn/../info/1039/13375.htm,5474,附件：维普论文检测系统查重标准及格式报告说明.doc
"教学运行
             ",关于2024届预计毕业生补拍电子注册学历照片的通知,2024-04-10,https://jwch.fzu.edu.cn/../info/1036/13374.htm,656,附件2：获得图像采集码途径.pdf附件2：获得图像采集码途径.pdf
"质量办
             ",关于开展2023年新上岗教师课堂授课达标考核的通知,2024-04-08,https://jwch.fzu.edu.cn/../info/1040/13353.htm,1016,附件1：2023年福州大学新上岗教师教学达标培训班名单汇总表.xlsx附件1：2023年福州大学新上岗教师教学达标培训班名单汇总表.xlsx
"教学运行
             ",关于2023-2024学年第二学期《线性代数》课程半期考试安排的通知,2024-04-07,https://jwch.fzu.edu.cn/../info/1036/13352.htm,398,2302线代半期考4.27上午.xlsx
"教学运行
             ",关于2023-2024学年第二学期《大学物理A（上）》、《大学物理B（上）》课程半期考试安排的通知,2024-04-07,https://jwch.fzu.edu.cn/../info/1036/13351.htm,477,2302大物半期考4.21下午.xlsx
"教学运行
             ",关于2023-2024学年第二学期《概率论与数理统计》课程半期考试安排的通知,2024-04-03,https://jwch.fzu.edu.cn/../info/1036/13349.htm,384,2302概率半期考4.14下午.xlsx
"教学运行
             ",关于2023-2024学年第二学期《高等数学A（中）》、《高等数学B（下）》、《高等数学C（下）》课程半期考试安排的通知,2024-04-03,https://jwch.fzu.edu.cn/../info/1036/13348.htm,611,2302高数半期考4.14上午.xlsx
"综合科
             ",关于组织教师参加第61届中国高等教育博览会的通知,2024-04-02,https://jwch.fzu.edu.cn/../info/1035/13347.htm,1000,附件4：参会教师名单收集汇总表.xls附件4：参会教师名单收集汇总表.xls附件4：参会教师名单收集汇总表.xls附件4：参会教师名单收集汇总表.xls
"教学运行
             ",关于2024年清明节放假课程调整的通知,2024-04-01,https://jwch.fzu.edu.cn/../info/1036/13343.htm,0,
"实践科
             ",关于举办福州大学第十五届企业经营模拟沙盘对抗赛的通知,2024-03-27,https://jwch.fzu.edu.cn/../info/1039/13335.htm,624,附件：福州大学第十五届企业经营模拟沙盘对抗赛报名表.doc
"实践科
             ",关于组织开展第十七届中国大学生计算机设计大赛福州大学校内预选赛的通知,2024-03-27,https://jwch.fzu.edu.cn/../info/1039/13334.htm,940,附件1：中大计赛函[2024]1 号 关于举办“2024 年（第 17 届）中国大学生计算机设计大赛”的 通 知.pdf附件1：中大计赛函[2024]1 号 关于举办“2024 年（第 17 届）中国大学生计算机设计大赛”的 通 知.pdf
"实践科
             ",关于举办福州大学第四届大学生先进成图技术与产品信息建模创新大赛的通知,2024-03-27,https://jwch.fzu.edu.cn/../info/1039/13333.htm,483,附件2：福州大学第四届大学生先进成图技术与产品信息建模创新大赛报名表.xls
"实践科
             ",关于举办福州大学第十四届大学生节能减排社会实践与科技竞赛暨第十届材料创新、设计及应用竞赛的通知,2024-03-22,https://jwch.fzu.edu.cn/../info/1039/13331.htm,437,附件1-4.doc
"实践科
             ",关于举办福州大学第八届网络信息安全竞赛的通知,2024-03-21,https://jwch.fzu.edu.cn/../info/1039/13329.htm,0,
"教学运行
             ",关于做好2024-2025学年第一学期排课准备工作的通知,2024-03-18,https://jwch.fzu.edu.cn/../info/1036/13322.htm,0,
"综合科
             ",关于更改2023-2024学年春季学期期初本科教育教学工作会议时间的通知,2024-03-14,https://jwch.fzu.edu.cn/../info/1035/13313.htm,0,
"实践科
             ",关于举办福州大学第十三届大学生软件设计与服务外包创新创业竞赛的通知,2024-03-13,https://jwch.fzu.edu.cn/../info/1039/13312.htm,0,
"计划科
             ",关于通识选修课《爱课程：美化嗓音 轻松讲课》开课的友情提示 ,2024-03-13,https://jwch.fzu.edu.cn/../info/1038/13310.htm,0,
"综合科
             ",关于召开2023-2024学年春季学期期初本科教育教学工作会议的通知,2024-03-13,https://jwch.fzu.edu.cn/../info/1035/13309.htm,0,
"实践科
             ",关于转发《关于邀请省内高校大学生参与2024数字中国创新大赛的函》的通知,2024-03-12,https://jwch.fzu.edu.cn/../info/1039/13308.htm,682,附件：数字中国建设峰会组委会秘书处关于商请邀请省内高校学生参与2024数字中国创新大赛的函.pdf
"教学运行
             ",关于2023-2024学年第二学期重新学习选课、缴费的通知,2024-03-11,https://jwch.fzu.edu.cn/../info/1036/13306.htm,0,
"计划科
             ",关于2023-2024学年第二学期爱课程平台参加通识教育选修课学习的重要提示,2024-03-11,https://jwch.fzu.edu.cn/../info/1038/13305.htm,0,
"质量办
             ",关于组织教师参加第四届福建省教师教学创新大赛产教融合赛道的通知,2024-03-06,https://jwch.fzu.edu.cn/../info/1040/13301.htm,528,附件2 福州大学教师教学创新大赛产教融合赛道 学院推荐名单汇总表.docx附件2 福州大学教师教学创新大赛产教融合赛道 学院推荐名单汇总表.docx
"实践科
             ",关于参加2024年（第十届）全国大学生统计建模大赛的通知,2024-03-05,https://jwch.fzu.edu.cn/../info/1039/13296.htm,0,
"实践科
             ",关于做好第三十期本科生科研训练计划项目立项申报工作的通知,2024-03-05,https://jwch.fzu.edu.cn/../info/1039/13294.htm,3427,第30期SRTP附件.zip
"计划科
             ",关于公布2023-2024学年第二学期通选课取消开课名单的通知,2024-03-04,https://jwch.fzu.edu.cn/../info/1038/13293.htm,0,
"综合科
             ",关于2023-2024学年第二学期本科生学生证和火车票优惠卡补办及火车票优惠卡更改区间的通知,2024-02-29,https://jwch.fzu.edu.cn/../info/1035/13280.htm,0,
"教学运行
             ",关于做好2024年3月退役复学学生转专业的通知,2024-02-27,https://jwch.fzu.edu.cn/../info/1036/13284.htm,804,福州大学参军退伍复学后学生转专业审批表.doc福州大学参军退伍复学后学生转专业审批表.doc
"计划科
             ",关于通识教育选修课《国际化拔尖创新人才科研训练》宣讲会及选课的通知,2024-02-27,https://jwch.fzu.edu.cn/../info/1038/13283.htm,1690,附件1国际化拔尖创新人才科研训练具体课程清单.xlsx
"实践科
             ",关于2024届本科毕业生创新创业实践与素质拓展学分认定工作的通知,2024-02-26,https://jwch.fzu.edu.cn/../info/1039/13281.htm,2053,福州大学本科生创新创业实践与素质拓展学分申报汇总表、申请表.doc
"计划科
             ",关于2023-2024学年第二学期港澳台侨学生思政课和军事课程退选替代的通知,2024-02-25,https://jwch.fzu.edu.cn/../info/1038/13279.htm,653,2023-2024学年第二学期国情课列表.docx
"实践科
             ",关于对2023年学院教学有关数据进行统计的通知,2024-02-25,https://jwch.fzu.edu.cn/../info/1039/13278.htm,651,2023年学院教学有关数据统计表格下载.zip
"计划科
             ",关于2023-2024学年第二学期通识教育选修课选课的通知,2024-02-25,https://jwch.fzu.edu.cn/../info/1038/13277.htm,1026,24春夏智慧树学生手册更新（可导学用）最新E(2).pptx24春夏智慧树学生手册更新（可导学用）最新E(2).pptx24春夏智慧树学生手册更新（可导学用）最新E(2).pptx
"质量办
             ",关于开学第一周集中听课的通知,2024-02-25,https://jwch.fzu.edu.cn/../info/1040/13276.htm,735,附件1：福州大学课堂教学质量评估表.doc附件1：福州大学课堂教学质量评估表.doc附件1：福州大学课堂教学质量评估表.doc
"教学运行
             ",关于2023-2024第二学期学期选课、辅修选课补退选的通知,2024-02-25,https://jwch.fzu.edu.cn/../info/1036/13275.htm,0,
"实践科
             ",关于推荐申报实验教学和教学实验室建设研究项目的通知,2024-02-06,https://jwch.fzu.edu.cn/../info/1039/13272.htm,1308,附件1：实验教学和教学实验室建设研究项目申报书.docx附件1：实验教学和教学实验室建设研究项目申报书.docx附件1：实验教学和教学实验室建设研究项目申报书.docx
"教学运行
             ",关于2024年春季学期《大学物理实验》绪论课程教室安排的通知,2024-01-20,https://jwch.fzu.edu.cn/../info/1036/13254.htm,650,2024大物实验（上）绪论排课.xlsx
"综合科
             ",教务处关于2024年寒假用印安排的通知,2024-01-20,https://jwch.fzu.edu.cn/../info/1035/13252.htm,0,
"教材中心
             ",关于组织申报福建省“十四五”普通高等教育本科规划教材建设项目的通知,2024-01-18,https://jwch.fzu.edu.cn/../info/1042/13251.htm,2124,福建省教育厅关于开展福建省“十四五”普通高等教育本科规划教材建设工作的通知.pdf福建省教育厅关于开展福建省“十四五”普通高等教育本科规划教材建设工作的通知.pdf福建省教育厅关于开展福建省“十四五”普通高等教育本科规划教材建设工作的通知.pdf福建省教育厅关于开展福建省“十四五”普通高等教育本科规划教材建设工作的通知.pdf
"质量办
             ",关于上报学院本科教育教学质量保障2023年工作总结和2024年工作计划的通知,2024-01-12,https://jwch.fzu.edu.cn/../info/1040/13248.htm,0,
"计划科
             ",关于核对2023-2024学年第二学期通识教育选修课开课信息的通知,2024-01-11,https://jwch.fzu.edu.cn/../info/1038/13245.htm,0,
"综合科
             ",关于召开2023-2024学年秋季学期期末本科教育教学工作会议的通知,2024-01-10,https://jwch.fzu.edu.cn/../info/1035/13242.htm,0,
"教学运行
             ",关于2023-2024学年第二学期辅修专业选课的通知,2024-01-09,https://jwch.fzu.edu.cn/../info/1036/13241.htm,0,
"实践科
             ",关于组织参加2024年美国大学生数学建模竞赛通知,2024-01-08,https://jwch.fzu.edu.cn/../info/1039/13231.htm,3059,附录：2024年2月美国大学生数学建模竞赛介绍及参赛流程.pdf
"教学运行
             ",关于做好期末复习考试及下学期开学等工作的通知,2024-01-03,https://jwch.fzu.edu.cn/../info/1036/13221.htm,0,
"教学运行
             ",关于2023-2024学年第一学期《高等数学C（上）》、《高等数学D》课程期末考试安排的通知,2024-01-02,https://jwch.fzu.edu.cn/../info/1036/13213.htm,521,2301高等数学C（上）、D期末考试 1.19下午.xlsx
"教学运行
             ",关于2023-2024学年第一学期《高等数学A（上）》、《高等数学B（上）》课程期末考试安排的通知,2024-01-02,https://jwch.fzu.edu.cn/../info/1036/13212.htm,747,2301高等数学A（上）、B（上）期末考试 1.19上午.xlsx
"教学运行
             ",关于2023-2024学年第一学期《大学物理A（下）》课程期末考试安排的通知,2024-01-02,https://jwch.fzu.edu.cn/../info/1036/13211.htm,483,2301大学物理A（下）期末考试 1.18上午.xlsx
"教学运行
             ",关于2023-2024学年第一学期《大学英语（二）》课程期末考试安排的通知,2024-01-02,https://jwch.fzu.edu.cn/../info/1036/13210.htm,616,2301大学英语（二）期末考试 1.15上午、下午.xlsx
"教学运行
             ",关于2023-2024学年第一学期《大学英语（一）》、《大学英语（三）》课程期末考试安排的通知,2024-01-02,https://jwch.fzu.edu.cn/../info/1036/13209.htm,356,2301大学英语（一）、（三）期末考试 1.14上午.xlsx
"教学运行
             ",关于2023-2024学年第一学期《工程制图A（上）》、《工程制图C（上）》、《工程制图D》、《工程制图F》课程期末考试安排的通知,2024-01-02,https://jwch.fzu.edu.cn/../info/1036/13208.htm,347,2301制图A(上）、C（上）、D、F期末考试 1.13上午.xlsx
"实践科
             ",关于公布大学生校外实践教学基地检查结果的通知,2023-12-29,https://jwch.fzu.edu.cn/../info/1039/13207.htm,714,附件：福州大学大学生校外实践教学基地检查评估结果汇总表.xlsx
"实践科
             ",关于公布首批大学生示范性校外实践教学基地名单的通知,2023-12-28,https://jwch.fzu.edu.cn/../info/1039/13206.htm,0,
"教研教改
             ",关于开展福建省第二批新工科教育优秀教学案例征集、实践平台共建共享推荐工作的通知,2023-12-26,https://jwch.fzu.edu.cn/../info/1037/13204.htm,856,第二批福建省新工科教育联盟新工科教育优秀教学案例征集、实践平台共建共享工作附件3——附件6.rar第二批福建省新工科教育联盟新工科教育优秀教学案例征集、实践平台共建共享工作附件3——附件6.rar
"教研教改
             ",关于开展福建省高校第二批课程思政优秀教学案例推荐工作的通知,2023-12-26,https://jwch.fzu.edu.cn/../info/1037/13203.htm,974,福建省高校课程思政教育联盟关于开展第二批课程思政优秀教学案例征集工作的通知20231127.docx福建省高校课程思政教育联盟关于开展第二批课程思政优秀教学案例征集工作的通知20231127.docx
"质量办
             ",福州大学关于公布2023年教师教学创新大赛获奖名单的通知,2023-12-26,https://jwch.fzu.edu.cn/../info/1040/13201.htm,0,
"教学运行
             ",关于2023-2024学年第二学期本科生学期选课的通知,2023-12-25,https://jwch.fzu.edu.cn/../info/1036/13198.htm,0,
"教学运行
             ",关于2024年元旦放假课程调整的通知,2023-12-25,https://jwch.fzu.edu.cn/../info/1036/13197.htm,0,
"教研教改
             ",关于转发教育部高等教育司《关于公布2023年产学合作协同育人项目立项名单的通知》的通知,2023-12-21,https://jwch.fzu.edu.cn/../info/1037/13196.htm,0,
"教学运行
             ",关于2023-2024学年第一学期《大学英语（四）》课程期末考试安排的通知,2023-12-21,https://jwch.fzu.edu.cn/../info/1036/13195.htm,546,2301英语四期末考试 1.7下午.xlsx
"教学运行
             ",关于2023-2024学年第一学期《线性代数》、《线性代数与解析几何》课程期末考试安排的通知,2023-12-21,https://jwch.fzu.edu.cn/../info/1036/13194.htm,454,2301线代期末考试 1.7上午.xlsx
"教学运行
             ",关于2023-2024学年第一学期计算机语言类课程期末考试安排的通知,2023-12-21,https://jwch.fzu.edu.cn/../info/1036/13193.htm,406,2301 计算机语言期末考试 1.6上午.xlsx
"实践科
             ",关于做好2023年省级以上大学生创新创业训练计划项目和第二十九期本科生科研训练计划项目中期检查工作的通知,2023-12-19,https://jwch.fzu.edu.cn/../info/1039/13191.htm,1882,附件.zip
"教学运行
             ",关于2023-2024学年第一学期《思想道德与法治》课程期末考试安排的通知,2023-12-18,https://jwch.fzu.edu.cn/../info/1036/13182.htm,723,2301思法随堂考.xlsx
"教学运行
             ",关于2023-2024学年第一学期《中国近现代史纲要》课程期末考试安排的通知,2023-12-18,https://jwch.fzu.edu.cn/../info/1036/13181.htm,462,2301 近现代史纲要期末考 .xlsx
"质量办
             ",关于2023年新上岗教师教学达标培训班教师配备导师的通知,2023-12-15,https://jwch.fzu.edu.cn/../info/1040/13173.htm,831,2023年福州大学新上岗教师教学达标培训班名单（配导师）.xlsx
"实践科
             ",关于举办福州大学第十届桥梁设计大赛的通知,2023-12-06,https://jwch.fzu.edu.cn/../info/1039/13167.htm,1329,附件1：福州大学第十届桥梁设计大赛报名表20231126.doc附件1：福州大学第十届桥梁设计大赛报名表20231126.doc附件1：福州大学第十届桥梁设计大赛报名表20231126.doc
"教研教改
             ",福州大学关于开展第三批国家级一流本科课程申报推荐工作的通知,2023-12-06,https://jwch.fzu.edu.cn/../info/1037/13166.htm,4563,附件2：教育部关于一流本科课程建设的实施意见（教高〔2019〕8号）.doc附件2：教育部关于一流本科课程建设的实施意见（教高〔2019〕8号）.doc附件2：教育部关于一流本科课程建设的实施意见（教高〔2019〕8号）.doc附件2：教育部关于一流本科课程建设的实施意见（教高〔2019〕8号）.doc附件2：教育部关于一流本科课程建设的实施意见（教高〔2019〕8号）.doc附件2：教育部关于一流本科课程建设的实施意见（教高〔2019〕8号）.doc附件2：教育部关于一流本科课程建设的实施意见（教高〔2019〕8号）.doc附件2：教育部关于一流本科课程建设的实施意见（教高〔2019〕8号）.doc附件2：教育部关于一流本科课程建设的实施意见（教高〔2019〕8号）.doc
"教材中心
             ",转发教育部办公厅关于印发《 “十四五”普通高等教育本科国家级规划教材建设实施方案》的通知,2023-12-05,https://jwch.fzu.edu.cn/../info/1042/13164.htm,544,教育部办公厅关于印发《“十四五”普通高等教育本科国家级规划教材建设实施方案》的通知.pdf
"教学运行
             ",关于2023-2024学年第一学期《马克思主义基本原理》课程期末考试安排的通知,2023-12-05,https://jwch.fzu.edu.cn/../info/1036/13163.htm,609,2301 马克思主义基本原理期末随堂考.xlsx
"教学运行
             ",关于2023-2024学年第一学期《毛泽东思想和中国特色社会主义理论体系概论》课程期末考试安排的通知,2023-12-05,https://jwch.fzu.edu.cn/../info/1036/13162.htm,659,2301 毛概论期末随堂考.xlsx
"实践科
             ",关于做好2024届本科生毕业设计（论文）工作的通知,2023-12-04,https://jwch.fzu.edu.cn/../info/1039/13155.htm,3167,附件：2024届福州大学本科生毕业设计（论文）有关表格.zip
"计划科
             ",关于2023-2024学年第二学期修读辅修专业学生名单的公示,2023-12-04,https://jwch.fzu.edu.cn/../info/1038/13154.htm,0,
"实践科
             ",关于开展大学生校外实践教学基地抽检评审的通知,2023-11-29,https://jwch.fzu.edu.cn/../info/1039/13152.htm,539,附件：福州大学大学生校外实践教学基地抽查评审一览表.xlsx
"教研教改
             ",关于公布2023年福州大学课程思政示范项目立项建设名单的通知,2023-11-28,https://jwch.fzu.edu.cn/../info/1037/13151.htm,0,
"教学运行
             ",关于2023-2024学年第一学期《概率论与数理统计》课程期末考试安排的通知,2023-11-27,https://jwch.fzu.edu.cn/../info/1036/13147.htm,550,2301概率期末考12.17上午.xlsx
"教学运行
             ",关于2023-2024学年第一学期《大学物理B（下）》课程期末考试安排的通知,2023-11-27,https://jwch.fzu.edu.cn/../info/1036/13146.htm,603,2301大物B（下）期末考12.17下午.xlsx
"教材中心
             ",关于做好2023-2024学年第二学期教材选用及征订工作的通知,2023-11-23,https://jwch.fzu.edu.cn/../info/1042/13144.htm,1148,附件1：已出版马克思主义理论研究和建设工程重点教材目录（截至2023年09月，共计116种）.xlsx附件1：已出版马克思主义理论研究和建设工程重点教材目录（截至2023年09月，共计116种）.xlsx
"实践科
             ",关于公布第十五届蓝桥杯全国软件和信息技术专业人才大赛省赛参赛资格名单的通知,2023-11-22,https://jwch.fzu.edu.cn/../info/1039/13142.htm,1696,附件1.docx
"实践科
             ",关于举办第十四届全国大学生电子商务“三创赛”福州大学校赛的通知,2023-11-17,https://jwch.fzu.edu.cn/../info/1039/13134.htm,2208,附件1.团队高校指导老师承诺书.doc附件1.团队高校指导老师承诺书.doc附件1.团队高校指导老师承诺书.doc附件1.团队高校指导老师承诺书.doc
"综合科
             ",关于2023-2024学年第一学期再次开放本科生学生证和火车票优惠卡补办及火车票优惠卡更改区间的通知,2023-11-14,https://jwch.fzu.edu.cn/../info/1035/13132.htm,0,
"教研教改
             ",关于转发福建省高等教育研究院《“福建省高等教育改革与研究项目”申报通知》的通知,2023-11-13,https://jwch.fzu.edu.cn/../info/1037/13122.htm,0,
"计划科
             ",关于组织申报2023-2024学年第二学期通识教育选修课的通知,2023-11-13,https://jwch.fzu.edu.cn/../info/1038/13121.htm,0,
"教学运行
             ",关于2023-2024学年第一学期《工程制图E》、《画法几何》课程期末考试安排的通知,2023-11-08,https://jwch.fzu.edu.cn/../info/1036/13109.htm,652,2301画法几何、工程制图E期末考12.10下午.xlsx
"教学运行
             ",关于2023-2024学年第一学期《高等数学A（上）》、《高等数学B（上）》、《高等数学C（上）》、《高等数学D》课程半期考试安排的通知,2023-11-08,https://jwch.fzu.edu.cn/../info/1036/13108.htm,1118,2301高数C(上）、D半期考12.10上午.xlsx2301高数C(上）、D半期考12.10上午.xlsx
"教学运行
             ",关于2023-2024学年第一学期《线性代数》、《线性代数与解析几何》课程半期考试安排的通知,2023-11-08,https://jwch.fzu.edu.cn/../info/1036/13107.htm,596,2301线性代数、线性代数与解析几何半期考12.9下午.xlsx
"教学运行
             ",关于2023-2024学年第一学期《高等数学A（下）》课程期末考试安排的通知,2023-11-08,https://jwch.fzu.edu.cn/../info/1036/13105.htm,499,2301高数A（下）期末考12.3下午.xlsx
"教学运行
             ",关于公布2023学年各学院转专业实施细则的通知,2023-11-07,https://jwch.fzu.edu.cn/../info/1036/13102.htm,8711,2023转专业细则.pdf
"教学运行
             ",关于2023-2024学年第一学期《习近平新时代中国特色社会主义思想概论》课程期末考试安排的通知,2023-11-07,https://jwch.fzu.edu.cn/../info/1036/13101.htm,706,2301习概论随堂考.xlsx
"计划科
             ",关于2023-2024学年第一学期在校学生申请辅修专业的通知,2023-11-06,https://jwch.fzu.edu.cn/../info/1038/13094.htm,0,
"质量办
             ",关于期中党政领导集中听课的通知,2023-10-30,https://jwch.fzu.edu.cn/../info/1040/13079.htm,854,附件1：福州大学课堂教学质量评估表.doc附件1：福州大学课堂教学质量评估表.doc
"综合科
             ",关于福州大学智慧教室二期使用培训的通知,2023-10-24,https://jwch.fzu.edu.cn/../info/1035/13062.htm,0,
"教材中心
             ",关于召开教材建设研讨会暨福州大学第四十八场“教学有道”研讨会的通知,2023-10-23,https://jwch.fzu.edu.cn/../info/1042/13052.htm,0,
"实践科
             ",关于举办第十五届蓝桥杯全国软件和信息技术专业人才大赛福州大学选拔赛的通知,2023-10-20,https://jwch.fzu.edu.cn/../info/1039/13051.htm,0,
"教学运行
             ",关于做好2023学年本科生转专业工作的通知,2023-10-19,https://jwch.fzu.edu.cn/../info/1036/13043.htm,0,
"质量办
             ",关于举办福州大学第四十七场“教学有道”研讨活动暨2023年教师教学创新大赛培训会的通知,2023-10-19,https://jwch.fzu.edu.cn/../info/1040/13041.htm,0,
"教学运行
             ",关于2023-2024学年第一学期《高等数学A（下）》课程半期考试安排的通知,2023-10-17,https://jwch.fzu.edu.cn/../info/1036/13039.htm,715,2301高数A（下）半期考10.22晚.xlsx
"教学运行
             ",关于2023-2024学年第一学期《大学物理A（下）》、《大学物理B（下）》课程半期考试安排的通知,2023-10-16,https://jwch.fzu.edu.cn/../info/1036/13038.htm,1096,10.29晚大物B（下）半期考.xlsx10.29晚大物B（下）半期考.xlsx
"实践科
             ",关于2023年高校教学基本状态数据库教学相关数据报送的通知,2023-10-16,https://jwch.fzu.edu.cn/../info/1039/13035.htm,600,2023年本科教学相关数据报送表格.zip
"教学运行
             ",关于做好2024届预计毕业生电子注册图像采集工作的通知,2023-10-16,https://jwch.fzu.edu.cn/../info/1036/13034.htm,2174,附件2：获得图像采集码途径.pdf附件2：获得图像采集码途径.pdf
"教学运行
             ",关于组织2023级新生开展学籍信息自查工作的通知,2023-10-09,https://jwch.fzu.edu.cn/../info/1036/13029.htm,0,
"质量办
             ",关于开展福州大学2023年教师教学创新大赛的通知,2023-10-08,https://jwch.fzu.edu.cn/../info/1040/13028.htm,603,附件1-4.rar
"教学运行
             ",关于2023-2024学年第一学期《概率与数理统计》课程半期考试安排的通知,2023-10-08,https://jwch.fzu.edu.cn/../info/1036/13027.htm,749,10.21晚概率半期考.xlsx
"教学运行
             ",关于2023年中秋节、国庆节放假课程调整的通知,2023-09-25,https://jwch.fzu.edu.cn/../info/1036/13017.htm,0,
"教学运行
             ",2023-2024-01学期2023级体育理论教室安排表,2023-09-20,https://jwch.fzu.edu.cn/../info/1036/13014.htm,0,
"教学运行
             ",关于做好2023-2024学年第二学期排课准备工作的通知,2023-09-20,https://jwch.fzu.edu.cn/../info/1036/13013.htm,0,
"实践科
             ",关于公布第十二届大学生软件设计与服务外包创新创业竞赛获奖名单的通知,2023-09-19,https://jwch.fzu.edu.cn/../info/1039/13011.htm,0,
"计划科
             ",关于2023-2024学年第一学期爱课程平台参加通识教育选修课学习的重要提示,2023-09-18,https://jwch.fzu.edu.cn/../info/1038/13001.htm,0,
"计划科
             ",关于通识选修课《爱课程：美化嗓音 轻松讲课》开课的友情提示 ,2023-09-18,https://jwch.fzu.edu.cn/../info/1038/13000.htm,0,
"实践科
             ",关于公布省级以上大学生创新创业训练计划项目结题成绩的通知,2023-09-15,https://jwch.fzu.edu.cn/../info/1039/12999.htm,3378,福州大学2022年省级及以上大学生创新创业训练计划项目结题成绩汇总表.xls福州大学2022年省级及以上大学生创新创业训练计划项目结题成绩汇总表.xls
"实践科
             ",关于公布第二十七、二十八期本科生科研训练计划项目结题成绩的通知,2023-09-15,https://jwch.fzu.edu.cn/../info/1039/12998.htm,3560,福州大学第二十七期本科生科研训练计划项目结题成绩汇总表.xls福州大学第二十七期本科生科研训练计划项目结题成绩汇总表.xls
"质量办
             ",关于举办福州大学第四十六场“教学有道”研讨活动的通知,2023-09-14,https://jwch.fzu.edu.cn/../info/1040/12997.htm,0,
"教研教改
             ",福州大学关于公布2023级 “嘉锡化学拔尖班”学生名单的通知,2023-09-14,https://jwch.fzu.edu.cn/../info/1037/12996.htm,0,
"教研教改
             ",福州大学关于公布2023级“数理综合班”学生名单的通知,2023-09-14,https://jwch.fzu.edu.cn/../info/1037/12995.htm,0,
"教研教改
             ",福州大学关于公布2023级“数理金融实验班”学生名单的通知,2023-09-14,https://jwch.fzu.edu.cn/../info/1037/12994.htm,0,
"教学运行
             ",关于2023-2024学年第一学期重新学习选课、缴费的通知,2023-09-11,https://jwch.fzu.edu.cn/../info/1036/12983.htm,0,
"教学运行
             ",关于做好2023年参军退役学生转专业的通知,2023-09-08,https://jwch.fzu.edu.cn/../info/1036/12981.htm,1586,福州大学本科生转专业管理实施办法（暂行）.docx福州大学本科生转专业管理实施办法（暂行）.docx
"教学运行
             ",关于9月7日开展线上教学的紧急通知,2023-09-06,https://jwch.fzu.edu.cn/../info/1036/12977.htm,0,
"教学运行
             ",关于受第11号台风“海葵”影响课程调整的通知,2023-09-06,https://jwch.fzu.edu.cn/../info/1036/12973.htm,0,
"计划科
             ",关于公布2023-2024学年第一学期通选课取消开课名单的通知,2023-09-05,https://jwch.fzu.edu.cn/../info/1038/12962.htm,0,
"综合科
             ",关于召开2023-2024学年秋季学期期初本科教育教学工作会议的通知,2023-09-01,https://jwch.fzu.edu.cn/../info/1035/12955.htm,0,
"教研教改
             ",关于公布参加2023级“数理综合班”选拔面试学生名单的通知,2023-08-30,https://jwch.fzu.edu.cn/../info/1037/12953.htm,0,
"教研教改
             ",关于公布参加2023级“嘉锡化学拔尖班”选拔面试学生名单的通知,2023-08-30,https://jwch.fzu.edu.cn/../info/1037/12952.htm,0,
"计划科
             ",关于2023级学生选修《大学信息技术基础》的通知,2023-08-30,https://jwch.fzu.edu.cn/../info/1038/12951.htm,0,
"教研教改
             ",关于公布参加2023级“数理金融实验班”选拔面试学生名单的通知,2023-08-29,https://jwch.fzu.edu.cn/../info/1037/12942.htm,0,
"实践科
             ",关于做好2022-2023学年度本科毕业论文（设计）抽检工作的通知,2023-08-29,https://jwch.fzu.edu.cn/../info/1039/12939.htm,847,附件1：专家信息汇总表.xlsx
"综合科
             ",关于2023-2024学年第一学期本科生学生证和火车票优惠卡补办及火车票优惠卡更改区间的通知,2023-08-27,https://jwch.fzu.edu.cn/../info/1035/12937.htm,0,
"教学运行
             ",关于2023-2024第一学期辅修专业补退选、缴费的通知,2023-08-27,https://jwch.fzu.edu.cn/../info/1036/12936.htm,0,
"质量办
             ",关于开学第一周集中听课的通知,2023-08-27,https://jwch.fzu.edu.cn/../info/1040/12935.htm,2349,附件1：福州大学课堂教学质量评估表.doc附件1：福州大学课堂教学质量评估表.doc附件1：福州大学课堂教学质量评估表.doc
"综合科
             ",关于2023级福州大学本科生学生证信息采集的通知,2023-08-27,https://jwch.fzu.edu.cn/../info/1035/12934.htm,0,
"教学运行
             ",关于2023-2024第一学期学期选课补退选的通知,2023-08-26,https://jwch.fzu.edu.cn/../info/1036/12933.htm,0,
"计划科
             ",关于2023-2024学年第一学期港澳台侨学生思政课和军事课程退选替代的通知,2023-08-26,https://jwch.fzu.edu.cn/../info/1038/12932.htm,1792,2023-2024学年第一学期国情课列表.docx2023-2024学年第一学期国情课列表.docx
"计划科
             ",关于2023-2024学年第一学期通识教育选修课选课的通知,2023-08-26,https://jwch.fzu.edu.cn/../info/1038/12931.htm,7476,超星尔雅使用手册（学生版）.pdf超星尔雅使用手册（学生版）.pdf超星尔雅使用手册（学生版）.pdf
"教研教改
             ",福州大学关于开展2023级“嘉锡化学拔尖班”招生工作的通知,2023-08-26,https://jwch.fzu.edu.cn/../info/1037/12929.htm,3772,附件1：福州大学2023级“嘉锡化学拔尖班”招生简章.doc附件1：福州大学2023级“嘉锡化学拔尖班”招生简章.doc
"教研教改
             ",福州大学关于开展2023级“数理综合班”招生工作的通知,2023-08-26,https://jwch.fzu.edu.cn/../info/1037/12927.htm,1640,附件2：承诺书.doc附件2：承诺书.doc
"教研教改
             ",福州大学关于开展2023级“数理金融实验班”招生工作的通知,2023-08-26,https://jwch.fzu.edu.cn/../info/1037/12926.htm,2876,附件3：2023级数理金融实验班申请表.doc附件3：2023级数理金融实验班申请表.doc附件3：2023级数理金融实验班申请表.doc附件3：2023级数理金融实验班申请表.doc
"实践科
             ",福州大学关于公布2023年本科生开放探索性实验项目（课程）评选结果的通知,2023-08-23,https://jwch.fzu.edu.cn/../info/1039/12923.htm,0,
"综合科
             ",关于开展智慧教室使用培训工作的通知,2023-08-21,https://jwch.fzu.edu.cn/../info/1035/12913.htm,0,
"实践科
             ",关于转发《关于举办第十三届海峡两岸信息服务创新大赛暨福建省第十七届计算机软件设计大赛的通知》的通知,2023-08-21,https://jwch.fzu.edu.cn/../info/1039/12912.htm,625,闽工信联软件〔2023〕31号关于举办第十三届海峡两岸信息服务创新大赛暨福建省第十七届计算机软件设计大赛的通知.pdf
"实践科
             ",关于开展大学生校外实践教学基地检查评估的通知,2023-08-14,https://jwch.fzu.edu.cn/../info/1039/12903.htm,3906,附件1：福州大学校外实习教学基地一览表（2022年9月）.xlsx附件1：福州大学校外实习教学基地一览表（2022年9月）.xlsx附件1：福州大学校外实习教学基地一览表（2022年9月）.xlsx
"质量办
             ",关于举办福州大学第四十五场“教学有道”研讨活动的通知,2023-08-04,https://jwch.fzu.edu.cn/../content.jsp?urltype=news.NewsContentUrl&wbtreeid=1040&wbnewsid=12893,0,
"综合科
             ",关于本科教学管理系统及其相关业务系统暂停使用的通知,2023-08-02,https://jwch.fzu.edu.cn/../info/1035/12892.htm,0,
"综合科
             ",教务处关于2023年暑假用印安排的通知,2023-07-08,https://jwch.fzu.edu.cn/../info/1035/12884.htm,0,
"综合科
             ",关于召开2022-2023学年春季学期期末本科教育教学工作会议的通知,2023-07-03,https://jwch.fzu.edu.cn/../info/1035/12874.htm,0,
"教学运行
             ",关于做好期末复习考试及下学期开学等工作的通知,2023-06-30,https://jwch.fzu.edu.cn/../info/1036/12870.htm,0,
"质量办
             ",关于举办福州大学第四十四场“教学有道”研讨活动的通知,2023-06-30,https://jwch.fzu.edu.cn/../info/1040/12868.htm,0,
"实践科
             ",关于参加“2023高教社杯全国大学生数学建模竞赛”报名与集训的通知,2023-06-29,https://jwch.fzu.edu.cn/../info/1039/12867.htm,5561,附件：2023高教社杯全国大学生数学建模竞赛福州大学队伍的报名操作流程.pdf
"质量办
             ",关于开展2023年度教师本科教学综合测评工作的通知,2023-06-28,https://jwch.fzu.edu.cn/../info/1040/12864.htm,1021,关于开展2023年度教师本科教学综合测评工作的通知.doc
"计划科
             ",关于核对2023-2024学年第一学期通识教育选修课开课信息的有关通知,2023-06-27,https://jwch.fzu.edu.cn/../info/1038/12863.htm,0,
"实践科
             ",关于公布2023年国家级、省级大学生创新创业训练计划推荐立项项目的通知,2023-06-26,https://jwch.fzu.edu.cn/../info/1039/12862.htm,8454,2023年国家级、省级大学生创新创业训练计划推荐项目汇总表.doc2023年国家级、省级大学生创新创业训练计划推荐项目汇总表.doc
"教学运行
             ",关于2022-2023学年第二学期大学英语拓展课程期末考试安排的通知,2023-06-21,https://jwch.fzu.edu.cn/../info/1036/12850.htm,701,202202英语拓展课考试7.3上、下午.xls
"教学运行
             ",关于2022-2023学年第二学期《大学物理A（上）、B（上）、C》课程期末考试安排的通知,2023-06-21,https://jwch.fzu.edu.cn/../info/1036/12848.htm,1692,2202大学物理B 期末考7.6下午.xlsx2202大学物理B 期末考7.6下午.xlsx
"实践科
             ",关于举办2023年福州大学大学生工程实践与创新能力大赛暨2023年福建省大学生工程实践与创新能力大赛福州大学分区赛的通知,2023-06-20,https://jwch.fzu.edu.cn/../info/1039/12847.htm,1170,附件3：2023年福州大学大学生工程实践与创新能力大赛命题与运行.pdf
"实践科
             ",关于公布第十四届企业经营模拟沙盘对抗赛获奖名单的通知,2023-06-20,https://jwch.fzu.edu.cn/../info/1039/12846.htm,0,
"实践科
             ",关于公布2023年大学生电子设计竞赛暨全国大学生电子设计竞赛选拔赛获奖名单的通知,2023-06-20,https://jwch.fzu.edu.cn/../info/1039/12845.htm,0,
"实践科
             ",关于公布第二十届程序设计竞赛获奖名单的通知,2023-06-20,https://jwch.fzu.edu.cn/../info/1039/12844.htm,0,
"实践科
             ",关于公布2023年第二十三届数学竞赛获奖名单的通知,2023-06-20,https://jwch.fzu.edu.cn/../info/1039/12843.htm,0,
"教学运行
             ",关于2023年端午节放假课程调整的通知,2023-06-19,https://jwch.fzu.edu.cn/../info/1036/12842.htm,0,
"教学运行
             ",关于2023-2024学年第一学期本科生学期选课的通知,2023-06-19,https://jwch.fzu.edu.cn/../info/1036/12841.htm,0,
"质量办
             ",关于举办福州大学第四十三场“教学有道”研讨活动的通知,2023-06-15,https://jwch.fzu.edu.cn/../info/1040/12835.htm,0,
"教研教改
             ",福州大学关于开展2023年省级一流本科课程申报推荐工作的通知,2023-06-14,https://jwch.fzu.edu.cn/../info/1037/12832.htm,4690,附件2：教育部关于一流本科课程建设的实施意见（教高〔2019〕8号）.doc附件2：教育部关于一流本科课程建设的实施意见（教高〔2019〕8号）.doc附件2：教育部关于一流本科课程建设的实施意见（教高〔2019〕8号）.doc附件2：教育部关于一流本科课程建设的实施意见（教高〔2019〕8号）.doc附件2：教育部关于一流本科课程建设的实施意见（教高〔2019〕8号）.doc附件2：教育部关于一流本科课程建设的实施意见（教高〔2019〕8号）.doc附件2：教育部关于一流本科课程建设的实施意见（教高〔2019〕8号）.doc
"教研教改
             ",福州大学关于公布2021级数理金融实验班学生主辅修专业及导师名单的通知,2023-06-13,https://jwch.fzu.edu.cn/../info/1037/12830.htm,0,
"计划科
             ",关于公布2023-2024学年第一学期修读辅修专业学生名单的通知,2023-06-12,https://jwch.fzu.edu.cn/../info/1038/12829.htm,0,
"教学运行
             ",关于2022-2023学年第二学期《大学英语（二）、（三）、（四）》课程期末考试安排的通知,2023-06-09,https://jwch.fzu.edu.cn/../info/1036/12828.htm,1810,2202英语二、四期末考试6.18下午.xlsx2202英语二、四期末考试6.18下午.xlsx
"教学运行
             ",关于2022-2023学年第二学期《工程制图A（下）、C（下）、D、F》课程期末考试安排的通知,2023-06-09,https://jwch.fzu.edu.cn/../info/1036/12827.htm,485,2202 工程制图 期末考试安排 6.18下午.xlsx
"综合科
             ",关于转发12306手机客户端提供学生优惠资质在线核验服务的通知,2023-06-07,https://jwch.fzu.edu.cn/../info/1035/12821.htm,0,
"计划科
             ",关于2023-2024学年第一学期修读辅修专业学生名单的公示,2023-06-05,https://jwch.fzu.edu.cn/../info/1038/12808.htm,0,
"教学运行
             ",关于2022-2023学年第二学期《概率论与数理统计》课程期末考试安排的通知,2023-06-01,https://jwch.fzu.edu.cn/../info/1036/12807.htm,741,2202概率期末考6.11下午.xlsx
"实践科
             ",关于公布第二十九期本科生科研训练计划立项项目的通知,2023-05-31,https://jwch.fzu.edu.cn/../info/1039/12805.htm,0,
"实践科
             ",关于公布2023年本科生创新创业实践与素质拓展学分认定结果的通知,2023-05-30,https://jwch.fzu.edu.cn/../info/1039/12804.htm,2757,福州大学本科生创新创业实践与素质拓展学分申报汇总表.doc
"实践科
             ",关于公布福州大学第九届桥梁设计大赛获奖名单的通知,2023-05-30,https://jwch.fzu.edu.cn/../info/1039/12803.htm,0,
"实践科
             ",关于公布福州大学第十三届大学生节能减排社会实践与科技竞赛暨第九届材料创新、设计及应用竞赛获奖名单的通知,2023-05-30,https://jwch.fzu.edu.cn/../info/1039/12802.htm,0,
"实践科
             ",关于公布福州大学第三届大学生先进成图技术与产品信息建模创新大赛获奖名单的通知,2023-05-30,https://jwch.fzu.edu.cn/../info/1039/12801.htm,0,
"教学运行
             ",关于2022-2023学年第二学期《思想道德与法治》课程期末考试安排的通知,2023-05-26,https://jwch.fzu.edu.cn/../info/1036/12798.htm,763,2202 思想道德与法治 随堂考安排.xlsx
"教学运行
             ",关于2022-2023学年第二学期《毛泽东思想和中国特色社会主义理论体系概论》课程期末考试安排的通知,2023-05-26,https://jwch.fzu.edu.cn/../info/1036/12797.htm,851,2202 毛泽东思想概论 随堂考安排.xlsx
"教学运行
             ",关于2022-2023学年第二学期《马克思主义基本原理》课程期末考试安排的通知,2023-05-26,https://jwch.fzu.edu.cn/../info/1036/12796.htm,762,2202 马克思主义基本原理 随堂考安排.xlsx
"教学运行
             ",关于2022-2023学年第二学期《高等数学A（中）、B（下）、C（下）》课程期末考试安排的通知,2023-05-26,https://jwch.fzu.edu.cn/../info/1036/12794.htm,1726,2202高等数学A(中）、C（下）期末考试安排 6.11上午第二场.xlsx2202高等数学A(中）、C（下）期末考试安排 6.11上午第二场.xlsx
"教学运行
             ",关于2022-2023学年第二学期《线性代数》、《线性代数与解析几何》课程期末考试安排的通知,2023-05-24,https://jwch.fzu.edu.cn/../info/1036/12783.htm,906,2202线性代数期末考试6.4下午.xlsx
"教研教改
             ",福州大学关于开展第七届远志创业实验班招生工作的通知,2023-05-22,https://jwch.fzu.edu.cn/../info/1037/12779.htm,2038,附件1：福州大学第七届远志创业实验班招生简章.docx附件1：福州大学第七届远志创业实验班招生简章.docx
"质量办
             ",关于举办福州大学第四十二场“教学有道”研讨活动的通知,2023-05-22,https://jwch.fzu.edu.cn/../info/1040/12778.htm,0,
"综合科
             ",关于2022-2023学年第二学期再次开放本科生学生证和火车票优惠卡补办及火车票优惠卡更改区间的通知,2023-05-22,https://jwch.fzu.edu.cn/../info/1035/12776.htm,0,
"实践科
             ",关于做好第二十七期、二十八期本科生科研训练计划项目结题工作的通知,2023-05-18,https://jwch.fzu.edu.cn/../info/1039/12775.htm,2318,srtp项目结题附件.zip
"实践科
             ",关于做好国家、省级大学生创新创业训练计划项目结题工作的通知,2023-05-18,https://jwch.fzu.edu.cn/../info/1039/12774.htm,1215,国创省创结题附件.zip
"教材中心
             ",关于做好2023-2024学年第一学期教材选用及征订工作的通知,2023-05-18,https://jwch.fzu.edu.cn/../info/1042/12773.htm,1894,附件1：教育部公示马工程重点教材目录-115种-.xlsx附件1：教育部公示马工程重点教材目录-115种-.xlsx
"教学运行
             ",关于2022-2023学年第二学期《近现代史纲要》课程期末考试安排的通知,2023-05-17,https://jwch.fzu.edu.cn/../info/1036/12771.htm,764,2202近现代史纲要期末考试.xlsx
"教研教改
             ",福州大学关于公布2021级数理综合班专业分流学生名单及学科导师名单的通知,2023-05-17,https://jwch.fzu.edu.cn/../info/1037/12770.htm,0,
"实践科
             ",关于公布福州大学第七届网络信息安全竞赛获奖名单的通知,2023-05-17,https://jwch.fzu.edu.cn/../info/1039/12769.htm,0,
"质量办
             ",关于举办福州大学第四十一场“教学有道”研讨活动的通知,2023-05-16,https://jwch.fzu.edu.cn/../info/1040/12768.htm,0,
"教学运行
             ",关于2024届预计毕业生核对电子注册学历信息的通知,2023-05-16,https://jwch.fzu.edu.cn/../info/1036/12765.htm,0,
"计划科
             ",关于组织申报2023-2024学年第一学期通识教育选修课的通知,2023-05-15,https://jwch.fzu.edu.cn/../info/1038/12762.htm,0,
"教学运行
             ",关于2022-2023学年第二学期计算机语言类课程期末考试安排的通知,2023-05-12,https://jwch.fzu.edu.cn/../info/1036/12761.htm,935,2202计算机语言期末考试5.28.xlsx
"质量办
             ",关于举办福州大学第四十场“教学有道”研讨活动的通知,2023-05-12,https://jwch.fzu.edu.cn/../info/1040/12760.htm,0,
"质量办
             ",关于开展2023届本科毕业生座谈会的通知,2023-05-12,https://jwch.fzu.edu.cn/../info/1040/12759.htm,0,
"实践科
             ",关于公布福州大学第九届“汇仟杯”测量大赛获奖名单的通知,2023-05-08,https://jwch.fzu.edu.cn/../info/1039/12750.htm,0,
"计划科
             ",2022-2023学年第二学期在校学生申请辅修专业的通知,2023-05-08,https://jwch.fzu.edu.cn/../info/1038/12749.htm,0,
"教研教改
             ",福州大学关于开展2022-2023学年本科教学优秀奖评选工作的通知,2023-05-05,https://jwch.fzu.edu.cn/../info/1037/12747.htm,4016,附件1：福州大学本科教学优秀奖评选办法.doc附件1：福州大学本科教学优秀奖评选办法.doc附件1：福州大学本科教学优秀奖评选办法.doc附件1：福州大学本科教学优秀奖评选办法.doc
"质量办
             ",关于举办福州大学第三十九场“教学有道”研讨活动的通知,2023-05-05,https://jwch.fzu.edu.cn/../info/1040/12746.htm,0,
"实践科
             ",关于组织申报2023年本科生开放探索性实验项目（课程）的通知,2023-05-05,https://jwch.fzu.edu.cn/../info/1039/12745.htm,0,
"实践科
             ",关于开展2023届本科毕业设计（论文）抽检送审工作的通知,2023-04-26,https://jwch.fzu.edu.cn/../info/1039/12723.htm,6282,3附件2：2023届福州大学本科毕业设计（论文）抽检情况汇总表.xlsx3附件2：2023届福州大学本科毕业设计（论文）抽检情况汇总表.xlsx
"实践科
             ",关于对2023届本科毕业设计（论文）进行查重检测的通知,2023-04-26,https://jwch.fzu.edu.cn/../info/1039/12722.htm,6584,2附件：维普论文检测系统查重标准及格式报告说明.doc
"实践科
             ",关于试用本科毕业设计（论文）管理模块的通知,2023-04-26,https://jwch.fzu.edu.cn/../info/1039/12721.htm,2086,1附件：福州大学本科毕业设计（论文）管理模块操作指南.doc
"教学运行
             ",关于2022-2023学年第二学期《工程制图E》课程期末考试安排的通知,2023-04-25,https://jwch.fzu.edu.cn/../info/1036/12718.htm,633,2202制图E期末考试5.14上午.xlsx
"教学运行
             ",关于2023届预计毕业生补拍电子注册学历照片的通知,2023-04-24,https://jwch.fzu.edu.cn/../info/1036/12716.htm,1460,附件：获得图像采集码途径.pdf
"实践科
             ",关于举办福州大学第十七届数学建模竞赛暨2023年全国大学生数学建模竞赛集训队选拔的通知,2023-04-20,https://jwch.fzu.edu.cn/../info/1039/12714.htm,0,
"教学运行
             ",关于2023年五一节放假课程调整的通知,2023-04-19,https://jwch.fzu.edu.cn/../info/1036/12712.htm,0,
"教学运行
             ",关于2022-2023学年第二学期《大学物理》课程半期考试安排的通知,2023-04-19,https://jwch.fzu.edu.cn/../info/1036/12711.htm,732,2202大物半期考5.7下午.xlsx
"实践科
             ",关于举办2023年福州大学第二十三届数学竞赛暨第十五届全国大学生数学竞赛选拔赛的通知,2023-04-17,https://jwch.fzu.edu.cn/../info/1039/12702.htm,1464,附件3：福州大学第二十三届数学竞赛大纲.pdf
"实践科
             ",关于举办福州大学第十三届大学生节能减排社会实践与科技竞赛暨第九届材料创新、设计及应用竞赛的通知,2023-04-15,https://jwch.fzu.edu.cn/../info/1039/12701.htm,0,
"实践科
             ",关于举办福州大学第二十届程序设计竞赛暨校ACM/ICPC集训队选拔赛的通知,2023-04-14,https://jwch.fzu.edu.cn/../info/1039/12695.htm,0,
"实践科
             ",关于举办福州大学第七届网络信息安全竞赛的通知,2023-04-13,https://jwch.fzu.edu.cn/../info/1039/12694.htm,0,
"实践科
             ",关于组织开展第十六届中国大学生计算机设计大赛校内预选赛的通知,2023-04-07,https://jwch.fzu.edu.cn/../info/1039/12673.htm,3318,附件1：2023年（第16届）4C大赛通知（中大计赛函[2023]1号）.pdf附件1：2023年（第16届）4C大赛通知（中大计赛函[2023]1号）.pdf附件1：2023年（第16届）4C大赛通知（中大计赛函[2023]1号）.pdf
"实践科
             ",关于举办福州大学第三届大学生先进成图技术与产品信息建模创新大赛的通知,2023-04-07,https://jwch.fzu.edu.cn/../info/1039/12672.htm,945,附件2：福州大学第三届大学生先进成图技术与产品信息建模创新大赛报名表.xls
"教学运行
             ",关于2022-2023学年第二学期《高等数学》课程半期考试安排的通知,2023-04-07,https://jwch.fzu.edu.cn/../info/1036/12671.htm,1103,2202高数半期考4.16上午.xlsx
"教学运行
             ",关于2022-2023学年第二学期《线性代数》课程半期考试安排的通知,2023-04-06,https://jwch.fzu.edu.cn/../info/1036/12667.htm,864,2202线代半期考4.22下午.xlsx
"教学运行
             ",关于2023年清明节放假课程调整的通知,2023-04-03,https://jwch.fzu.edu.cn/../info/1036/12666.htm,0,
"实践科
             ",关于举办福州大学第十四届企业经营模拟沙盘对抗赛的通知,2023-03-31,https://jwch.fzu.edu.cn/../info/1039/12665.htm,834,附件：福州大学第十四届企业经营模拟沙盘对抗赛报名表.doc
"实践科
             ",关于开展2023年省级大学生学科专业竞赛项目申报工作的通知,2023-03-29,https://jwch.fzu.edu.cn/../info/1039/12660.htm,2126,附件1：福建省高校大学生学科专业竞赛管理办法（试行）.pdf附件1：福建省高校大学生学科专业竞赛管理办法（试行）.pdf
"质量办
             ",关于正式启用福州大学课堂教学督导管理系统的通知,2023-03-27,https://jwch.fzu.edu.cn/../info/1040/12657.htm,1041,附件：福州大学课堂教学督导管理系统操作指南（学院）.doc
"实践科
             ",关于转发福建省教育厅《关于印发<福建省高校大学生学科专业竞赛管理办法（试行）>的通知》的通知,2023-03-27,https://jwch.fzu.edu.cn/../info/1039/12656.htm,1450,闽教规〔2023〕2号福建省教育厅关于印发《福建省高校大学生学科专业竞赛管理办法（试行）》的通知.pdf
"综合科
             ",关于召开2022-2023学年春季学期期初本科教育教学工作会议的通知,2023-03-24,https://jwch.fzu.edu.cn/../info/1035/12655.htm,0,
"教材中心
             ",2023年第二届福建省高校教材联合巡展（福州大学）活动通知,2023-03-23,https://jwch.fzu.edu.cn/../info/1042/12654.htm,0,
"教学运行
             ",关于做好2023年3月参军退役复学学生转专业工作的通知,2023-03-22,https://jwch.fzu.edu.cn/../info/1036/12650.htm,2080,福州大学本科生转专业管理实施办法（暂行）.docx福州大学本科生转专业管理实施办法（暂行）.docx
"计划科
             ",关于2022-2023学年第二学期爱课程平台参加通识教育选修课学习的重要提示,2023-03-21,https://jwch.fzu.edu.cn/../info/1038/12649.htm,0,
"教学运行
             ",关于做好2023-2024学年第一学期排课准备工作的通知,2023-03-21,https://jwch.fzu.edu.cn/../info/1036/12648.htm,0,
"实践科
             ",关于举办2023年福州大学大学生电子设计竞赛暨全国大学生电子设计竞赛选拔赛的通知,2023-03-17,https://jwch.fzu.edu.cn/../info/1039/12646.htm,0,
"质量办
             ",关于上报2023年各学院本科教育教学质量保障工作计划的通知,2023-03-17,https://jwch.fzu.edu.cn/../info/1040/12645.htm,1666,附件1：福州大学关于进一步完善本科教育教学质量保障体系的实施意见.doc附件1：福州大学关于进一步完善本科教育教学质量保障体系的实施意见.doc
"综合科
             ",教务处关于暂停对外办公的通知,2023-03-15,https://jwch.fzu.edu.cn/../info/1035/12641.htm,0,
"实践科
             ",关于举办福州大学第九届“汇仟杯”测量大赛的通知,2023-03-14,https://jwch.fzu.edu.cn/../info/1039/12633.htm,3820,附件2 ：福州大学第九届“汇仟杯”测量大赛竞赛细则.docx附件2 ：福州大学第九届“汇仟杯”测量大赛竞赛细则.docx附件2 ：福州大学第九届“汇仟杯”测量大赛竞赛细则.docx附件2 ：福州大学第九届“汇仟杯”测量大赛竞赛细则.docx
"实践科
             ",关于举办福州大学第十二届大学生软件设计与服务外包创新创业竞赛的通知,2023-03-14,https://jwch.fzu.edu.cn/../info/1039/12632.htm,0,
"计划科
             ",关于通识选修课《爱课程：美化嗓音 轻松讲课》开课的友情提示 ,2023-03-13,https://jwch.fzu.edu.cn/../info/1038/12631.htm,0,
"实践科
             ",关于做好第二十九期本科生科研训练计划项目立项工作的通知,2023-03-10,https://jwch.fzu.edu.cn/../info/1039/12622.htm,3604,第29期SRTP附件.zip
"教学运行
             ",关于2022-2023学年第二学期重新学习选课、缴费的通知,2023-03-07,https://jwch.fzu.edu.cn/../info/1036/12619.htm,0,
"实践科
             ",关于上报2023年各学院新时代劳动教育实施计划的通知,2023-03-03,https://jwch.fzu.edu.cn/../info/1039/12614.htm,801,福大教21-13福州大学关于印发《福州大学关于新时代劳动教育的实施方案（暂行）》的通知.pdf
"实践科
             ",关于福州大学参加2023年第九届全国大学生统计建模大赛的通知,2023-03-03,https://jwch.fzu.edu.cn/../info/1039/12613.htm,0,
"实践科
             ",关于组织参加2023年美国大学生数学建模春季MCM/ICM赛的通知,2023-03-01,https://jwch.fzu.edu.cn/../info/1039/12601.htm,2267,2023年美国大学生数学建模春季MCMICM赛介绍及参赛流程.pdf
"计划科
             ",关于公布2022-2023学年第二学期通选课取消开课名单的通知,2023-02-27,https://jwch.fzu.edu.cn/../info/1038/12592.htm,0,
"综合科
             ",关于2022-2023学年第二学期本科生学生证和火车票优惠卡补办及火车票优惠卡更改区间的通知,2023-02-21,https://jwch.fzu.edu.cn/../info/1035/12568.htm,0,
"教学运行
             ",关于2023届预计毕业生校对电子注册学历照片的通知,2023-02-21,https://jwch.fzu.edu.cn/../info/1036/12567.htm,0,
"实践科
             ",关于组织参加第十四届全国周培源大学生力学竞赛的通知,2023-02-21,https://jwch.fzu.edu.cn/../info/1039/12566.htm,2688,关于组织参加第十四届全国周培源大学生力学竞赛的通知.docx关于组织参加第十四届全国周培源大学生力学竞赛的通知.docx
"实践科
             ",关于2023届本科毕业生创新创业实践与素质拓展学分认定工作的通知,2023-02-20,https://jwch.fzu.edu.cn/../info/1039/12565.htm,2260,学分认定申请表格.zip
"教学运行
             ",关于2022-2023第二学期辅修专业补退选、缴费的通知,2023-02-20,https://jwch.fzu.edu.cn/../info/1036/12564.htm,0,
"实践科
             ",关于对2022年学院教学有关数据进行统计的通知,2023-02-19,https://jwch.fzu.edu.cn/../info/1039/12563.htm,801,2022年学院教学有关数据统计表格下载.zip
"质量办
             ",关于开学第一周集中听课的通知,2023-02-19,https://jwch.fzu.edu.cn/../info/1040/12562.htm,2421,附件3：福州大学党政领导听课管理实施办法（福大教〔2022〕27号）.doc附件3：福州大学党政领导听课管理实施办法（福大教〔2022〕27号）.doc附件3：福州大学党政领导听课管理实施办法（福大教〔2022〕27号）.doc
"教学运行
             ",关于2022-2023第二学期学期选课补退选的通知,2023-02-19,https://jwch.fzu.edu.cn/../info/1036/12561.htm,0,
"计划科
             ",关于报名参加2022-2023学年第二学期国情教育网络培训的通知,2023-02-18,https://jwch.fzu.edu.cn/../info/1038/12555.htm,0,
"计划科
             ",关于2022-2023学年第二学期港澳台侨学生思政课和军事课程退选替代的通知,2023-02-17,https://jwch.fzu.edu.cn/../info/1038/12553.htm,1211,2022-2023学年第二学期国情课列表.docx
"计划科
             ",关于2022-2023学年第二学期通识教育选修课选课的通知,2023-02-17,https://jwch.fzu.edu.cn/../info/1038/12552.htm,2023,爱课程学生注册与选课指南.doc
"实践科
             ",关于常态化本科生实习教学工作的通知,2023-02-14,https://jwch.fzu.edu.cn/../info/1039/12551.htm,0,
"教学运行
             ",2023年春季学期开学教学工作安排,2023-02-03,https://jwch.fzu.edu.cn/../info/1036/12542.htm,0,
"教学运行
             ",关于2023年春季学期《大学物理实验》绪论课程教室安排的通知,2023-01-11,https://jwch.fzu.edu.cn/../info/1036/12532.htm,718,2023大物实验绪论（挂教务处） - 新.xlsx
"综合科
             ",教务处关于2023年寒假用印安排的通知,2023-01-09,https://jwch.fzu.edu.cn/../info/1035/12531.htm,1027,教务处2023年寒假用印安排.docx
"计划科
             ",关于核对2022-2023学年第二学期通识教育选修课开课信息的有关通知,2023-01-04,https://jwch.fzu.edu.cn/../info/1038/12522.htm,0,
"教学运行
             ",关于2022-2023学年第二学期辅修专业选课的通知,2023-01-04,https://jwch.fzu.edu.cn/../info/1036/12521.htm,0,
"教学运行
             ",关于2022-2023学年第一学期《高等数学A（上）、B（上）、C（上）、D》课程期末线上考试安排的通知,2023-01-02,https://jwch.fzu.edu.cn/../info/1036/12511.htm,1823,2201高数A（上）、B（上）、C（上）、D 期末考试 2023.1.8.xlsx
"教学运行
             ",关于2022-2023学年第一学期《概率论与数理统计》课程期末线上考试安排的通知,2022-12-29,https://jwch.fzu.edu.cn/../info/1036/12501.htm,1857,2201概率期末考试2023.1.5下午排考版.xlsx
"实践科
             ",关于举办第十三届全国大学生电子商务“三创赛”福州大学校赛的通知,2022-12-27,https://jwch.fzu.edu.cn/../info/1039/12496.htm,1176,附件下载.zip
"实践科
             ",关于做好2023届本科生毕业设计（论文）工作的通知,2022-12-27,https://jwch.fzu.edu.cn/../info/1039/12495.htm,4540,附件：2023届福州大学本科生毕业设计（论文）有关表格.zip
"教学运行
             ",关于2022-2023学年第一学期《线性代数》、《线性代数与解析几何》课程期末线上考试安排的通知,2022-12-26,https://jwch.fzu.edu.cn/../info/1036/12492.htm,1144,2201线代、线代解几12.31下午 (附会议号).xlsx
"教学运行
             ",关于元旦期间教学安排的通知,2022-12-26,https://jwch.fzu.edu.cn/../info/1036/12491.htm,0,
"教材中心
             ",关于开展2023年本科教材审核工作的通知,2022-12-26,https://jwch.fzu.edu.cn/../info/1042/13541.htm,609,附件1：福州大学教材管理实施细则（试行）.pdf附件1：福州大学教材管理实施细则（试行）.pdf附件1：福州大学教材管理实施细则（试行）.pdf
"实践科
             ",关于组织参加2023年美国大学生数学建模竞赛的通知,2022-12-19,https://jwch.fzu.edu.cn/../info/1039/12481.htm,1357,附录：2023年美国大学生数学建模竞赛介绍及参赛流程.pdf
"教学运行
             ",关于2022-2023学年第二学期本科生学期选课的通知,2022-12-16,https://jwch.fzu.edu.cn/../info/1036/12476.htm,0,
"综合科
             ",关于召开2022-2023学年秋季学期期末本科教育教学工作会议的通知,2022-12-15,https://jwch.fzu.edu.cn/../info/1035/12475.htm,0,
"综合科
             ",关于评选2022年优秀教学管理人员的通知,2022-12-15,https://jwch.fzu.edu.cn/../info/1035/12474.htm,1914,福州大学2022年优秀教学管理人员申报表.doc福州大学2022年优秀教学管理人员申报表.doc
"教学运行
             ",2022年秋季学期期末教学工作安排,2022-12-14,https://jwch.fzu.edu.cn/../info/1036/12472.htm,0,
"教学运行
             ",关于2022-2023学年第一学期《工程制图A（上）、C（上）、D、F》课程期末考试安排的通知,2022-12-09,https://jwch.fzu.edu.cn/../info/1036/12463.htm,1024,2201制图A、C、D、F期末考试 12.18上午.xlsx
"实践科
             ",关于做好2022年省级（含）以上大学生创新创业训练计划项目和第二十八期本科生科研训练计划项目中期检查工作的通知,2022-12-08,https://jwch.fzu.edu.cn/../info/1039/12462.htm,2762,附件.zip
"教学运行
             ",关于2022级期末相关教学安排的通知,2022-12-08,https://jwch.fzu.edu.cn/../info/1036/12461.htm,0,
"教学运行
             ",关于2022-2023学年第一学期《习近平新时代中国特色社会主义思想概论》课程期末考试安排的通知,2022-12-06,https://jwch.fzu.edu.cn/../info/1036/12454.htm,2218,2201习近平概论期末考安排.xlsx
"教学运行
             ",关于2022-2023学年第一学期《马克思主义基本原理》课程期末考试安排的通知,2022-12-06,https://jwch.fzu.edu.cn/../info/1036/12453.htm,1240,2201马克思主义基本原理期末考安排.xlsx
"实践科
             ",关于公布第六届网络信息安全竞赛获奖名单的通知,2022-12-05,https://jwch.fzu.edu.cn/../info/1039/12452.htm,0,
"教学运行
             ",关于部分教室改造的调课通知,2022-12-02,https://jwch.fzu.edu.cn/../info/1036/12441.htm,1075,12.3-12.12改造教室本科课表.xlsx
"实践科
             ",关于本学期期末课程教学和实习安排的通知,2022-12-02,https://jwch.fzu.edu.cn/../info/1039/12435.htm,0,
"实践科
             ",关于举办福州大学第九届桥梁设计大赛的通知,2022-11-30,https://jwch.fzu.edu.cn/../info/1039/12432.htm,2010,附件2：福州大学第九届桥梁设计大赛报名表.doc附件2：福州大学第九届桥梁设计大赛报名表.doc
"计划科
             ",关于2022-2023学年第二学期修读辅修专业学生名单的公示,2022-11-28,https://jwch.fzu.edu.cn/../info/1038/12421.htm,0,
"教研教改
             ",福州大学关于收集线上课程资源需求的通知,2022-11-24,https://jwch.fzu.edu.cn/../info/1037/12416.htm,0,
"教学运行
             ",关于2022-2023学年第一学期《高等数学A（下）》课程期末考试安排的通知,2022-11-24,https://jwch.fzu.edu.cn/../info/1036/12415.htm,1204,2201高数A（下）期末考试12.11上午.xlsx
"教学运行
             ",关于2022-2023学年第一学期计算机语言类课程期末考试安排的通知,2022-11-24,https://jwch.fzu.edu.cn/../info/1036/12414.htm,1095,2201计算机语言课程期末考试12.4.xlsx
"教学运行
             ",关于2022-2023学年第一学期《中国近现代史纲要》课程期末考试安排的通知,2022-11-23,https://jwch.fzu.edu.cn/../info/1036/12412.htm,1145,2201近现代史纲要期末考试.xlsx
"教学运行
             ",关于加强我校本科生转专业面试、笔试监督工作的通知,2022-11-23,https://jwch.fzu.edu.cn/../info/1036/12402.htm,0,
"教材中心
             ",关于做好2022-2023学年第二学期教材选用及征订工作的通知,2022-11-22,https://jwch.fzu.edu.cn/../info/1042/12401.htm,2458,附件1.已出版马克思主义理论研究和建设工程重点教材目录（截至2022年10月，共计113种）.xlsx附件1.已出版马克思主义理论研究和建设工程重点教材目录（截至2022年10月，共计113种）.xlsx
"教学运行
             ",关于2022-2023学年第一学期《工程制图E》、《画法几何》课程期末考试安排的通知,2022-11-19,https://jwch.fzu.edu.cn/../info/1036/12397.htm,1180,2201制图E、画法几何期末考试11.26.xlsx
"实践科
             ",关于公布第十六届本科生数学建模竞赛获奖名单的通知,2022-11-18,https://jwch.fzu.edu.cn/../info/1039/12396.htm,0,
"教学运行
             ",关于2022-2023学年第一学期《概率论与数理统计》课程半期考试安排的通知,2022-11-16,https://jwch.fzu.edu.cn/../info/1036/12393.htm,1019,2201概率半期考11.27下午.xlsx
"教学运行
             ",关于2022-2023学年第一学期《高等数学A（上）、B（上）、C（上）、D》课程半期考试安排的通知,2022-11-16,https://jwch.fzu.edu.cn/../info/1036/12392.htm,1676,2201高数半期考11.27上午.xlsx
"教学运行
             ",关于做好2023届预计毕业生电子注册图像采集工作的通知,2022-11-15,https://jwch.fzu.edu.cn/../info/1036/12391.htm,0,
"实践科
             ",关于公布第十四届蓝桥杯全国软件和信息技术专业人才大赛福州大学选拔赛获省赛参赛资格名单的通知,2022-11-11,https://jwch.fzu.edu.cn/../info/1039/12381.htm,0,
"计划科
             ",关于组织申报2022-2023学年第二学期通识教育选修课的通知,2022-11-08,https://jwch.fzu.edu.cn/../info/1038/12371.htm,0,
"教学运行
             ",关于公布2022-2023学年各学院转专业实施细则的通知,2022-11-07,https://jwch.fzu.edu.cn/../info/1036/12362.htm,8914,关于计算机与大数据等学院转专业实施细则的补充说明.pdf关于计算机与大数据等学院转专业实施细则的补充说明.pdf
"教研教改
             ",关于举办虚拟教研室建设之课程知识图谱构建专家辅导会暨福州大学第三十八场“教学有道”研讨活动的通知,2022-11-03,https://jwch.fzu.edu.cn/../info/1037/12355.htm,0,
"综合科
             ",关于2022-2023学年第一学期本科生学生证和火车票优惠卡补办及火车票优惠卡更改区间的通知,2022-11-03,https://jwch.fzu.edu.cn/../info/1035/12354.htm,0,
"计划科
             ",关于2022-2023学年第一学期在校学生申请辅修专业的通知,2022-11-01,https://jwch.fzu.edu.cn/../info/1038/12351.htm,0,
"质量办
             ",关于2022年新上岗教师教学达标培训班教师配备导师的通知,2022-10-26,https://jwch.fzu.edu.cn/../info/1040/12341.htm,1512,附件：2022年福州大学新上岗教师达标培训班报名汇总表（配导师）20221026.xlsx
"教学运行
             ",关于做好2022学年本科生转专业工作的通知,2022-10-20,https://jwch.fzu.edu.cn/../info/1036/12325.htm,0,
"计划科
             ",关于铜盘校区学生往返旗山校区实验实习教学活动用车安排的通知（2022-2023学年第一学期第八周）,2022-10-12,https://jwch.fzu.edu.cn/../info/1038/12309.htm,0,
"实践科
             ",关于举办第十四届蓝桥杯全国软件和信息技术专业人才大赛福州大学选拔赛的通知,2022-10-10,https://jwch.fzu.edu.cn/../info/1039/12302.htm,0,
"教学运行
             ",关于组织2022级新生开展学籍信息自查工作的通知,2022-10-10,https://jwch.fzu.edu.cn/../info/1036/12301.htm,0,
"计划科
             ",关于铜盘校区学生往返旗山校区实验实习教学活动用车安排的通知（2022-2023学年第一学期第七周）,2022-10-06,https://jwch.fzu.edu.cn/../info/1038/12296.htm,0,
"实践科
             ",关于公布省级以上大学生创新创业训练计划项目结题成绩的通知,2022-10-05,https://jwch.fzu.edu.cn/../info/1039/12287.htm,3932,附件1：福州大学2020年省级以上大学生创新创业训练计划项目结题成绩汇总表.doc附件1：福州大学2020年省级以上大学生创新创业训练计划项目结题成绩汇总表.doc
"实践科
             ",关于公布第二十六、二十七期本科生科研训练计划项目结题成绩的通知,2022-10-05,https://jwch.fzu.edu.cn/../info/1039/12286.htm,4982,附件1：福州大学第二十六期本科生科研训练计划项目结题成绩汇总表.doc附件1：福州大学第二十六期本科生科研训练计划项目结题成绩汇总表.doc
"质量办
             ",关于举办福州大学第三十七场“教学有道”研讨活动暨2022年教师教学创新大赛培训会的通知,2022-10-04,https://jwch.fzu.edu.cn/../info/1040/12283.htm,0,
"质量办
             ",福州大学关于2022年各类课程教学资料专项检查具体安排的通知,2022-10-04,https://jwch.fzu.edu.cn/../info/1040/12281.htm,0,
"教研教改
             ",关于转发福建省新工科教育联盟《关于开展新工科教育专家库建设、优秀教学案例征集、实践平台共建共享工作的通知》的通知,2022-09-29,https://jwch.fzu.edu.cn/../info/1037/12263.htm,1021,福建省新工科教育联盟关于开展新工科教育专家库建设-优秀教学案例征集-实践平台共建共享工作的通知.rar
"计划科
             ",关于铜盘校区学生往返旗山校区实验实习教学活动用车安排的通知（2022-2023学年第一学期第六周）,2022-09-29,https://jwch.fzu.edu.cn/../info/1038/12262.htm,0,
"教研教改
             ",转发福建省高校课程思政教育联盟《关于开展课程思政专家库建设及优秀教学案例征集工作的通知》的通知,2022-09-28,https://jwch.fzu.edu.cn/../info/1037/12261.htm,1081,福建省高校课程思政教育联盟关于开展课程思政专家库建设及优秀教学案例征集工作的通知(定稿）.rar
"实践科
             ",关于2022年高校教学基本状态数据库教学相关数据报送的通知,2022-09-23,https://jwch.fzu.edu.cn/../info/1039/12246.htm,1157,2022年本科教学相关数据报送表格.zip
"实践科
             ",关于报送课程教学资料、本科生毕业设计（论文）、实习、实验与课程设计质量专项检查自查材料的通知,2022-09-23,https://jwch.fzu.edu.cn/../info/1039/12245.htm,0,
"教学运行
             ",关于2022年国庆节放假课程调整的通知,2022-09-23,https://jwch.fzu.edu.cn/../info/1036/12244.htm,0,
"计划科
             ",关于铜盘校区学生往返旗山校区实验实习教学活动用车安排的通知（2022-2023学年第一学期第五周）,2022-09-21,https://jwch.fzu.edu.cn/../info/1038/12243.htm,0,
"质量办
             ",关于组织报名参加全国高校教师教学创新大赛备赛实战与案例解析专题培训会的通知,2022-09-21,https://jwch.fzu.edu.cn/../info/1040/12242.htm,2380,全国高校教师教学创新大赛备赛实战与案例解析专题培训会.pdf
"教学运行
             ",关于做好2022-2023学年第二学期排课准备工作的通知,2022-09-21,https://jwch.fzu.edu.cn/../info/1036/12241.htm,0,
"综合科
             ",关于召开2022-2023学年秋季学期期初本科教学工作会议的通知,2022-09-20,https://jwch.fzu.edu.cn/../info/1035/12238.htm,0,
"计划科
             ",关于通识选修课《爱课程：美化嗓音 轻松讲课》线下见面课的友情提示,2022-09-16,https://jwch.fzu.edu.cn/../info/1038/12223.htm,0,
"教学运行
             ",关于做好2022年参军退役复学学生转专业工作的通知,2022-09-15,https://jwch.fzu.edu.cn/../info/1036/12222.htm,2770,福州大学本科生转专业管理实施办法（暂行）.docx福州大学本科生转专业管理实施办法（暂行）.docx
"计划科
             ",关于铜盘校区学生往返旗山校区实验实习教学活动用车安排的通知（2022-2023学年第一学期第四周）,2022-09-15,https://jwch.fzu.edu.cn/../info/1038/12221.htm,0,
"计划科
             ",关于在爱课程平台参加通识选修课学习的重要提示,2022-09-14,https://jwch.fzu.edu.cn/../info/1038/12213.htm,0,
"教材中心
             ",关于召开教材建设研讨会的通知,2022-09-13,https://jwch.fzu.edu.cn/../info/1042/12212.htm,0,
"教学运行
             ",关于2022-2023学年第一学期重新学习选课的通知,2022-09-13,https://jwch.fzu.edu.cn/../info/1036/12211.htm,0,
"教学运行
             ",关于2021级体育理论教室安排表的通知,2022-09-08,https://jwch.fzu.edu.cn/../info/1036/12201.htm,0,
"计划科
             ",关于铜盘校区学生往返旗山校区实验实习教学活动用车安排的通知（2022-2023学年第一学期第三周）,2022-09-07,https://jwch.fzu.edu.cn/../info/1038/12200.htm,0,
"教学运行
             ",关于2022年中秋节放假课程调整的通知,2022-09-06,https://jwch.fzu.edu.cn/../info/1036/12193.htm,0,
"计划科
             ",关于公布2022-2023学年第一学期通选课取消开课名单的通知,2022-09-05,https://jwch.fzu.edu.cn/../info/1038/12191.htm,0,
"实践科
             ",关于做好本科毕业论文（设计）抽检信息平台和专家库建设工作通知,2022-09-05,https://jwch.fzu.edu.cn/../info/1039/12181.htm,4239,附件1：​《国务院教育督导委员会办公室关于做好本科毕业论文（设计）抽检工作的通知》.pdf附件1：​《国务院教育督导委员会办公室关于做好本科毕业论文（设计）抽检工作的通知》.pdf附件1：​《国务院教育督导委员会办公室关于做好本科毕业论文（设计）抽检工作的通知》.pdf
"计划科
             ",关于报名参加2022-2023学年第一学期国情教育网络培训的通知,2022-09-02,https://jwch.fzu.edu.cn/../info/1038/12174.htm,0,
"教学运行
             ",关于2022级体育理论教室安排表的通知,2022-09-02,https://jwch.fzu.edu.cn/../info/1036/12172.htm,0,
"实践科
             ",关于试点使用“全国大学生实习公共服务平台”的通知,2022-09-02,https://jwch.fzu.edu.cn/../info/1039/12169.htm,3264,附件2：全国大学生实习公共服务系统相关材料.zip附件2：全国大学生实习公共服务系统相关材料.zip
"质量办
             ",关于开展福州大学2022年教师教学创新大赛的通知,2022-09-01,https://jwch.fzu.edu.cn/../info/1040/12168.htm,996,附件.rar
"教研教改
             ",关于公布参加2022级“嘉锡化学拔尖班”选拔面试学生名单的通知,2022-08-31,https://jwch.fzu.edu.cn/../info/1037/12167.htm,0,
"教研教改
             ",关于公布参加2022级“数理综合班”选拔面试学生名单的通知,2022-08-31,https://jwch.fzu.edu.cn/../info/1037/12166.htm,0,
"教研教改
             ",关于公布参加2022级“数理金融实验班”选拔面试学生名单的通知,2022-08-31,https://jwch.fzu.edu.cn/../info/1037/12165.htm,0,
"质量办
             ",关于开学第一周集中听课的通知,2022-08-28,https://jwch.fzu.edu.cn/../info/1040/12145.htm,2718,附件1：福州大学课堂教学质量评估表（理论课）.doc附件1：福州大学课堂教学质量评估表（理论课）.doc
"综合科
             ",关于2022-2023学年第一学期本科生学生证和火车票优惠卡补办及火车票优惠卡更改区间的通知,2022-08-28,https://jwch.fzu.edu.cn/../info/1035/12144.htm,0,
"综合科
             ",关于2022级福州大学本科生学生证信息采集的通知,2022-08-28,https://jwch.fzu.edu.cn/../info/1035/12143.htm,0,
"质量办
             ",关于开展2023年工程教育专业认证申请工作的通知,2022-08-28,https://jwch.fzu.edu.cn/../info/1040/12142.htm,3816,附件3：工程教育认证申请书（2023版）修订说明.pdf附件3：工程教育认证申请书（2023版）修订说明.pdf附件3：工程教育认证申请书（2023版）修订说明.pdf
"教学运行
             ",关于2022-2023第一学期学期选课、辅修选课补退选的通知,2022-08-28,https://jwch.fzu.edu.cn/../info/1036/12141.htm,0,
"教研教改
             ",福州大学关于开展2022级“嘉锡化学拔尖班”招生工作的通知,2022-08-26,https://jwch.fzu.edu.cn/../info/1037/12137.htm,8005,附件5：福州大学“嘉锡化学拔尖班”培养方案.doc附件5：福州大学“嘉锡化学拔尖班”培养方案.doc附件5：福州大学“嘉锡化学拔尖班”培养方案.doc附件5：福州大学“嘉锡化学拔尖班”培养方案.doc附件5：福州大学“嘉锡化学拔尖班”培养方案.doc
"教研教改
             ",福州大学关于开展2022级“数理综合班” 招生工作的通知,2022-08-26,https://jwch.fzu.edu.cn/../info/1037/12136.htm,6320,附件3：福州大学2022级“数理综合班”选拔线上（网络远程）面试工作流程.doc附件3：福州大学2022级“数理综合班”选拔线上（网络远程）面试工作流程.doc附件3：福州大学2022级“数理综合班”选拔线上（网络远程）面试工作流程.doc附件3：福州大学2022级“数理综合班”选拔线上（网络远程）面试工作流程.doc
"教研教改
             ",福州大学关于开展2022级“数理金融 实验班”招生工作的通知,2022-08-26,https://jwch.fzu.edu.cn/../info/1037/12135.htm,10175,附件1：福州大学2022级“数理金融实验班”招生简章.doc附件1：福州大学2022级“数理金融实验班”招生简章.doc附件1：福州大学2022级“数理金融实验班”招生简章.doc附件1：福州大学2022级“数理金融实验班”招生简章.doc附件1：福州大学2022级“数理金融实验班”招生简章.doc
"计划科
             ",关于2022级学生选修《大学信息技术基础》的通知,2022-08-24,https://jwch.fzu.edu.cn/../info/1038/12124.htm,0,
"计划科
             ",关于2022-2023学年第一学期港澳台侨学生思政课和军事课程退选替代的通知,2022-08-24,https://jwch.fzu.edu.cn/../info/1038/12123.htm,2738,2022-2023学年第一学期国情课列表.docx2022-2023学年第一学期国情课列表.docx
"计划科
             ",关于2022-2023学年第一学期通识教育选修课选课的通知,2022-08-24,https://jwch.fzu.edu.cn/../info/1038/12122.htm,1592,爱课程学生注册与选课指南.doc
"实践科
             ",关于公布第八届材料创新、设计及应用大赛获奖名单的通知,2022-07-09,https://jwch.fzu.edu.cn/../info/1039/12110.htm,0,
"实践科
             ",关于公布第十九届程序设计竞赛获奖名单的通知,2022-07-09,https://jwch.fzu.edu.cn/../info/1039/12109.htm,0,
"实践科
             ",关于公布第十二届大学生节能减排社会实践与科技竞赛获奖名单的通知,2022-07-09,https://jwch.fzu.edu.cn/../info/1039/12108.htm,0,
"实践科
             ",关于公布第八届大学生用户体验设计大赛获奖名单的通知,2022-07-09,https://jwch.fzu.edu.cn/../info/1039/12107.htm,0,
"实践科
             ",关于公布第二十二届数学竞赛获奖名单的通知,2022-07-09,https://jwch.fzu.edu.cn/../info/1039/12106.htm,0,
"实践科
             ",关于公布第十一届大学生软件设计与服务外包创新创业竞赛获奖名单的通知,2022-07-09,https://jwch.fzu.edu.cn/../info/1039/12105.htm,0,
"综合科
             ",教务处关于2022年暑假工作安排的通知,2022-07-09,https://jwch.fzu.edu.cn/../info/1035/12102.htm,0,
"实践科
             ",关于举办2022年福州大学大学生工程实践与创新能力大赛的通知,2022-07-08,https://jwch.fzu.edu.cn/../info/1039/12101.htm,2420,附件3：2022年福建大学生工程实践与创新能力大赛总决赛命题与运行.pdf
"教学运行
             ",关于2022届本科毕业生第三批毕业数据报送等相关工作的通知,2022-07-08,https://jwch.fzu.edu.cn/../info/1036/12100.htm,0,
"综合科
             ",关于组织参加2022年全省本科教育管理人员视频培训班的通知,2022-07-05,https://jwch.fzu.edu.cn/../info/1035/12097.htm,1139,闽教便函〔2022〕891号福建省教育厅办公室关于举办2022年省本科教育管理人员培训班的通知.pdf
"教学运行
             ",关于2022-2023学年第一学期辅修专业选课的通知,2022-07-04,https://jwch.fzu.edu.cn/../info/1036/12096.htm,0,
"质量办
             ",关于进一步加强校院两级本科教学督导工作的若干要求,2022-07-04,https://jwch.fzu.edu.cn/../info/1040/12095.htm,1229,附件（学院本科教学督导组名单）.docx
"综合科
             ",关于召开2021-2022学年春季学期期末本科教学工作会议的通知,2022-07-01,https://jwch.fzu.edu.cn/../info/1035/12094.htm,0,
"教学运行
             ",关于做好期末复习考试及下学期开学等工作的通知,2022-06-30,https://jwch.fzu.edu.cn/../info/1036/12092.htm,0,
"计划科
             ",关于核对2022-2023学年第一学期通识教育选修课开课信息的有关通知,2022-06-29,https://jwch.fzu.edu.cn/../info/1038/12091.htm,0,
"教研教改
             ",福州大学关于公布第六届远志创业实验班学生名单的通知,2022-06-24,https://jwch.fzu.edu.cn/../info/1037/12088.htm,0,
"实践科
             ",关于公布2022年大学生劳动教育实践基地立项项目的通知,2022-06-23,https://jwch.fzu.edu.cn/../info/1039/12086.htm,1635,附件：福州大学2022年大学生劳动教育实践基地立项建设名单.doc
"教研教改
             ",关于举办福州大学一流课程建设培训会的通知,2022-06-23,https://jwch.fzu.edu.cn/../info/1037/12085.htm,0,
"计划科
             ",关于铜盘校区学生往返旗山校区实验实习教学活动用车安排的通知（2021-2022学年第二学期第十九周）,2022-06-23,https://jwch.fzu.edu.cn/../info/1038/12082.htm,0,
"教学运行
             ",关于2022-2023学年第一学期本科生学期选课的通知,2022-06-17,https://jwch.fzu.edu.cn/../info/1036/12078.htm,0,
"教学运行
             ",关于2021-2022学年第二学期《大学物理A（上）、B（上）、C》课程期末考试安排的通知,2022-06-17,https://jwch.fzu.edu.cn/../info/1036/12076.htm,1564,2102 大学物理期末考试 7.7上午.xlsx
"教学运行
             ",关于2021-2022学年第二学期《工程制图A（下）、C（下）、D、F》课程期末考试安排的通知,2022-06-17,https://jwch.fzu.edu.cn/../info/1036/12074.htm,1303,2102 制图A、C、D、F期末考试 7.4上午.xlsx
"教学运行
             ",关于2021-2022学年第二学期大学英语拓展课程期末考试安排的通知,2022-06-17,https://jwch.fzu.edu.cn/../info/1036/12073.htm,1296,2102 英语拓展期末考试 7.2上午、下午.xlsx
"计划科
             ",关于铜盘校区学生往返旗山校区实验实习教学活动用车安排的通知（2021-2022学年第二学期第十八周）,2022-06-16,https://jwch.fzu.edu.cn/../info/1038/12069.htm,0,
"教学运行
             ",关于2021-2022学年第二学期《大学英语（二）、（三）、（四）》课程期末考试安排的通知,2022-06-15,https://jwch.fzu.edu.cn/../info/1036/12068.htm,2816,2102 英语二、四 期末考试 6.26.xlsx2102 英语二、四 期末考试 6.26.xlsx
"计划科
             ",关于铜盘校区学生往返旗山校区实验实习教学活动用车安排的通知（2021-2022学年第二学期第十七周）,2022-06-09,https://jwch.fzu.edu.cn/../info/1038/12064.htm,0,
"实践科
             ",关于公布第二十八期本科生科研训练计划立项项目的通知,2022-06-09,https://jwch.fzu.edu.cn/../info/1039/12063.htm,11336,附件2：福州大学第二十八期本科生科研训练计划立项项目汇总表.xlsx附件2：福州大学第二十八期本科生科研训练计划立项项目汇总表.xlsx
"实践科
             ",关于公布福州大学第八届桥梁设计大赛获奖名单的通知,2022-06-09,https://jwch.fzu.edu.cn/../info/1039/12062.htm,0,
"质量办
             ",福州大学关于印发《福州大学本科专业预警及动态调整管理实施办法（试行）》的通知,2022-06-08,https://jwch.fzu.edu.cn/../info/1040/12061.htm,0,
"教研教改
             ",关于举办福州大学第三十五场“教学有道”研讨活动暨虚拟教研室建设推进会的通知,2022-06-08,https://jwch.fzu.edu.cn/../info/1037/12056.htm,0,
"实践科
             ",关于2022届本科生毕业设计（论文）推优工作的通知,2022-06-06,https://jwch.fzu.edu.cn/../info/1039/12055.htm,0,
"教材中心
             ",关于开展福州大学2022年本科规划教材立项工作的通知,2022-06-02,https://jwch.fzu.edu.cn/../info/1042/12052.htm,2626,附件1：福州大学2022年本科规划教材立项申请书.docx附件1：福州大学2022年本科规划教材立项申请书.docx
"计划科
             ",关于铜盘校区学生往返旗山校区实验实习教学活动用车安排的通知（2021-2022学年第二学期第十六周）,2022-06-02,https://jwch.fzu.edu.cn/../info/1038/12050.htm,0,
"教研教改
             ",福州大学关于公布2020级数理金融实验班学生主辅修专业及导师名单的通知,2022-05-31,https://jwch.fzu.edu.cn/../info/1037/12049.htm,0,
"质量办
             ",关于开展2022年度教师本科教学综合测评工作的通知,2022-05-31,https://jwch.fzu.edu.cn/../info/1040/12048.htm,1268,附件.docx
"教学运行
             ",关于2022年端午节放假课程调整的通知,2022-05-31,https://jwch.fzu.edu.cn/../info/1036/12047.htm,0,
"教学运行
             ",关于2021-2022学年第二学期《马克思主义基本原理》、《毛泽东思想和中国特色社会主义理论体系概论（下）》、《中国近现代史纲要》、《思想道德修养与法律基础》课程期末考试安排的通知,2022-05-31,https://jwch.fzu.edu.cn/../info/1036/12046.htm,5148,2102 毛泽东思想和中国特色社会主义理论体系概论（下） 期末考试（随堂考）.xlsx2102 毛泽东思想和中国特色社会主义理论体系概论（下） 期末考试（随堂考）.xlsx2102 毛泽东思想和中国特色社会主义理论体系概论（下） 期末考试（随堂考）.xlsx2102 毛泽东思想和中国特色社会主义理论体系概论（下） 期末考试（随堂考）.xlsx
"教研教改
             ",福州大学关于公布2020级数理综合班专业分流学生名单及学科导师名单的通知,2022-05-31,https://jwch.fzu.edu.cn/../info/1037/12044.htm,0,
"教学运行
             ",关于2021-2022学年第二学期《高等数学A（中）》、《高等数学C（下）》课程期末考试安排的通知,2022-05-30,https://jwch.fzu.edu.cn/../info/1036/12043.htm,1085,2102 高数A、C期末考试6.12下午.xlsx
"教学运行
             ",关于2021-2022学年第二学期《高等数学B（下）》课程期末考试安排的通知,2022-05-30,https://jwch.fzu.edu.cn/../info/1036/12042.htm,1334,2102 高数B期末考试 6.12上午.xlsx
"计划科
             ",关于报名参加2021-2022学年第二学期国情教育网络培训的通知,2022-05-30,https://jwch.fzu.edu.cn/../info/1038/12041.htm,0,
"计划科
             ",关于铜盘校区学生往返旗山校区实验实习教学活动用车安排的通知（2021-2022学年第二学期第十五周）,2022-05-26,https://jwch.fzu.edu.cn/../info/1038/12031.htm,0,
"实践科
             ",关于公布2022年本科生创新创业实践与素质拓展学分认定结果的通知,2022-05-24,https://jwch.fzu.edu.cn/../info/1039/12022.htm,2069,福州大学2022年本科生创新创业实践与素质拓展学分认定汇总表.doc
"综合科
             ",关于2021学年再次启用火车票自助取票机的通知,2022-05-23,https://jwch.fzu.edu.cn/../info/1035/12021.htm,0,
"实践科
             ",关于公布第十三届企业经营模拟沙盘对抗赛获奖名单的通知,2022-05-23,https://jwch.fzu.edu.cn/../info/1039/12019.htm,0,
"实践科
             ",关于公布第二届大学生先进成图技术与产品信息建模创新大赛获奖名单的通知,2022-05-23,https://jwch.fzu.edu.cn/../info/1039/12018.htm,0,
"教材中心
             ",关于做好2022-2023学年第一学期教材选用及征订工作的通知,2022-05-23,https://jwch.fzu.edu.cn/../info/1042/12016.htm,5520,附件1：福州大学教材选用与供应管理办法（福大教【2020】22号）.docx附件1：福州大学教材选用与供应管理办法（福大教【2020】22号）.docx附件1：福州大学教材选用与供应管理办法（福大教【2020】22号）.docx附件1：福州大学教材选用与供应管理办法（福大教【2020】22号）.docx
"计划科
             ",关于铜盘校区学生往返旗山校区实验实习教学活动用车安排的通知（2021-2022学年第二学期第十四周）,2022-05-20,https://jwch.fzu.edu.cn/../info/1038/12014.htm,0,
"实践科
             ",关于2022届本科毕业设计（论文）抽检送审工作的补充规定,2022-05-17,https://jwch.fzu.edu.cn/../info/1039/12012.htm,0,
"教学运行
             ",关于2021-2022学年第二学期计算机语言课程期末考试安排的通知,2022-05-16,https://jwch.fzu.edu.cn/../info/1036/12008.htm,935,2102 计算机语言期末考试5.29.xlsx
"教学运行
             ",关于2021-2022学年第二学期《线性代数》、《线性代数与解析几何》课期末考试安排的通知,2022-05-16,https://jwch.fzu.edu.cn/../info/1036/12007.htm,1050,2102 线代期末考试 5.28.xlsx
"教学运行
             ",关于2021-2022学年第二学期《概率论与数理统计》课程期末考试安排的通知,2022-05-16,https://jwch.fzu.edu.cn/../info/1036/12006.htm,1092,2102 概率期末考试 5.29.xlsx
"教学运行
             ",关于2023届预计毕业生核对电子注册学历信息的通知,2022-05-16,https://jwch.fzu.edu.cn/../info/1036/12005.htm,0,
"质量办
             ",关于举办福州大学第三十四场“教学有道”研讨活动的通知,2022-05-11,https://jwch.fzu.edu.cn/../info/1040/12001.htm,0,
"教研教改
             ",福州大学关于开展第六届远志创业实验班招生工作的通知,2022-05-11,https://jwch.fzu.edu.cn/../info/1037/12000.htm,5346,附件1：福州大学第六届远志创业实验班招生简章.docx附件1：福州大学第六届远志创业实验班招生简章.docx
"综合科
             ",关于2021-2022学年第二学期本科生学生证和火车票优惠卡补办及火车票优惠卡更改区间的通知,2022-05-10,https://jwch.fzu.edu.cn/../info/1035/11997.htm,0,
"计划科
             ",2021-2022学年第二学期在校学生申请辅修专业的通知,2022-05-09,https://jwch.fzu.edu.cn/../info/1038/11996.htm,0,
"质量办
             ",关于开展2022年工程教育认证线上培训的通知,2022-05-09,https://jwch.fzu.edu.cn/../info/1040/11994.htm,0,
"质量办
             ",关于开展2022届本科毕业生在校学习体验调研的通知,2022-05-06,https://jwch.fzu.edu.cn/../info/1040/11992.htm,0,
"教学运行
             ",关于2022届预计毕业生补拍电子注册学历照片的通知,2022-05-06,https://jwch.fzu.edu.cn/../info/1036/11991.htm,0,
"实践科
             ",关于做好第二十六期、二十七期本科生科研训练计划项目结题工作的通知,2022-05-05,https://jwch.fzu.edu.cn/../info/1039/11988.htm,1855,srtp项目结题附件.zip
"实践科
             ",关于做好国家、省级大学生创新创业训练计划项目结题工作的通知,2022-05-05,https://jwch.fzu.edu.cn/../info/1039/11987.htm,1284,国创省创结题附件.zip
"实践科
             ",关于开展大学生劳动教育优秀案例征集评选活动的通知,2022-05-04,https://jwch.fzu.edu.cn/../info/1039/11986.htm,0,
"教研教改
             ",关于开展福州大学2021年一流本科课程建设项目进度检查的通知,2022-05-04,https://jwch.fzu.edu.cn/../info/1037/11985.htm,3885,附件3：福州大学一流本科课程建设项目成果简述表.docx附件3：福州大学一流本科课程建设项目成果简述表.docx附件3：福州大学一流本科课程建设项目成果简述表.docx
"实践科
             ",关于对2022届本科毕业设计（论文）进行查重检测的通知,2022-04-29,https://jwch.fzu.edu.cn/../info/1039/11977.htm,0,
"实践科
             ",关于开展2022届本科毕业设计（论文）抽检送审工作的通知,2022-04-28,https://jwch.fzu.edu.cn/../info/1039/11970.htm,5824,附件1：福建省本科毕业论文（设计）抽检评议要素（试行）.docx附件1：福建省本科毕业论文（设计）抽检评议要素（试行）.docx
"实践科
             ",关于2022年全国大学生统计建模大赛参赛报名的通知,2022-04-28,https://jwch.fzu.edu.cn/../info/1039/11969.htm,5548,附件1：2022年全国大学生统计建模竞赛通知.pdf附件1：2022年全国大学生统计建模竞赛通知.pdf
"计划科
             ",关于组织申报2022-2023学年第一学期通识教育选修课的通知,2022-04-26,https://jwch.fzu.edu.cn/../info/1038/11957.htm,0,
"教学运行
             ",关于2021-2022学年第二学期《工程制图E》课程期末考试安排的通知,2022-04-26,https://jwch.fzu.edu.cn/../info/1036/11956.htm,788,2102 制图E期末考试5.8上午.xlsx
"质量办
             ",关于举办福州大学第三十三场“教学有道”研讨活动的通知,2022-04-22,https://jwch.fzu.edu.cn/../info/1040/11954.htm,0,
"教研教改
             ",关于组织申报教育部2022年产学合作协同育人项目的通知,2022-04-21,https://jwch.fzu.edu.cn/../info/1037/11950.htm,0,
"教学运行
             ",关于2022年“五一”劳动节放假课程调整的通知,2022-04-21,https://jwch.fzu.edu.cn/../info/1036/11946.htm,0,
"质量办
             ",关于期中党政领导集中听课的通知,2022-04-21,https://jwch.fzu.edu.cn/../info/1040/11941.htm,1750,福州大学课堂教学质量评估表.doc福州大学课堂教学质量评估表.doc
"实践科
             ",关于近期常态化疫情防控期间本科生实习要求的通知,2022-04-19,https://jwch.fzu.edu.cn/../info/1039/11940.htm,0,
"实践科
             ",关于组织申报2022年大学生劳动教育实践基地的通知,2022-04-19,https://jwch.fzu.edu.cn/../info/1039/11939.htm,2272,附件：福州大学大学生劳动教育实践基地申报书.docx附件：福州大学大学生劳动教育实践基地申报书.docx
"实践科
             ",关于举办福州大学第十一届大学生软件设计与服务外包创新创业竞赛的通知,2022-04-18,https://jwch.fzu.edu.cn/../info/1039/11938.htm,0,
"实践科
             ",关于举办福州大学第十九届程序设计竞赛暨校ACM/ICPC集训队选拔赛的通知,2022-04-15,https://jwch.fzu.edu.cn/../info/1039/11937.htm,0,
"实践科
             ",关于举办福州大学第八届大学生用户体验设计大赛的通知,2022-04-13,https://jwch.fzu.edu.cn/../info/1039/11936.htm,1157,附件2：福州大学第八届大学生用户体验设计大赛报名表.doc
"实践科
             ",关于公布第二十六、二十七期本科生科研训练计划项目结题成绩的通知,2022-04-12,https://jwch.fzu.edu.cn/../info/1039/11934.htm,5542,附件2：福州大学第二十七期本科生科研训练计划项目结题成绩汇总表.xls附件2：福州大学第二十七期本科生科研训练计划项目结题成绩汇总表.xls
"实践科
             ",关于公布省级以上大学生创新创业训练计划项目结题成绩的通知,2022-04-12,https://jwch.fzu.edu.cn/../info/1039/11933.htm,3360,附件1：福州大学2020年省级以上大学生创新创业训练计划项目结题成绩汇总表.docx附件1：福州大学2020年省级以上大学生创新创业训练计划项目结题成绩汇总表.docx
"教研教改
             ",福州大学关于开展2021-2022学年本科教学优秀奖评选工作的通知,2022-04-11,https://jwch.fzu.edu.cn/../info/1037/11932.htm,4780,附件1：福州大学本科教学优秀奖评选办法.doc附件1：福州大学本科教学优秀奖评选办法.doc附件1：福州大学本科教学优秀奖评选办法.doc附件1：福州大学本科教学优秀奖评选办法.doc
"教学运行
             ",关于从4月11日起恢复本科线下教学活动相关要求的通知,2022-04-08,https://jwch.fzu.edu.cn/../info/1036/11925.htm,0,
"质量办
             ",诚邀2017届毕业生参与培养目标达成和职业发展问卷调研,2022-04-06,https://jwch.fzu.edu.cn/../info/1040/11924.htm,0,
"实践科
             ",关于组织开展2022（第15届）中国大学生计算机设计大赛校内预选赛的通知,2022-04-04,https://jwch.fzu.edu.cn/../info/1039/11923.htm,1920,附件2 2022年（第15届）中国大学生计算机设计大赛——校内选拔赛报名表.xlsx附件2 2022年（第15届）中国大学生计算机设计大赛——校内选拔赛报名表.xlsx
"实践科
             ",关于举办福州大学第十二届大学生节能减排社会实践与科技竞赛的通知,2022-04-04,https://jwch.fzu.edu.cn/../info/1039/11922.htm,960,福州大学第十二届大学生节能减排社会实践与科技竞赛附件2-5.docx
"实践科
             ",关于举办福州大学第八届材料创新、设计及应用大赛的通知,2022-04-04,https://jwch.fzu.edu.cn/../info/1039/11921.htm,1018,福州大学第八届大学生材料创新、设计及应用竞赛附件2-5.docx
"实践科
             ",关于举办福建省首届大学生材料综合竞赛的通知,2022-03-30,https://jwch.fzu.edu.cn/../info/1039/11916.htm,2244,附件1报名表.docx附件1报名表.docx
"实践科
             ",关于做好第二十八期本科生科研训练计划项目立项工作的通知,2022-03-29,https://jwch.fzu.edu.cn/../info/1039/11915.htm,4334,附件：福州大学第二十八期本科生科研训练项目选题来源情况一览表（2022年）.xls
"教学运行
             ",关于2022年清明节放假课程调整的通知,2022-03-29,https://jwch.fzu.edu.cn/../info/1036/11914.htm,0,
"实践科
             ",关于举办福州大学第十六届本科生数学建模竞赛的通知,2022-03-29,https://jwch.fzu.edu.cn/../info/1039/11913.htm,0,
"质量办
             ",关于举办福州大学第三十二场“教学有道”研讨活动的通知,2022-03-24,https://jwch.fzu.edu.cn/../info/1040/11905.htm,0,
"教学运行
             ",关于做好2022-2023学年第一学期排课准备工作的通知,2022-03-23,https://jwch.fzu.edu.cn/../info/1036/11904.htm,0,
"教研教改
             ",福州大学关于开展课程思政示范项目建设工作的通知,2022-03-21,https://jwch.fzu.edu.cn/../info/1037/11899.htm,989,课程思政示范课程、教学名师和团队申报书.docx
"实践科
             ",关于举办福州大学第二届大学生先进成图技术与产品信息建模创新大赛的通知,2022-03-21,https://jwch.fzu.edu.cn/../info/1039/11898.htm,911,附件2：福州大学第二届大学生先进成图技术与产品信息建模创新大赛报名表.xls
"实践科
             ",关于2022届本科毕业生创新创业实践与素质拓展学分认定工作的通知,2022-03-21,https://jwch.fzu.edu.cn/../info/1039/11897.htm,2426,学分认定申请表格.zip
"综合科
             ",福州大学关于全面开展线上教育教学的倡议书,2022-03-20,https://jwch.fzu.edu.cn/../info/1035/11896.htm,0,
"教学运行
             ",关于全面启动线上教学的紧急通知,2022-03-20,https://jwch.fzu.edu.cn/../info/1036/11895.htm,0,
"实践科
             ",关于举办2022年福州大学第二十二届数学竞赛暨第十四届全国大学生数学竞赛选拔赛的通知,2022-03-17,https://jwch.fzu.edu.cn/../info/1039/11893.htm,0,
"质量办
             ",关于开展2021年第十九期新上岗教师课堂授课达标考核的通知,2022-03-17,https://jwch.fzu.edu.cn/../info/1040/11891.htm,2064,附件1 2021年福州大学新上岗教师达标培训班报名汇总表.xls附件1 2021年福州大学新上岗教师达标培训班报名汇总表.xls
"实践科
             ",关于进一步加强疫情防控期间本科生实习要求的通知,2022-03-14,https://jwch.fzu.edu.cn/../info/1039/11888.htm,0,
"计划科
             ",关于通识选修课《爱课程：美化嗓音 轻松讲课》开课的友情提示 ,2022-03-14,https://jwch.fzu.edu.cn/../info/1038/11887.htm,0,
"教学运行
             ",关于疫情防控阶段本科日常教学工作的通知,2022-03-13,https://jwch.fzu.edu.cn/../info/1036/11886.htm,0,
"质量办
             ",关于做好2021年课程考核专项检查整改工作的通知,2022-03-10,https://jwch.fzu.edu.cn/../info/1040/11884.htm,1023,附件：福州大学课程考核专项检查整改情况汇总表.docx
"教学运行
             ",关于2021-2022学年第二学期重修选课的通知,2022-03-08,https://jwch.fzu.edu.cn/../info/1036/11883.htm,0,
"实践科
             ",关于举办福州大学第六届网络信息安全竞赛的通知,2022-03-04,https://jwch.fzu.edu.cn/../info/1039/11877.htm,0,
"计划科
             ",关于公布2021-2022学年第二学期通选课取消开课名单的通知,2022-02-28,https://jwch.fzu.edu.cn/../info/1038/11876.htm,0,
"实践科
             ",关于举办福州大学第十三届企业经营模拟沙盘对抗赛的通知,2022-02-24,https://jwch.fzu.edu.cn/../info/1039/11872.htm,0,
"实践科
             ",关于对2021年学院教学有关数据进行统计的通知,2022-02-24,https://jwch.fzu.edu.cn/../info/1039/11871.htm,2502,附件1福州大学本科教学业绩奖励指标解释.zip附件1福州大学本科教学业绩奖励指标解释.zip
"综合科
             ",关于组织参加教育部高教司2022年全国高教处长视频会议的通知,2022-02-22,https://jwch.fzu.edu.cn/../info/1035/11863.htm,0,
"质量办
             ",关于开学第一周集中听课的通知,2022-02-22,https://jwch.fzu.edu.cn/../info/1040/11861.htm,1816,2021—2022第二学期第一周课表20220221.xlsx2021—2022第二学期第一周课表20220221.xlsx
"教学运行
             ",关于2022届预计毕业生核对电子注册学历照片的通知,2022-02-21,https://jwch.fzu.edu.cn/../info/1036/11859.htm,0,
"教学运行
             ",关于2022年春季学期公共教学楼教室实行错峰下课的通知,2022-02-20,https://jwch.fzu.edu.cn/../info/1036/11857.htm,0,
"计划科
             ",关于规范铜盘校区学生往返旗山校区进行实验实习教学活动用车的通知,2022-02-20,https://jwch.fzu.edu.cn/../info/1038/11856.htm,0,
"计划科
             ",关于2021-2022学年第二学期港澳台侨学生思政课和军事课程退选替代的通知,2022-02-18,https://jwch.fzu.edu.cn/../info/1038/11855.htm,1279,2021-2022学年第二学期国情课列表.docx
"计划科
             ",关于2021-2022学年第二学期通识教育选修课选课的通知,2022-02-18,https://jwch.fzu.edu.cn/../info/1038/11854.htm,2361,爱课程学生注册与选课指南.doc
"教学运行
             ",关于2021-2022第二学期学期选课、辅修选课补退选的通知,2022-02-18,https://jwch.fzu.edu.cn/../info/1036/11852.htm,0,
"实践科
             ",关于印发本科生创新创业实践与素质拓展学分认定管理实施办法的通知,2022-01-11,https://jwch.fzu.edu.cn/../info/1039/11841.htm,7044,附件：福州大学本科生创新创业实践与素质拓展学分认定管理实施办法(2021级).doc
"综合科
             ",教务处关于2022年寒假用印安排的通知,2022-01-11,https://jwch.fzu.edu.cn/../info/1035/11837.htm,0,
"实践科
             ",关于公布大学生学科竞赛项目级别认定结果的通知,2022-01-10,https://jwch.fzu.edu.cn/../info/1039/11833.htm,13312,附件1：福州大学大学生学科竞赛级别直接认定项目汇总表（2022年1月版）.doc附件1：福州大学大学生学科竞赛级别直接认定项目汇总表（2022年1月版）.doc
"教学运行
             ",关于2021-2022学年第二学期《大学物理实验》课程安排的通知,2022-01-10,https://jwch.fzu.edu.cn/../info/1036/11832.htm,3614,2022大物实验上课表v6 - 2022.1.6.xlsx2022大物实验上课表v6 - 2022.1.6.xlsx
"实践科
             ",关于第十二届全国大学生电子商务“三创赛”福州大学校赛比赛的通知,2022-01-06,https://jwch.fzu.edu.cn/../info/1039/11822.htm,1083,附件下载.zip
"实践科
             ",关于举办福州大学第八届桥梁设计大赛的通知,2022-01-04,https://jwch.fzu.edu.cn/../info/1039/11820.htm,1688,附件2：福州大学第八届桥梁设计大赛报名表.doc附件2：福州大学第八届桥梁设计大赛报名表.doc
"教学运行
             ",关于做好期末复习考试及下学期开学等工作的通知,2022-01-04,https://jwch.fzu.edu.cn/../info/1036/11819.htm,0,
"教学运行
             ",关于2021-2022学年第二学期辅修专业选课的通知,2022-01-04,https://jwch.fzu.edu.cn/../info/1036/11818.htm,0,
"综合科
             ",关于启用火车票自助取票机的通知,2021-12-31,https://jwch.fzu.edu.cn/../info/1035/11816.htm,0,
"计划科
             ",关于核对2021-2022学年第二学期通识教育选修课开课信息的有关通知,2021-12-31,https://jwch.fzu.edu.cn/../info/1038/11792.htm,0,
"教学运行
             ",关于2022年元旦放假课程调整的通知,2021-12-29,https://jwch.fzu.edu.cn/../info/1036/11789.htm,0,
"教学运行
             ",关于2021-2022学年第一学期《高等数学A（上）》《高等数学B（上）》、《高等数学C（上）》、《高等数学D》课程期末考试安排的通知,2021-12-29,https://jwch.fzu.edu.cn/../info/1036/11788.htm,2042,2101 高数C、D期末考试 1.10下午.xlsx2101 高数C、D期末考试 1.10下午.xlsx
"教学运行
             ",关于2021-2022学年第一学期《大学英语（一）》《大学英语（二）》、《大学英语（三）》课程期末考试安排的通知,2021-12-29,https://jwch.fzu.edu.cn/../info/1036/11787.htm,1000,2101大学英语一、二、三期末考试 1.10上午.xlsx
"教学运行
             ",关于2021-2022学年第一学期《工程制图A》、《工程制图C》、《工程制图D》课程期末考试安排的通知,2021-12-29,https://jwch.fzu.edu.cn/../info/1036/11786.htm,893,2101 制图A、C、D期末考试 1.9下午.xlsx
"教学运行
             ",关于2021-2022学年第一学期《大学英语（四）》课程期末考试安排的通知,2021-12-29,https://jwch.fzu.edu.cn/../info/1036/11785.htm,847,2101英语四课期末考试 1.9上午.xlsx
"教学运行
             ",关于2021-2022学年第一学期《大学物理A(下）》、《大学物理B(下）》课期末考试安排的通知,2021-12-29,https://jwch.fzu.edu.cn/../info/1036/11784.htm,883,2101大物课期末考试 1.8下午.xlsx
"教学运行
             ",关于2021-2022学年第一学期《概率论与数理统计》课期末考试安排的通知,2021-12-29,https://jwch.fzu.edu.cn/../info/1036/11783.htm,838,2101概率课期末考试 1.8上午.xlsx
"综合科
             ",关于召开2021-2022学年秋季学期期末本科教学工作会议的通知,2021-12-28,https://jwch.fzu.edu.cn/../info/1035/11782.htm,0,
"教学运行
             ",关于2021-2022学年第二学期学生学期选课的通知,2021-12-20,https://jwch.fzu.edu.cn/../info/1036/11767.htm,0,
"教学运行
             ",关于2021-2022学年第一学期《线性代数》《线性代数与解析几何》课期末考试安排的通知,2021-12-20,https://jwch.fzu.edu.cn/../info/1036/11765.htm,1179,2101线性代数、线代与解几期末考试 1.2下午.xlsx
"教学运行
             ",关于2021-2022学年第一学期计算机语言类课程期末考试安排的通知,2021-12-20,https://jwch.fzu.edu.cn/../info/1036/11764.htm,1005,2101计算机语言课程期末考试 1.2上午.xlsx
"实践科
             ",关于转发福建省教育厅《关于印发<福建省本科毕业论文（设计）抽检实施细则（试行）>的通知》的通知,2021-12-15,https://jwch.fzu.edu.cn/../info/1039/11763.htm,1193,闽教高〔2021〕45号__福建省教育厅关于印发《福建省本科毕业论文（设计）抽检实施细则（试行）》的通知.doc
"质量办
             ",关于做好本科专业课教师信息核对工作的通知,2021-12-15,https://jwch.fzu.edu.cn/../info/1040/11762.htm,960,附件.rar
"质量办
             ",关于召开2020—2021学年本科教育质量监测数据及本科高校专业课教师信息梳理核对会议的紧急通知,2021-12-14,https://jwch.fzu.edu.cn/../info/1040/11751.htm,0,
"教学运行
             ",福州大学关于印发课程安排管理办法的通知,2021-12-13,https://jwch.fzu.edu.cn/../info/1036/11741.htm,0,
"教材中心
             ",关于开展26种马工程重点教材任课教师培训的通知,2021-12-10,https://jwch.fzu.edu.cn/../info/1042/11731.htm,4156,附件1：关于开展26种马工程重点教材任课教师培训的通知1.pdf附件1：关于开展26种马工程重点教材任课教师培训的通知1.pdf附件1：关于开展26种马工程重点教材任课教师培训的通知1.pdf附件1：关于开展26种马工程重点教材任课教师培训的通知1.pdf
"质量办
             ",关于开展福州大学2021年教师教学创新大赛的通知,2021-12-08,https://jwch.fzu.edu.cn/../info/1040/11728.htm,1500,附件.rar
"实践科
             ",关于做好国家、省级大学生创新创业训练计划项目结题工作的通知,2021-12-08,https://jwch.fzu.edu.cn/../info/1039/11725.htm,972,省级以上项目结题附件下载.zip
